last_evaluation,number_project,average_montly_hours,time_spend_company,Work_accident,left,promotion_last_5years,sales,salary
0.59,2,91,2,0,1,0,sales,low
0.84,5,254,6,0,1,0,sales,medium
0.96,7,203,3,0,1,0,sales,medium
1.0,5,186,6,0,1,0,sales,low
0.49,3,138,2,0,1,0,sales,low
0.47,1,158,4,0,1,0,sales,low
0.96,5,283,4,0,1,0,sales,low
0.94,6,283,6,0,1,0,sales,low
0.94,5,183,4,0,1,0,sales,low
0.6,1,129,1,0,1,0,sales,low
0.48,2,138,1,0,1,0,sales,low
0.75,6,296,7,0,1,0,sales,low
0.95,5,225,4,0,1,0,sales,low
0.32,3,88,4,0,1,0,sales,low
0.35,3,97,2,0,1,0,sales,low
0.47,3,129,3,0,1,0,sales,low
0.35,3,52,3,0,1,0,sales,low
1.0,3,277,9,0,1,0,sales,low
0.4,2,112,3,1,1,1,sales,low
0.72,4,286,4,0,1,0,sales,low
1.0,6,303,4,0,1,0,sales,low
0.52,3,128,2,0,1,0,sales,low
0.96,6,339,4,0,1,0,sales,low
0.4,3,165,3,0,1,0,sales,low
0.46,1,147,2,0,1,0,sales,low
0.93,5,227,6,0,1,0,sales,low
0.73,3,277,5,0,1,0,sales,low
0.54,2,143,4,0,1,0,sales,low
0.39,3,165,5,0,1,0,accounting,low
0.47,2,50,2,0,1,0,accounting,low
0.55,6,297,4,0,1,0,accounting,low
0.79,1,79,2,0,1,0,hr,low
0.51,1,144,4,0,1,0,hr,low
0.42,2,165,2,0,1,0,hr,low
0.97,6,307,6,0,1,0,hr,low
0.79,5,222,5,0,1,0,technical,low
0.49,3,119,2,0,1,0,technical,low
0.27,2,123,3,0,1,0,technical,low
0.73,5,272,5,0,1,0,technical,low
0.56,1,186,4,0,1,0,technical,low
0.97,5,267,6,0,1,0,technical,low
0.5,2,162,3,0,1,0,technical,low
0.45,1,149,2,0,1,0,technical,low
0.76,6,278,3,0,1,0,technical,low
0.71,5,247,3,0,1,0,technical,low
0.65,3,180,5,0,1,0,technical,low
0.49,2,117,3,0,1,0,support,low
0.83,3,277,5,0,1,0,support,low
0.58,2,183,3,0,1,0,support,low
0.26,3,106,3,0,1,0,support,low
0.82,6,98,2,0,1,0,support,low
0.5,2,137,2,0,1,0,support,low
0.47,3,107,5,0,1,0,support,low
0.61,1,133,2,0,1,0,support,low
1.0,7,318,5,0,1,0,support,low
0.57,2,65,3,0,1,0,support,low
0.84,6,279,2,0,1,0,support,low
0.77,6,268,3,0,1,0,technical,low
0.58,1,127,4,0,1,0,technical,low
1.0,6,202,5,0,1,0,technical,low
0.85,4,207,4,0,1,0,management,medium
0.91,8,367,4,0,1,0,IT,medium
0.82,6,255,4,0,1,0,IT,medium
0.42,2,164,3,0,1,0,IT,medium
1.0,6,291,7,0,1,0,IT,medium
0.86,6,183,4,0,1,0,IT,medium
0.53,3,168,4,0,1,0,product_mng,medium
1.0,5,273,6,0,1,0,product_mng,medium
0.9,6,262,4,1,1,0,product_mng,medium
0.42,2,140,4,0,1,0,product_mng,medium
1.0,2,357,2,0,1,0,IT,medium
0.95,4,309,4,0,1,0,product_mng,medium
0.49,2,109,5,0,1,0,product_mng,high
1.0,8,289,4,0,1,0,product_mng,low
0.66,7,291,5,0,1,0,product_mng,medium
0.89,7,308,4,0,1,0,product_mng,medium
0.84,5,319,3,0,1,0,product_mng,medium
0.5,1,165,3,0,1,0,marketing,medium
0.57,3,109,2,0,1,0,sales,low
0.32,1,187,4,0,1,0,accounting,low
0.51,2,123,4,0,1,0,support,low
0.53,2,130,3,0,1,0,technical,low
0.77,4,118,4,0,1,1,management,low
0.79,4,277,6,0,1,0,marketing,low
0.67,6,282,5,0,1,0,marketing,low
0.81,4,282,7,0,1,0,marketing,low
0.95,5,217,6,0,1,0,sales,low
0.49,1,69,3,0,1,0,sales,low
0.51,3,101,3,0,1,0,sales,low
0.85,6,248,3,0,1,0,sales,low
0.51,1,121,4,0,1,0,sales,low
1.0,4,269,5,0,1,0,sales,low
0.4,2,162,2,0,1,0,sales,low
0.51,3,173,4,0,1,0,sales,low
0.78,6,291,4,0,1,0,sales,low
0.33,2,137,2,0,1,0,sales,low
0.81,7,266,4,0,1,0,sales,low
0.87,6,278,4,0,1,0,sales,low
0.97,7,209,4,0,1,0,sales,low
0.97,6,178,8,0,1,0,sales,medium
0.35,1,148,2,0,1,0,sales,medium
0.47,3,141,4,0,1,0,sales,medium
0.42,1,168,2,0,1,0,sales,medium
0.84,8,283,3,0,1,0,sales,medium
0.5,1,96,3,0,1,0,sales,medium
0.51,8,242,8,0,1,0,accounting,medium
1.0,6,263,6,0,1,0,accounting,medium
0.52,2,170,3,0,1,0,accounting,medium
0.9,3,214,3,0,1,0,hr,medium
0.48,3,150,3,0,1,0,hr,medium
0.24,2,188,1,0,1,0,hr,medium
0.85,8,258,6,0,1,0,hr,high
0.53,2,127,3,0,1,0,technical,low
1.0,4,273,5,0,1,0,technical,medium
0.98,5,221,5,0,1,0,technical,medium
0.52,1,146,5,0,1,0,technical,medium
0.68,4,333,2,0,1,0,technical,medium
0.7,6,265,4,0,1,0,technical,low
0.71,2,140,5,0,1,0,technical,low
0.55,1,102,3,0,1,0,technical,low
0.71,6,99,2,1,1,0,technical,low
0.35,1,132,1,0,1,0,technical,low
1.0,4,253,6,0,1,0,technical,low
0.67,7,289,5,1,1,0,support,low
0.56,3,152,4,0,1,0,support,low
1.0,6,310,3,0,1,0,support,low
0.37,2,181,3,0,1,0,support,low
0.82,3,198,4,0,1,0,support,low
0.83,6,256,5,0,1,0,support,low
0.39,2,98,4,0,1,0,support,low
0.64,5,270,6,0,1,0,support,low
0.58,2,130,3,0,1,0,support,low
0.87,4,191,7,0,1,0,support,low
0.57,1,147,2,0,1,0,support,low
0.39,2,199,3,0,1,0,technical,low
1.0,7,186,4,0,1,0,technical,low
0.75,8,292,5,1,1,0,technical,low
0.44,2,156,3,0,1,0,management,low
1.0,5,224,2,0,1,0,IT,low
0.72,5,308,6,0,1,0,IT,low
0.99,7,190,5,0,1,0,IT,low
0.69,2,187,2,0,1,0,IT,low
0.61,5,273,4,0,1,0,IT,low
0.49,1,126,1,0,1,0,product_mng,low
1.0,4,260,4,0,1,0,product_mng,low
0.55,2,111,5,0,1,0,product_mng,low
0.77,3,201,4,0,1,0,product_mng,low
0.71,5,250,4,0,1,0,IT,low
0.94,4,290,4,1,1,0,marketing,low
0.54,3,189,3,0,1,0,marketing,low
0.94,6,202,5,0,1,0,marketing,low
0.6,3,218,4,0,1,0,marketing,low
0.44,2,143,3,0,1,0,marketing,low
0.55,1,165,4,0,1,0,marketing,low
0.52,3,109,2,0,1,0,sales,low
0.71,5,350,3,0,1,0,accounting,low
1.0,5,247,4,0,1,0,support,low
0.98,6,345,3,0,1,0,technical,low
0.36,3,179,3,0,1,0,management,low
0.53,1,179,3,0,1,0,marketing,low
0.83,7,278,4,0,1,0,marketing,low
1.0,4,236,4,0,1,0,marketing,low
0.65,2,126,3,0,1,0,sales,low
0.79,2,270,6,0,1,0,sales,low
1.0,7,272,6,0,1,0,sales,low
0.89,7,333,2,0,1,0,sales,low
0.65,1,168,3,0,1,0,sales,low
0.77,4,72,4,0,1,0,sales,low
0.47,2,182,5,0,1,0,sales,low
0.48,3,191,3,0,1,0,sales,low
0.88,2,246,7,0,1,0,sales,low
0.36,2,172,3,0,1,1,sales,low
0.77,9,274,4,0,1,0,sales,low
0.92,5,306,4,0,1,0,sales,low
0.56,2,261,4,0,1,0,sales,low
0.84,6,181,2,0,1,0,sales,low
0.48,3,150,4,0,1,0,sales,low
0.67,2,125,3,0,1,0,sales,medium
0.48,2,134,4,0,1,0,sales,medium
1.0,6,403,6,0,1,0,sales,medium
0.54,3,122,3,0,1,0,sales,medium
0.74,6,252,5,0,1,0,accounting,medium
0.86,3,234,6,0,1,0,accounting,medium
0.86,6,265,5,0,1,0,accounting,medium
0.52,1,170,3,0,1,0,hr,medium
0.55,2,152,3,0,1,0,hr,medium
0.91,6,297,4,0,1,0,hr,medium
0.45,3,179,2,0,1,0,hr,medium
0.45,3,180,4,0,1,0,technical,medium
0.33,2,150,5,0,1,0,technical,high
0.75,7,229,6,0,1,0,technical,low
0.97,3,255,7,1,1,0,technical,medium
0.94,2,238,6,0,1,0,technical,medium
0.67,6,250,4,0,1,0,technical,medium
0.97,5,259,6,0,1,0,technical,medium
0.85,6,330,3,0,1,0,technical,low
0.43,7,290,3,0,1,0,technical,low
0.93,6,279,3,0,1,0,technical,low
0.9,7,242,4,0,1,0,technical,low
0.8,6,263,5,0,1,0,support,low
0.86,6,280,6,0,1,0,support,low
0.57,3,144,3,0,1,0,support,low
1.0,6,126,6,0,1,0,support,low
1.0,5,255,4,0,1,0,support,low
0.73,6,246,4,0,1,0,support,low
0.39,2,131,3,0,1,0,support,low
1.0,6,254,4,0,1,0,support,low
0.93,4,253,5,0,1,0,support,low
0.56,2,143,5,0,1,0,support,low
0.98,4,189,5,0,1,0,support,low
0.53,2,120,3,0,1,0,technical,low
0.64,5,278,2,0,1,0,technical,low
1.0,5,222,4,0,1,0,technical,low
0.54,3,131,3,0,1,0,management,low
0.49,3,176,3,0,1,0,IT,low
0.6,2,137,1,0,1,0,IT,low
0.39,3,203,2,0,1,0,IT,low
0.95,4,212,6,0,1,0,IT,low
0.47,2,206,3,0,1,0,IT,low
0.88,5,296,5,0,1,0,product_mng,low
1.0,7,283,4,0,1,0,product_mng,low
0.28,2,175,3,0,1,0,product_mng,low
0.59,3,139,4,0,1,0,product_mng,low
0.71,4,287,5,0,1,0,IT,low
0.5,1,143,4,0,1,0,accounting,low
1.0,4,213,6,0,1,0,accounting,low
0.47,2,50,3,0,1,0,hr,low
0.41,2,140,3,0,1,0,hr,low
0.86,5,246,4,0,1,0,hr,low
1.0,5,286,6,0,1,0,marketing,low
0.38,2,160,4,0,1,0,marketing,low
1.0,5,290,6,0,1,0,sales,low
0.84,6,228,4,0,1,0,accounting,low
0.48,2,122,3,0,1,0,support,low
0.83,4,307,3,0,1,0,technical,low
0.93,5,169,5,0,1,0,management,low
0.29,2,151,5,0,1,0,marketing,low
0.47,4,121,2,0,1,0,marketing,low
0.45,2,194,3,0,1,0,marketing,low
1.0,7,236,4,0,1,0,sales,low
0.78,9,307,4,0,1,0,sales,low
0.45,2,188,3,0,1,0,sales,low
0.59,3,104,4,0,1,0,sales,low
0.6,3,123,2,0,1,0,sales,low
0.72,6,260,6,0,1,0,sales,low
0.42,2,188,3,0,1,0,sales,low
0.42,1,183,1,0,1,0,sales,low
0.41,2,140,3,0,1,0,sales,low
1.0,3,191,5,0,1,0,sales,low
0.89,6,334,3,0,1,0,sales,low
0.72,4,259,5,0,1,0,sales,low
1.0,5,197,5,0,1,0,sales,low
0.84,7,138,2,0,1,0,sales,low
1.0,4,263,5,0,1,0,sales,low
0.74,2,213,3,0,1,0,sales,low
0.39,1,221,2,0,1,0,sales,medium
0.96,6,233,3,1,1,0,sales,medium
0.46,3,156,3,0,1,0,sales,medium
0.93,6,238,5,1,1,0,accounting,medium
0.93,5,262,3,0,1,0,accounting,medium
0.35,1,76,2,0,1,0,accounting,medium
0.96,4,270,5,0,1,0,hr,medium
0.17,3,105,3,0,1,0,hr,medium
0.66,7,264,3,0,1,0,hr,medium
0.47,1,135,5,0,1,0,hr,medium
0.78,4,260,5,0,1,0,technical,medium
1.0,8,341,4,0,1,0,technical,medium
0.36,2,110,3,0,1,0,technical,high
0.51,3,140,4,0,1,0,technical,low
0.88,7,81,7,0,1,0,technical,medium
0.68,1,120,1,0,1,0,technical,medium
0.67,6,265,3,0,1,0,technical,medium
1.0,5,253,5,0,1,0,technical,medium
0.96,6,311,4,0,1,0,technical,low
0.78,7,248,5,0,1,0,technical,low
1.0,5,192,5,0,1,0,technical,low
0.99,3,278,4,1,1,0,support,low
0.82,4,222,8,0,1,0,support,low
0.79,4,258,4,0,1,0,support,low
0.76,4,213,3,1,1,0,support,low
0.99,6,245,3,0,1,0,support,low
0.64,3,307,3,0,1,0,support,low
1.0,4,259,5,0,1,0,support,low
0.78,7,349,4,1,1,0,support,low
0.73,3,172,4,0,1,0,support,low
0.33,1,167,3,0,1,0,support,low
0.81,5,300,4,0,1,0,support,low
0.86,6,221,2,0,1,1,technical,low
0.94,7,204,6,0,1,0,technical,low
0.41,3,114,3,0,1,0,technical,low
0.44,2,118,3,0,1,0,management,low
0.78,4,230,4,0,1,0,IT,low
0.42,3,169,3,0,1,0,IT,low
1.0,6,318,3,1,1,0,IT,low
0.97,5,294,3,0,1,0,IT,medium
0.43,1,135,2,0,1,0,IT,medium
0.66,2,165,3,0,1,0,product_mng,medium
0.56,1,159,3,0,1,0,product_mng,medium
0.58,2,145,2,0,1,0,product_mng,medium
0.92,3,294,4,0,1,0,product_mng,medium
0.45,2,179,3,0,1,0,IT,medium
0.93,1,232,5,0,1,0,RandD,medium
0.86,8,246,4,0,1,0,RandD,medium
0.62,2,127,3,0,1,0,RandD,medium
0.87,5,330,4,0,1,0,RandD,medium
0.48,2,123,4,0,1,0,RandD,medium
0.61,1,115,2,0,1,0,marketing,high
0.74,5,302,5,0,1,0,sales,low
0.55,3,162,4,0,1,0,accounting,medium
0.92,3,282,6,0,1,0,support,medium
0.9,7,297,3,0,1,0,technical,medium
1.0,7,333,3,0,1,0,management,medium
0.64,2,109,4,0,1,0,marketing,low
0.59,3,118,4,0,1,0,marketing,low
0.97,5,250,3,0,1,0,marketing,low
0.86,3,283,3,0,1,0,sales,low
0.55,1,145,3,0,1,0,sales,low
0.42,3,116,1,0,1,0,sales,low
0.98,6,242,3,0,1,0,sales,low
0.44,2,195,3,0,1,0,sales,low
0.55,2,191,3,1,1,0,sales,low
0.91,6,273,7,0,1,0,sales,low
0.37,2,253,3,0,1,0,sales,low
1.0,9,340,3,0,1,0,sales,low
0.33,2,92,4,0,1,0,sales,low
0.37,2,161,3,0,1,0,sales,low
0.66,2,142,3,0,1,0,sales,low
1.0,5,253,6,0,1,0,sales,low
0.92,5,291,4,0,1,0,sales,low
0.56,2,143,4,0,1,0,sales,low
0.57,3,125,5,0,1,0,sales,low
0.74,6,285,3,0,1,0,sales,low
0.99,5,202,4,0,1,0,sales,low
0.44,3,172,1,0,1,0,sales,medium
0.93,5,255,3,0,1,0,accounting,medium
0.45,1,216,4,0,1,0,accounting,medium
0.77,4,256,5,0,1,0,accounting,medium
0.47,1,186,2,0,1,0,hr,medium
0.55,2,79,3,0,1,0,hr,medium
0.84,6,272,5,0,1,0,hr,medium
0.79,7,343,4,0,1,0,hr,medium
0.5,3,187,5,0,1,0,technical,medium
1.0,4,179,6,0,1,0,technical,medium
0.5,3,118,4,0,1,0,technical,medium
0.46,3,175,3,0,1,0,technical,medium
0.89,6,283,6,0,1,0,technical,high
0.83,5,263,6,0,1,0,technical,low
0.63,6,269,4,0,1,0,technical,medium
0.75,8,318,5,0,1,0,technical,medium
0.43,1,240,2,0,1,0,technical,medium
0.84,5,308,5,0,1,0,technical,medium
1.0,3,235,7,0,1,0,technical,low
1.0,3,264,6,0,1,0,support,low
0.55,2,180,4,0,1,0,support,low
0.88,6,248,6,0,1,0,support,low
0.45,3,99,4,0,1,0,support,low
0.55,2,133,2,0,1,0,support,low
0.51,1,114,5,0,1,0,support,low
0.66,6,229,6,0,1,0,support,low
0.81,5,297,5,0,1,0,support,low
0.93,5,269,4,0,1,0,support,low
1.0,3,239,6,0,1,0,support,low
0.53,2,173,5,0,1,0,support,low
1.0,5,299,5,0,1,0,technical,low
0.58,3,169,4,1,1,0,technical,low
0.82,3,220,5,0,1,0,technical,low
0.86,6,269,2,0,1,0,management,low
0.56,4,135,2,0,1,0,IT,low
0.87,4,210,5,0,1,0,IT,low
0.73,6,234,5,0,1,0,IT,low
0.45,1,156,4,0,1,0,IT,low
0.57,1,142,4,0,1,0,IT,low
0.65,3,160,6,0,1,0,product_mng,medium
0.68,2,170,4,0,1,0,product_mng,medium
1.0,5,306,5,0,1,0,product_mng,medium
0.9,4,235,5,0,1,0,product_mng,medium
0.81,4,318,4,0,1,0,IT,medium
0.58,3,184,2,0,1,0,accounting,medium
0.82,5,227,3,0,1,0,accounting,medium
0.83,5,235,5,0,1,0,hr,medium
0.35,1,146,2,0,1,0,hr,medium
0.39,2,219,2,0,1,0,hr,medium
0.23,3,148,5,0,1,0,marketing,medium
0.45,1,175,2,0,1,0,sales,medium
0.39,1,147,3,0,1,0,accounting,high
0.92,6,239,4,0,1,0,support,low
0.97,7,252,6,0,1,0,technical,medium
1.0,5,285,4,0,1,0,management,medium
0.61,3,184,2,0,1,0,marketing,medium
0.5,2,143,3,1,1,0,marketing,medium
0.89,5,222,6,0,1,0,marketing,low
0.61,1,154,2,0,1,0,sales,low
0.84,5,244,5,0,1,0,sales,low
1.0,7,274,5,0,1,0,sales,low
0.7,2,89,3,0,1,0,sales,low
0.4,2,136,2,0,1,0,sales,low
0.36,1,147,3,0,1,0,sales,low
0.95,7,331,5,0,1,0,sales,low
0.82,4,260,6,0,1,0,sales,low
1.0,5,238,5,0,1,0,sales,low
0.81,4,197,6,0,1,0,sales,low
0.85,4,284,5,0,1,0,sales,low
1.0,6,306,5,0,1,0,sales,low
0.94,4,241,6,0,1,0,sales,low
0.82,7,199,4,0,1,0,sales,low
0.57,4,212,2,0,1,0,sales,low
0.86,5,222,5,0,1,0,sales,low
0.92,6,291,4,0,1,0,sales,low
0.93,4,256,5,0,1,0,sales,low
1.0,4,181,4,0,1,0,sales,low
0.54,7,232,4,0,1,0,accounting,low
0.86,4,233,6,0,1,0,accounting,medium
0.35,3,120,2,0,1,0,accounting,medium
0.69,2,176,4,0,1,0,hr,medium
1.0,5,260,2,0,1,0,hr,medium
0.39,1,193,4,0,1,0,hr,medium
1.0,5,228,6,0,1,0,hr,medium
0.91,5,295,5,0,1,0,technical,medium
0.67,3,179,2,0,1,0,technical,medium
0.86,4,214,5,0,1,0,technical,medium
1.0,6,257,3,0,1,0,technical,medium
1.0,7,288,6,0,1,0,technical,medium
0.97,5,212,5,0,1,0,technical,medium
0.58,3,135,2,0,1,0,technical,high
0.54,1,181,1,0,1,0,technical,low
0.67,2,98,2,0,1,0,technical,medium
0.8,3,215,6,0,1,0,technical,medium
0.68,3,136,5,0,1,0,technical,medium
0.58,2,219,3,0,1,0,support,medium
0.31,2,143,3,1,1,0,support,low
0.51,6,186,6,0,1,0,support,low
0.33,1,162,3,0,1,0,support,low
0.48,3,158,4,0,1,0,support,low
0.93,3,242,6,0,1,0,support,low
1.0,6,291,5,0,1,0,support,low
0.48,1,129,2,0,1,0,support,low
1.0,5,236,5,0,1,0,support,low
0.36,2,146,4,0,1,0,support,low
0.7,6,249,6,0,1,0,support,low
0.51,2,101,5,0,1,0,technical,low
0.53,3,230,1,0,1,0,technical,low
0.78,2,177,5,0,1,0,technical,low
0.75,5,185,5,0,1,0,management,low
0.97,6,158,5,0,1,0,IT,low
0.38,2,103,3,0,1,0,IT,low
1.0,5,307,5,0,1,0,IT,low
0.5,2,160,3,0,1,0,IT,low
0.73,5,294,5,0,1,0,IT,low
0.42,1,138,4,0,1,0,product_mng,low
0.79,6,207,5,0,1,0,product_mng,low
0.89,5,212,5,0,1,0,product_mng,medium
1.0,7,213,5,0,1,0,product_mng,medium
0.75,6,272,4,0,1,0,IT,medium
0.6,2,192,5,0,1,0,RandD,medium
0.91,8,227,3,1,1,0,RandD,medium
0.43,3,148,4,0,1,0,RandD,medium
0.92,6,250,6,0,1,0,RandD,medium
0.88,4,217,4,0,1,0,RandD,medium
0.41,2,107,3,0,1,0,marketing,medium
0.34,1,174,4,0,1,0,sales,medium
0.73,2,103,3,0,1,0,accounting,medium
0.5,1,135,4,0,1,0,support,medium
0.45,4,326,6,0,1,0,technical,high
0.88,5,307,4,0,1,0,management,low
0.97,6,237,4,0,1,0,marketing,medium
0.51,2,181,3,0,1,0,marketing,medium
0.55,3,132,2,0,1,0,marketing,medium
1.0,7,328,1,0,1,0,sales,medium
0.86,4,173,4,0,1,0,sales,low
0.45,1,154,5,0,1,0,sales,low
0.82,5,187,4,0,1,0,sales,low
0.25,2,155,3,0,1,0,sales,low
0.67,4,258,6,0,1,0,sales,low
0.72,3,197,3,0,1,0,sales,low
1.0,6,267,5,0,1,0,sales,low
0.54,1,116,4,0,1,0,sales,low
0.94,5,257,4,0,1,0,sales,low
0.83,6,288,4,0,1,0,sales,low
1.0,6,207,6,0,1,0,sales,low
1.0,8,276,4,0,1,0,sales,low
0.47,1,197,2,0,1,0,sales,low
0.68,6,245,2,0,1,0,sales,low
0.68,4,226,7,0,1,0,sales,low
0.56,1,132,3,1,1,0,sales,low
0.43,2,255,4,0,1,0,sales,low
0.78,5,193,2,0,1,0,sales,low
0.41,2,175,2,0,1,0,accounting,low
0.87,3,219,4,0,1,0,accounting,low
1.0,9,305,5,0,1,0,accounting,low
0.99,4,223,4,0,1,0,hr,medium
0.56,4,294,7,0,1,0,hr,medium
0.69,1,100,3,0,1,0,hr,medium
0.84,6,257,5,0,1,0,hr,medium
0.84,6,305,2,0,1,0,technical,medium
1.0,3,237,5,0,1,0,technical,medium
1.0,3,261,6,0,1,0,technical,medium
0.7,7,271,3,0,1,0,technical,medium
0.47,9,296,5,0,1,0,technical,medium
0.38,2,50,2,0,1,0,technical,medium
0.78,3,166,4,0,1,0,technical,medium
0.95,5,200,6,0,1,0,technical,medium
0.8,5,169,5,0,1,0,technical,high
0.7,8,271,6,0,1,0,technical,low
0.58,3,202,1,0,1,0,technical,medium
0.75,5,224,5,0,1,0,support,medium
0.91,5,272,7,0,1,0,support,medium
0.91,4,292,6,0,1,0,support,medium
0.44,2,147,2,0,1,0,support,low
0.56,2,141,3,0,1,0,support,low
0.47,2,169,2,0,1,0,support,low
0.51,3,202,4,0,1,0,support,low
0.84,3,194,3,0,1,0,support,low
0.93,7,279,4,0,1,0,support,low
0.78,6,389,4,0,1,0,support,low
0.89,4,249,4,0,1,0,support,low
1.0,5,193,6,1,1,0,technical,low
0.95,8,252,4,0,1,0,technical,low
0.74,7,362,2,0,1,0,technical,low
0.55,3,118,2,0,1,0,management,low
0.6,3,190,3,0,1,0,IT,low
0.74,4,224,4,0,1,0,IT,low
1.0,4,229,5,0,1,0,IT,low
0.87,6,295,4,0,1,0,IT,low
0.89,2,208,5,0,1,0,IT,low
0.9,4,199,5,0,1,0,product_mng,low
0.34,2,178,3,0,1,0,product_mng,low
0.25,3,194,4,1,1,0,product_mng,low
0.91,7,215,3,0,1,0,product_mng,low
0.83,6,307,4,0,1,0,IT,medium
0.46,1,141,4,0,1,0,accounting,medium
0.64,3,141,1,0,1,0,accounting,medium
0.34,3,120,3,1,1,0,hr,medium
0.83,7,201,4,0,1,0,hr,medium
0.36,3,190,1,0,1,0,hr,medium
0.77,4,281,5,1,1,0,marketing,medium
0.57,2,152,3,0,1,0,sales,medium
0.75,8,288,4,0,1,0,accounting,medium
0.4,3,133,3,1,1,0,support,medium
1.0,4,171,5,1,1,0,technical,medium
0.87,7,256,5,0,1,0,management,medium
0.64,2,156,4,0,1,0,marketing,high
0.73,3,259,4,0,1,0,marketing,low
0.97,3,233,4,0,1,0,marketing,medium
1.0,5,242,6,0,1,0,sales,medium
0.19,1,105,2,0,1,0,sales,medium
0.9,4,219,4,0,1,0,sales,medium
0.54,2,143,3,0,1,0,sales,low
0.48,2,165,4,0,1,0,sales,low
0.86,4,318,6,0,1,0,sales,low
0.4,1,130,3,0,1,0,sales,low
0.97,6,261,3,0,1,0,sales,low
0.97,3,255,4,0,1,0,sales,low
0.99,5,318,7,0,1,0,sales,low
1.0,3,224,6,0,1,0,sales,low
0.57,2,181,4,0,1,0,sales,low
0.85,8,328,4,0,1,0,sales,low
0.42,1,128,2,1,1,0,sales,low
0.52,3,133,2,0,1,0,sales,low
0.6,3,156,2,0,1,0,sales,low
0.75,4,308,5,0,1,0,sales,low
0.89,6,303,4,0,1,0,sales,low
0.78,1,203,4,0,1,0,sales,low
0.67,2,166,3,0,1,0,accounting,low
0.73,7,249,4,0,1,0,accounting,low
0.67,1,159,2,0,1,0,accounting,low
0.53,5,302,4,0,1,0,hr,low
0.55,7,354,3,0,1,0,hr,low
0.85,5,275,4,0,1,0,hr,medium
0.29,3,120,3,0,1,0,hr,medium
0.42,2,166,6,0,1,0,technical,medium
0.52,1,156,2,0,1,0,technical,medium
1.0,2,369,6,0,1,0,technical,medium
1.0,7,235,5,0,1,0,technical,medium
0.44,2,164,3,0,1,0,technical,medium
0.59,3,132,2,0,1,0,technical,medium
0.23,2,84,3,0,1,0,technical,medium
0.81,2,213,1,0,1,0,technical,medium
0.81,4,276,5,0,1,0,technical,medium
0.78,5,160,5,0,1,0,technical,medium
0.69,2,215,5,0,1,0,technical,high
0.55,1,160,1,0,1,0,support,low
0.83,5,245,5,0,1,0,support,medium
0.95,5,227,4,0,1,0,support,medium
0.83,2,159,1,0,1,0,support,medium
0.58,1,170,2,0,1,1,support,medium
0.54,1,153,3,0,1,0,support,low
0.51,3,189,3,0,1,0,support,low
0.73,2,256,3,0,1,0,support,low
1.0,6,328,4,0,1,0,support,low
0.44,1,126,1,0,1,0,support,low
0.56,1,128,3,0,1,0,support,low
0.61,1,268,3,0,1,0,technical,low
0.86,6,237,6,0,1,0,technical,low
0.58,1,110,3,0,1,0,technical,low
0.89,7,272,5,0,1,0,management,low
0.81,5,294,5,0,1,0,IT,low
0.81,7,267,6,0,1,0,IT,low
0.78,6,256,4,0,1,0,IT,low
0.41,1,173,3,0,1,0,IT,low
0.97,8,315,2,0,1,0,IT,low
1.0,4,260,6,0,1,0,product_mng,low
0.83,5,193,5,0,1,0,product_mng,low
0.94,6,217,5,0,1,0,product_mng,low
1.0,7,268,4,0,1,0,product_mng,low
0.84,7,263,4,0,1,0,IT,low
1.0,4,190,6,0,1,0,RandD,low
0.47,2,160,3,0,1,0,RandD,medium
0.73,5,301,4,0,1,0,RandD,medium
0.28,3,50,4,0,1,0,RandD,medium
1.0,7,269,4,0,1,0,RandD,medium
1.0,6,280,3,0,1,0,marketing,medium
0.52,1,63,2,0,1,0,sales,medium
0.5,2,131,3,1,1,0,accounting,medium
0.84,6,203,4,0,1,0,support,medium
1.0,7,261,4,0,1,0,technical,medium
0.9,6,253,5,0,1,0,management,medium
0.5,3,105,3,0,1,0,marketing,medium
1.0,4,209,5,0,1,0,marketing,medium
0.63,3,146,3,0,1,0,marketing,high
0.54,4,219,3,0,1,0,sales,low
0.66,3,294,1,0,1,0,sales,medium
0.92,7,282,6,0,1,0,sales,medium
0.78,1,275,3,0,1,0,sales,medium
0.68,2,122,4,0,1,0,sales,medium
0.69,2,151,2,0,1,0,sales,low
0.92,5,301,7,0,1,0,sales,low
0.37,4,174,3,0,1,0,sales,low
0.44,2,163,3,1,1,0,sales,low
0.86,6,262,6,0,1,0,sales,low
0.67,1,230,3,0,1,0,sales,low
0.7,7,315,4,0,1,0,sales,low
0.85,5,130,2,0,1,0,sales,low
0.87,6,257,6,0,1,0,sales,low
0.51,1,117,2,0,1,0,sales,low
0.8,5,307,4,0,1,0,sales,low
0.37,2,183,3,0,1,0,sales,low
0.63,3,143,1,0,1,0,sales,low
0.53,4,223,1,0,1,0,sales,low
0.68,4,249,7,0,1,0,accounting,low
0.32,1,138,5,0,1,0,accounting,low
0.48,1,160,2,0,1,0,accounting,low
1.0,4,242,6,0,1,0,hr,low
0.94,5,264,6,0,1,0,hr,low
0.29,2,100,3,0,1,0,hr,low
0.59,5,210,3,0,1,0,hr,low
0.51,2,193,4,0,1,0,technical,medium
0.51,5,308,5,0,1,0,technical,medium
0.49,1,200,4,0,1,0,technical,medium
0.51,2,207,1,0,1,0,technical,medium
0.58,1,176,5,0,1,0,technical,medium
0.67,2,152,5,0,1,0,technical,medium
1.0,6,237,2,0,1,0,technical,medium
0.74,6,270,5,0,1,0,technical,medium
0.38,2,62,5,0,1,0,technical,medium
1.0,7,297,5,0,1,0,technical,medium
1.0,4,160,6,0,1,0,technical,medium
0.86,5,273,4,0,1,0,support,medium
0.55,1,144,4,0,1,0,support,high
0.55,1,75,3,0,1,0,support,low
0.89,5,214,7,0,1,0,support,medium
0.43,1,199,2,0,1,0,support,medium
0.39,3,132,2,0,1,0,support,medium
0.89,4,239,6,0,1,0,support,medium
0.72,6,194,5,0,1,0,support,low
0.68,5,215,4,0,1,0,support,low
0.86,6,286,5,0,1,0,support,low
0.59,7,198,3,0,1,0,support,low
1.0,5,262,5,0,1,0,technical,low
0.6,4,243,4,0,1,0,technical,low
0.73,4,148,4,0,1,0,technical,low
1.0,7,202,5,0,1,0,management,low
0.69,6,275,4,0,1,0,IT,low
0.53,2,104,2,0,1,0,IT,low
0.42,1,123,4,0,1,0,IT,low
0.33,1,192,2,0,1,0,IT,low
0.48,1,140,4,0,1,0,IT,low
0.69,6,294,4,0,1,0,product_mng,low
1.0,5,311,7,0,1,0,product_mng,low
0.58,1,156,3,0,1,0,product_mng,low
1.0,4,230,6,0,1,0,product_mng,low
0.92,6,260,5,0,1,0,IT,low
0.35,1,112,5,0,1,0,sales,low
0.81,7,243,5,0,1,0,sales,low
1.0,4,161,5,0,1,0,sales,low
0.85,5,214,2,0,1,0,sales,medium
0.93,5,254,3,0,1,0,sales,medium
0.93,7,257,4,0,1,0,marketing,medium
0.88,6,286,3,0,1,0,sales,medium
0.91,6,258,3,0,1,0,accounting,medium
1.0,4,214,5,0,1,0,support,medium
0.45,2,113,4,0,1,0,technical,medium
0.89,4,164,3,0,1,0,management,medium
0.73,4,319,6,0,1,0,marketing,medium
0.9,6,254,4,0,1,0,marketing,medium
0.78,3,217,5,0,1,0,marketing,medium
0.95,3,221,6,0,1,0,sales,medium
0.85,7,281,4,0,1,0,sales,high
0.65,6,363,4,0,1,0,sales,low
0.59,1,124,4,0,1,0,sales,medium
0.43,3,248,5,0,1,0,sales,medium
0.48,1,145,3,0,1,0,sales,medium
0.95,4,315,5,0,1,0,sales,medium
0.42,2,178,3,0,1,0,sales,low
0.36,1,172,3,0,1,0,sales,low
0.35,5,271,2,0,1,0,sales,low
0.61,1,191,2,0,1,0,sales,low
0.78,5,248,7,0,1,0,sales,low
1.0,4,352,4,0,1,0,sales,low
0.62,5,238,2,0,1,0,sales,low
0.68,1,105,3,0,1,0,sales,low
0.93,5,228,3,0,1,0,sales,low
0.54,3,220,4,0,1,0,sales,low
0.91,5,321,4,0,1,0,sales,low
0.97,5,214,6,0,1,0,sales,low
0.51,1,62,5,0,1,0,accounting,low
0.58,3,120,2,0,1,0,accounting,low
0.48,1,96,3,0,1,0,accounting,low
0.8,7,226,3,0,1,0,hr,low
0.96,4,207,8,0,1,0,hr,low
0.99,4,204,3,0,1,0,hr,low
0.53,3,205,3,0,1,0,hr,low
0.67,5,160,4,0,1,0,technical,low
0.31,3,179,2,0,1,0,technical,low
0.63,1,127,2,0,1,0,technical,medium
0.58,2,106,3,0,1,0,technical,medium
0.44,2,167,5,0,1,0,technical,medium
0.46,1,139,3,1,1,0,technical,medium
0.61,3,153,3,0,1,0,technical,medium
0.43,1,165,2,0,1,0,technical,medium
0.74,5,254,4,0,1,0,technical,medium
0.49,2,71,4,0,1,0,technical,medium
0.82,2,230,4,0,1,0,technical,medium
0.63,2,260,3,0,1,0,support,medium
0.25,3,97,2,0,1,0,support,medium
1.0,7,260,2,0,1,0,support,medium
1.0,6,311,5,0,1,0,support,high
0.94,5,226,7,0,1,0,support,low
0.68,2,146,2,0,1,0,support,medium
1.0,6,259,4,0,1,0,support,medium
0.97,7,251,5,0,1,0,support,medium
0.67,5,256,4,0,1,0,support,medium
0.39,4,118,3,0,1,0,support,low
0.42,2,167,3,0,1,0,support,low
0.9,7,327,6,0,1,0,technical,low
0.58,2,162,2,0,1,0,technical,low
0.69,5,232,4,0,1,0,technical,low
0.52,3,170,2,0,1,0,management,low
0.42,3,141,3,0,1,0,IT,low
0.43,3,129,3,0,1,0,IT,low
0.67,5,129,6,0,1,0,IT,low
0.38,2,116,3,0,1,0,IT,low
0.29,3,85,3,0,1,1,IT,low
0.45,2,151,4,0,1,0,product_mng,low
0.65,2,153,4,0,1,0,product_mng,low
0.82,5,216,5,0,1,0,product_mng,low
0.8,2,171,2,0,1,0,product_mng,low
0.98,4,185,7,0,1,0,IT,low
0.57,2,115,3,0,1,0,sales,low
0.44,3,102,3,0,1,0,sales,low
0.63,2,170,1,0,1,0,sales,low
0.83,8,339,3,0,1,0,sales,low
0.94,7,229,3,0,1,0,sales,low
0.78,2,177,3,0,1,0,marketing,medium
0.45,3,161,3,0,1,0,sales,medium
1.0,4,231,5,0,1,0,accounting,medium
0.79,4,212,1,0,1,0,support,medium
0.81,5,220,6,0,1,0,technical,medium
0.75,2,142,2,0,1,0,management,medium
0.76,5,319,5,0,1,0,marketing,medium
0.68,2,110,2,0,1,0,marketing,medium
0.91,6,293,4,0,1,0,marketing,medium
0.79,5,367,3,0,1,0,sales,medium
0.85,4,155,3,0,1,0,sales,medium
0.66,1,169,2,0,1,0,sales,medium
0.57,3,193,3,0,1,0,sales,high
0.38,3,140,3,0,1,0,sales,low
0.88,5,253,6,0,1,0,sales,medium
0.9,7,323,5,0,1,0,sales,medium
0.91,7,312,4,0,1,0,sales,medium
0.97,6,164,4,0,1,0,sales,medium
0.67,4,245,4,0,1,0,sales,low
0.8,4,197,6,0,1,0,sales,low
1.0,4,241,5,0,1,0,sales,low
0.53,2,100,3,0,1,0,sales,low
0.64,1,154,3,0,1,0,sales,low
1.0,6,254,4,0,1,0,sales,low
1.0,5,256,7,0,1,0,sales,low
0.52,1,189,3,0,1,0,sales,low
0.8,3,246,2,0,1,0,sales,low
0.72,5,231,4,1,1,0,sales,low
1.0,3,208,5,1,1,0,accounting,low
0.89,7,285,3,0,1,0,accounting,low
0.86,4,211,5,0,1,0,accounting,low
0.74,2,280,7,0,1,0,hr,low
0.66,8,292,3,0,1,0,hr,low
0.67,2,97,4,0,1,0,hr,low
0.49,2,170,3,0,1,0,hr,low
0.99,5,283,5,0,1,0,technical,low
0.93,6,181,4,1,1,0,technical,low
0.5,1,113,2,0,1,0,technical,low
1.0,5,227,6,0,1,0,technical,low
0.49,1,160,3,0,1,0,technical,medium
0.83,5,292,4,0,1,0,technical,medium
0.71,7,336,3,0,1,0,technical,medium
0.9,4,287,5,0,1,0,technical,medium
0.58,3,236,1,0,1,0,technical,medium
0.57,3,198,3,0,1,0,technical,medium
0.94,4,251,4,0,1,0,technical,medium
1.0,3,308,5,0,1,0,support,medium
0.86,8,330,6,0,1,0,support,medium
0.91,5,222,6,0,1,0,support,medium
0.92,5,286,5,0,1,0,support,medium
0.66,4,54,5,0,1,0,support,medium
0.57,6,125,4,0,1,0,support,high
1.0,7,315,4,1,1,0,support,low
0.79,4,223,4,1,1,0,support,medium
1.0,6,255,6,0,1,0,support,medium
0.98,8,299,6,0,1,0,support,medium
0.8,2,162,3,0,1,0,support,medium
0.64,3,111,4,0,1,0,technical,low
0.87,8,285,1,0,1,0,technical,low
1.0,5,204,7,0,1,0,technical,low
0.78,3,134,3,0,1,0,management,low
0.49,3,125,5,0,1,0,IT,low
0.51,1,170,5,0,1,0,IT,low
1.0,8,290,5,0,1,0,IT,low
1.0,5,240,4,0,1,0,IT,low
0.68,5,132,3,0,1,0,IT,low
0.95,2,173,3,0,1,0,product_mng,low
0.5,4,96,4,0,1,0,product_mng,low
0.79,4,202,2,0,1,0,product_mng,low
0.89,5,278,5,0,1,0,product_mng,low
0.36,3,208,5,0,1,0,IT,low
0.73,5,136,7,0,1,0,RandD,low
1.0,3,282,3,0,1,0,RandD,low
0.81,6,287,3,1,1,0,RandD,low
0.75,3,116,2,0,1,0,RandD,low
0.81,6,284,4,0,1,0,RandD,low
1.0,7,225,7,0,1,0,marketing,low
0.5,3,148,4,0,1,0,sales,low
0.55,1,119,2,0,1,0,accounting,medium
0.93,6,357,5,0,1,0,support,medium
0.72,5,276,5,0,1,0,technical,medium
0.52,6,163,2,0,1,0,management,medium
0.49,6,146,6,0,1,0,marketing,medium
0.57,3,188,4,0,1,0,marketing,medium
0.87,7,300,5,0,1,0,marketing,medium
1.0,4,186,8,0,1,0,sales,medium
0.73,7,276,5,1,1,0,sales,medium
0.88,7,316,2,0,1,0,sales,medium
0.4,4,184,4,0,1,0,sales,medium
0.5,4,118,3,0,1,0,sales,medium
0.81,4,191,4,0,1,0,sales,high
0.66,1,163,2,0,1,0,sales,low
1.0,4,315,6,0,1,0,sales,medium
0.49,1,157,4,0,1,0,sales,medium
0.75,6,229,5,0,1,0,sales,medium
0.84,6,307,5,0,1,0,sales,medium
0.93,6,280,5,0,1,0,sales,low
1.0,8,266,4,0,1,0,sales,low
1.0,4,262,6,0,1,0,sales,low
0.3,4,174,2,0,1,0,sales,low
0.66,3,152,2,0,1,0,sales,low
0.77,2,148,3,0,1,0,sales,low
0.87,4,196,5,0,1,0,sales,low
0.8,5,260,4,0,1,0,sales,low
0.49,1,116,5,0,1,0,accounting,low
0.6,2,114,3,0,1,0,accounting,low
0.96,4,229,6,0,1,0,accounting,low
0.81,2,168,2,1,1,0,hr,low
0.54,2,87,4,0,1,0,hr,low
0.84,3,226,4,0,1,0,hr,low
0.73,5,261,4,0,1,0,hr,low
0.91,5,198,5,0,1,0,technical,low
0.73,7,294,5,0,1,0,technical,low
1.0,7,256,5,0,1,0,technical,low
0.88,4,313,4,0,1,0,technical,low
0.66,6,289,1,0,1,0,technical,low
0.47,2,167,2,0,1,0,technical,low
1.0,5,242,6,0,1,0,technical,medium
1.0,4,238,4,0,1,0,technical,medium
0.94,4,238,5,0,1,0,technical,medium
0.73,6,269,6,0,1,0,technical,medium
0.64,1,153,4,0,1,0,technical,medium
0.58,3,160,4,0,1,0,support,medium
1.0,5,227,4,0,1,0,support,medium
0.58,2,204,4,0,1,0,support,medium
0.47,4,171,3,0,1,0,support,medium
0.9,6,295,3,0,1,0,support,medium
0.92,7,365,4,0,1,0,support,medium
0.67,3,159,2,1,1,0,support,medium
0.92,6,237,4,0,1,0,support,high
1.0,4,356,4,0,1,0,support,low
0.99,6,290,6,0,1,0,support,medium
1.0,4,288,5,0,1,0,support,medium
0.87,5,280,3,0,1,0,technical,medium
0.54,1,136,4,0,1,0,technical,medium
0.58,5,295,4,1,1,0,technical,low
0.91,6,323,5,0,1,0,management,low
0.73,4,182,5,0,1,0,IT,low
0.98,4,319,5,0,1,0,IT,low
0.48,2,114,2,0,1,0,IT,low
0.55,2,150,2,0,1,0,IT,low
0.62,3,118,4,0,1,0,IT,low
0.48,3,124,4,0,1,0,product_mng,low
0.94,4,262,3,0,1,0,product_mng,low
0.62,6,286,4,0,1,0,product_mng,low
0.95,7,268,5,0,1,0,product_mng,low
1.0,5,264,3,0,1,0,IT,low
1.0,6,224,5,0,1,0,sales,low
0.94,4,252,5,0,1,0,sales,low
0.54,1,88,4,0,1,0,sales,low
0.98,4,258,6,0,1,0,sales,low
0.68,1,144,4,1,1,0,sales,low
0.86,5,276,7,0,1,0,marketing,low
0.91,3,302,3,0,1,0,sales,low
0.89,6,395,6,1,1,0,accounting,low
0.57,1,129,2,0,1,0,support,low
0.8,6,230,1,0,1,0,technical,medium
0.88,3,303,3,0,1,0,management,medium
0.58,1,172,3,0,1,0,marketing,medium
0.36,2,178,3,0,1,0,marketing,medium
0.49,2,151,2,0,1,0,marketing,medium
0.42,3,149,3,0,1,0,sales,medium
0.7,3,140,4,0,1,0,sales,medium
0.62,8,258,4,0,1,0,sales,medium
0.8,4,229,6,0,1,0,sales,medium
0.91,1,255,3,0,1,0,sales,medium
1.0,5,215,5,0,1,0,sales,medium
0.81,4,285,6,0,1,0,sales,medium
0.51,4,206,5,0,1,0,sales,high
1.0,4,159,4,0,1,0,sales,low
0.35,2,139,4,0,1,0,sales,medium
0.7,6,201,4,1,1,0,sales,medium
0.96,7,213,6,0,1,0,sales,medium
0.43,3,92,2,0,1,0,sales,medium
0.83,8,303,3,0,1,0,sales,low
0.88,5,265,2,0,1,0,sales,low
0.92,6,210,5,0,1,0,sales,low
0.4,1,182,2,0,1,0,sales,low
0.77,3,202,6,0,1,0,sales,low
0.66,2,160,3,0,1,0,sales,low
0.97,7,270,4,0,1,0,accounting,low
0.99,5,196,4,0,1,0,accounting,low
1.0,8,251,5,0,1,0,accounting,low
0.87,5,296,5,0,1,0,hr,low
0.28,2,83,3,0,1,0,hr,low
0.48,3,145,4,0,1,0,hr,low
0.85,4,162,4,0,1,0,hr,low
0.98,5,258,3,0,1,0,technical,low
0.87,9,303,6,0,1,0,technical,low
0.56,2,233,4,0,1,0,technical,low
0.79,6,276,4,0,1,0,technical,low
0.88,3,326,6,0,1,0,technical,low
0.45,3,120,4,0,1,0,technical,low
1.0,6,245,5,1,1,0,technical,low
0.57,3,180,3,1,1,0,technical,low
0.62,2,104,5,0,1,0,technical,medium
0.57,3,113,4,0,1,0,technical,medium
0.99,8,297,4,0,1,0,technical,medium
0.59,1,188,4,0,1,0,support,medium
0.99,4,296,4,1,1,0,support,medium
0.47,3,101,2,0,1,0,support,medium
0.59,1,118,2,0,1,0,support,medium
0.49,2,184,3,1,1,0,support,medium
0.8,5,235,5,0,1,0,support,medium
0.77,6,289,5,0,1,0,support,medium
1.0,4,255,5,0,1,0,support,medium
0.54,3,188,4,0,1,0,support,medium
0.31,2,127,4,0,1,0,support,high
0.48,3,126,6,0,1,0,support,low
0.92,7,237,7,0,1,0,technical,medium
0.84,5,248,7,0,1,0,technical,medium
0.39,2,249,4,0,1,0,technical,medium
0.76,8,354,3,0,1,0,management,medium
0.31,2,113,3,0,1,0,IT,low
0.89,5,368,7,0,1,0,IT,low
0.58,6,322,5,0,1,0,IT,low
0.37,2,173,2,0,1,0,IT,low
1.0,5,246,4,0,1,0,IT,low
0.54,3,122,2,0,1,0,product_mng,low
0.6,1,129,2,1,1,0,product_mng,low
0.85,4,197,6,0,1,0,product_mng,low
0.51,3,122,4,0,1,0,product_mng,low
0.86,5,260,4,0,1,0,IT,low
0.41,1,183,2,1,1,0,RandD,low
0.68,3,136,2,0,1,0,RandD,low
0.9,5,277,4,0,1,0,RandD,low
0.86,4,187,3,0,1,0,RandD,low
0.46,2,185,3,0,1,0,RandD,low
0.79,6,213,4,0,1,0,marketing,low
0.67,3,224,3,0,1,0,sales,low
0.54,3,165,2,0,1,0,accounting,low
0.8,4,276,5,0,1,0,support,low
0.33,2,123,3,0,1,0,technical,low
0.43,2,101,3,0,1,0,management,low
0.76,2,126,3,0,1,0,marketing,medium
1.0,6,259,3,0,1,0,marketing,medium
0.39,2,134,4,0,1,0,marketing,medium
0.57,3,127,3,0,1,0,sales,medium
1.0,4,206,4,1,1,1,sales,medium
0.96,7,297,2,0,1,0,sales,medium
0.51,2,95,3,0,1,0,sales,medium
0.4,1,192,4,0,1,0,sales,medium
0.88,6,210,4,0,1,0,sales,medium
0.61,4,295,3,0,1,0,sales,medium
0.58,4,151,3,0,1,0,sales,medium
0.6,2,117,3,1,1,0,sales,medium
1.0,5,312,4,0,1,0,sales,high
0.82,4,237,5,0,1,0,sales,low
0.69,2,139,2,0,1,0,sales,medium
0.49,3,181,2,0,1,0,sales,medium
1.0,7,232,5,0,1,0,sales,medium
0.7,6,160,2,0,1,0,sales,medium
0.74,2,196,4,0,1,0,sales,low
0.5,3,109,4,0,1,0,sales,low
0.47,2,185,2,0,1,0,sales,low
0.81,3,231,7,0,1,0,sales,low
0.43,1,95,2,0,1,0,accounting,low
1.0,5,262,4,0,1,0,accounting,low
0.93,6,244,4,0,1,0,accounting,low
0.88,3,108,5,0,1,0,hr,low
0.48,4,108,2,0,1,0,hr,low
0.83,3,98,2,0,1,0,hr,low
0.68,2,143,3,0,1,0,hr,low
0.5,1,109,3,0,1,0,technical,low
0.53,1,128,4,0,1,0,technical,low
0.91,6,281,5,0,1,0,technical,low
0.96,4,242,6,0,1,0,technical,low
0.7,7,219,4,0,1,0,technical,low
0.94,7,396,4,0,1,0,technical,low
0.73,5,293,3,0,1,0,technical,low
0.93,4,301,4,0,1,0,technical,low
0.64,1,199,2,0,1,0,technical,low
0.8,7,255,4,1,1,0,technical,low
1.0,6,262,3,0,1,0,technical,medium
0.39,3,163,2,0,1,0,support,medium
0.79,7,332,5,0,1,0,support,medium
1.0,4,266,4,0,1,0,support,medium
1.0,3,245,5,0,1,0,support,medium
1.0,6,321,5,0,1,0,support,medium
0.79,5,286,5,0,1,0,support,medium
1.0,6,192,7,0,1,0,support,medium
1.0,3,266,5,0,1,0,support,medium
0.92,3,226,2,0,1,0,support,medium
0.68,2,98,4,0,1,0,support,medium
1.0,5,225,5,0,1,0,support,medium
0.3,1,192,5,0,1,0,technical,high
0.68,1,120,3,0,1,0,technical,low
1.0,6,198,7,0,1,0,technical,medium
0.93,3,260,4,1,1,0,management,medium
0.97,7,281,6,0,1,0,IT,medium
0.54,2,132,3,0,1,0,IT,medium
0.81,5,283,6,0,1,0,IT,low
0.77,6,300,5,0,1,0,IT,low
0.72,7,289,6,0,1,0,IT,low
0.56,2,212,2,0,1,0,product_mng,low
0.65,2,191,3,0,1,0,product_mng,low
1.0,7,166,5,0,1,0,product_mng,low
0.89,2,274,3,0,1,0,product_mng,low
0.57,1,73,3,0,1,0,IT,low
0.63,6,146,4,1,1,0,RandD,low
0.97,6,225,5,0,1,0,RandD,low
0.7,7,274,4,0,1,0,RandD,low
0.77,2,171,2,0,1,0,RandD,low
0.39,3,81,4,0,1,0,RandD,low
0.31,2,134,3,0,1,0,marketing,low
0.71,3,140,4,0,1,0,sales,low
0.94,5,220,5,0,1,0,accounting,low
0.93,4,249,2,1,1,0,support,low
0.86,6,165,4,0,1,0,technical,low
1.0,4,247,5,0,1,0,management,low
0.96,5,259,5,0,1,0,marketing,low
0.39,1,112,1,0,1,0,marketing,low
0.95,5,328,5,0,1,0,marketing,medium
0.83,4,218,4,0,1,0,sales,medium
0.6,7,223,2,0,1,0,sales,medium
0.9,6,211,7,0,1,0,sales,medium
0.71,2,167,3,0,1,0,sales,medium
1.0,5,250,6,0,1,0,sales,medium
0.91,4,250,4,0,1,0,sales,medium
0.87,4,272,4,0,1,0,sales,medium
0.84,4,229,4,0,1,0,sales,medium
1.0,4,312,6,0,1,0,sales,medium
0.88,5,272,3,0,1,0,sales,medium
1.0,3,232,7,0,1,0,sales,medium
0.98,6,244,4,0,1,0,sales,high
0.95,4,334,4,0,1,0,sales,low
0.87,4,261,5,0,1,0,sales,medium
0.51,1,80,2,0,1,0,sales,medium
0.53,1,100,3,0,1,0,sales,medium
0.46,2,188,2,0,1,0,sales,medium
1.0,6,255,5,0,1,0,sales,low
0.92,4,228,4,0,1,0,sales,low
0.86,7,301,5,0,1,0,accounting,low
0.76,8,364,5,0,1,0,accounting,low
0.47,1,180,3,0,1,0,accounting,low
0.24,2,190,4,0,1,0,hr,low
0.59,4,151,3,0,1,0,hr,low
0.5,1,147,3,0,1,0,hr,low
0.95,6,248,4,0,1,0,hr,low
0.62,7,261,3,0,1,0,technical,low
0.72,3,99,2,0,1,0,technical,low
0.5,3,143,3,0,1,0,technical,low
1.0,6,299,5,0,1,0,technical,low
0.37,3,74,4,0,1,0,technical,low
0.64,4,85,4,0,1,0,technical,low
0.69,5,298,4,0,1,0,technical,low
0.84,8,285,5,0,1,0,technical,low
1.0,4,182,5,0,1,0,technical,low
0.8,7,265,4,0,1,0,technical,low
0.49,2,142,4,0,1,0,technical,low
0.92,7,236,3,0,1,0,support,low
0.93,7,330,4,0,1,0,support,medium
0.88,6,232,4,0,1,0,support,medium
0.5,3,131,4,0,1,0,support,medium
1.0,7,253,3,0,1,0,support,medium
0.87,6,250,5,0,1,0,support,medium
0.99,4,184,5,0,1,0,support,medium
0.63,1,120,2,0,1,0,support,medium
1.0,5,279,3,0,1,0,support,medium
0.61,3,166,2,0,1,0,support,medium
0.65,1,196,3,0,1,0,support,medium
0.76,8,329,6,0,1,0,technical,medium
0.72,1,157,3,0,1,0,technical,medium
0.43,3,202,3,0,1,0,technical,high
0.91,4,224,6,0,1,0,management,low
0.76,8,315,4,0,1,0,IT,medium
0.88,6,309,4,0,1,0,IT,medium
0.97,7,274,5,0,1,0,IT,medium
0.51,3,216,3,0,1,0,IT,medium
0.53,2,176,3,0,1,0,IT,low
1.0,3,227,4,0,1,0,product_mng,low
0.99,4,229,5,0,1,0,product_mng,low
0.48,1,135,4,0,1,0,product_mng,low
0.99,5,264,4,0,1,0,product_mng,low
1.0,5,253,7,0,1,0,IT,low
0.73,5,242,6,0,1,0,sales,low
0.99,6,347,6,0,1,0,sales,low
0.54,2,131,3,0,1,0,sales,low
0.79,4,189,4,1,1,0,sales,low
0.64,1,136,4,0,1,0,sales,low
0.98,5,230,5,0,1,0,marketing,low
0.93,5,270,5,0,1,0,marketing,low
0.43,2,149,4,0,1,0,sales,low
0.49,3,151,4,0,1,0,accounting,low
0.82,5,239,4,0,1,0,support,low
0.78,7,278,6,0,1,0,technical,low
0.76,3,169,2,0,1,0,management,low
0.82,5,210,3,0,1,0,marketing,low
0.34,1,203,4,0,1,0,marketing,low
0.7,4,180,5,0,1,0,marketing,low
0.47,3,148,4,1,1,0,sales,medium
0.72,7,262,4,0,1,0,sales,medium
0.73,3,145,3,0,1,0,sales,medium
1.0,7,306,6,0,1,0,sales,medium
0.43,1,150,3,0,1,0,sales,medium
0.79,1,194,3,1,1,0,sales,medium
0.97,5,258,2,1,1,0,sales,medium
0.91,7,258,5,0,1,0,sales,medium
0.43,3,304,1,0,1,0,sales,medium
1.0,7,357,5,0,1,0,sales,medium
0.63,6,320,3,0,1,0,sales,medium
0.79,4,236,5,0,1,0,sales,medium
1.0,8,232,4,0,1,0,sales,high
1.0,6,314,4,0,1,0,sales,low
0.71,1,158,5,0,1,0,sales,medium
0.57,2,100,3,1,1,0,sales,medium
0.91,4,246,5,0,1,0,sales,medium
0.55,3,142,3,0,1,0,sales,medium
1.0,5,297,3,0,1,0,sales,low
0.94,5,367,4,0,1,0,accounting,low
0.5,2,185,3,0,1,0,accounting,low
0.9,5,269,2,0,1,0,accounting,low
0.71,5,334,3,0,1,0,hr,low
0.68,4,319,4,0,1,0,hr,low
0.3,1,148,3,1,1,0,hr,low
0.81,3,322,2,0,1,0,hr,low
0.77,5,195,7,0,1,0,technical,low
0.33,2,167,2,0,1,0,technical,low
0.91,5,272,5,0,1,0,technical,low
0.67,2,117,4,0,1,0,technical,low
1.0,4,265,4,0,1,0,technical,low
0.58,7,297,2,0,1,0,technical,low
0.33,1,152,3,0,1,0,technical,low
0.6,2,152,4,0,1,0,technical,low
0.84,6,266,4,1,1,0,technical,low
0.9,6,327,4,0,1,0,technical,low
0.87,5,271,3,0,1,0,technical,low
0.39,2,144,2,0,1,0,support,low
0.9,7,265,4,0,1,0,support,low
0.61,6,297,6,0,1,0,support,medium
0.44,1,68,3,0,1,0,support,medium
1.0,4,185,7,0,1,0,support,medium
0.39,7,283,7,0,1,0,support,medium
0.9,6,274,6,0,1,0,support,medium
0.55,1,145,1,0,1,0,support,medium
1.0,5,246,5,0,1,0,support,medium
0.83,6,271,5,0,1,0,support,medium
0.9,6,60,3,0,1,0,support,medium
1.0,5,275,3,0,1,0,technical,medium
0.72,6,226,3,0,1,0,technical,medium
0.56,2,140,1,0,1,0,technical,medium
1.0,5,271,4,0,1,0,management,high
0.57,4,163,2,0,1,0,IT,low
0.84,7,247,4,0,1,0,IT,medium
0.45,2,153,4,0,1,0,IT,medium
0.9,6,253,4,0,1,0,IT,medium
0.62,7,235,3,0,1,0,IT,medium
1.0,7,190,3,0,1,0,product_mng,low
0.68,5,231,5,0,1,0,product_mng,low
0.69,7,270,5,0,1,0,product_mng,low
0.74,5,192,5,0,1,0,product_mng,low
0.66,3,163,3,0,1,0,IT,low
0.83,9,292,3,0,1,0,IT,low
1.0,4,229,5,0,1,0,IT,low
0.48,3,75,2,0,1,0,IT,low
0.98,3,231,5,0,1,0,RandD,low
0.46,1,173,3,0,1,0,RandD,low
1.0,3,287,4,0,1,0,RandD,low
0.38,2,101,3,0,1,0,marketing,low
0.97,5,269,6,0,1,0,sales,low
0.54,2,158,5,0,1,0,accounting,low
0.94,4,228,6,0,1,0,support,low
0.82,7,275,6,0,1,0,technical,low
0.44,3,107,3,0,1,0,management,low
0.49,3,206,5,0,1,0,marketing,low
0.52,4,137,3,0,1,0,marketing,low
0.97,7,356,5,0,1,0,marketing,low
0.81,2,156,3,0,1,0,sales,low
0.45,3,127,3,0,1,0,sales,medium
0.82,5,270,4,0,1,0,sales,medium
0.87,6,340,3,0,1,0,sales,medium
0.85,3,129,4,0,1,0,sales,medium
0.39,2,177,1,0,1,0,sales,medium
0.69,1,147,4,0,1,0,sales,medium
0.67,1,78,4,0,1,0,sales,medium
0.83,4,175,6,0,1,0,sales,medium
1.0,6,253,4,0,1,0,sales,medium
0.67,3,164,2,0,1,0,sales,medium
0.46,2,163,4,0,1,0,sales,medium
0.51,4,93,2,0,1,0,sales,medium
0.78,6,320,4,0,1,0,sales,high
0.73,4,270,5,0,1,0,sales,low
0.69,4,280,4,0,1,0,sales,medium
0.78,6,309,4,0,1,0,sales,medium
0.49,3,216,4,0,1,0,sales,medium
0.85,8,258,5,0,1,0,sales,medium
0.57,1,91,3,0,1,0,accounting,low
0.63,7,277,4,0,1,0,accounting,low
0.96,5,255,5,0,1,0,accounting,low
0.67,2,182,3,1,1,0,hr,low
0.26,1,178,2,0,1,0,hr,low
1.0,4,216,6,0,1,0,hr,low
0.64,3,96,4,0,1,0,hr,low
0.33,1,163,4,0,1,0,technical,low
0.68,2,84,4,0,1,0,technical,low
0.97,3,257,5,0,1,0,technical,low
0.88,2,265,4,0,1,0,technical,low
0.47,3,122,4,0,1,0,technical,low
1.0,6,256,4,1,1,0,technical,low
0.57,3,152,3,0,1,0,technical,low
0.9,7,231,4,0,1,0,technical,low
0.4,2,95,3,0,1,0,technical,low
1.0,4,269,6,0,1,0,technical,low
0.75,6,287,4,0,1,0,technical,low
0.52,3,197,1,0,1,0,support,low
0.42,2,131,4,0,1,0,support,low
0.46,3,171,4,0,1,0,support,low
0.7,2,89,2,0,1,0,support,medium
0.7,1,84,2,0,1,0,support,medium
1.0,6,277,5,0,1,0,support,medium
0.33,2,109,4,0,1,0,support,medium
0.91,4,180,2,0,1,0,support,medium
0.68,1,199,3,0,1,0,support,medium
0.85,6,267,5,0,1,0,support,medium
0.82,2,220,3,0,1,0,support,medium
1.0,4,232,5,0,1,0,technical,medium
0.58,2,88,2,0,1,0,technical,medium
0.8,6,317,7,0,1,0,technical,medium
0.5,3,123,2,1,1,0,management,medium
0.86,4,275,6,0,1,0,IT,high
0.89,4,171,6,1,1,0,IT,low
0.66,3,149,2,0,1,0,IT,medium
0.74,6,212,4,0,1,0,IT,medium
0.36,2,124,3,0,1,0,IT,medium
0.35,1,117,5,0,1,0,product_mng,medium
0.89,6,266,3,0,1,0,product_mng,low
0.68,5,326,5,0,1,0,product_mng,low
0.3,6,157,4,0,1,0,product_mng,low
0.56,3,155,4,0,1,0,IT,low
1.0,5,268,6,0,1,0,RandD,low
0.52,1,117,3,0,1,0,RandD,low
1.0,2,256,2,0,1,0,RandD,low
0.56,3,133,3,0,1,0,RandD,low
0.49,1,136,1,0,1,0,RandD,low
0.63,3,162,5,0,1,0,RandD,low
0.46,2,113,3,0,1,0,marketing,low
0.48,1,181,3,0,1,0,sales,low
0.93,4,253,7,0,1,0,accounting,low
0.89,8,288,3,0,1,0,support,low
0.6,2,159,5,0,1,0,technical,low
0.76,7,313,5,0,1,0,management,low
0.48,1,161,3,0,1,0,marketing,low
1.0,4,240,7,0,1,0,marketing,low
0.66,5,278,3,0,1,0,marketing,low
0.93,6,164,2,0,1,0,sales,low
0.5,1,178,2,0,1,0,sales,low
1.0,5,298,5,0,1,0,sales,medium
0.81,7,172,1,0,1,0,sales,medium
0.89,3,302,3,0,1,0,sales,medium
0.59,2,183,3,0,1,0,sales,medium
1.0,3,292,5,0,1,0,sales,medium
0.92,3,191,5,0,1,0,sales,medium
0.52,2,160,4,0,1,0,sales,medium
0.65,6,295,5,0,1,0,sales,medium
0.87,6,227,6,0,1,0,sales,medium
0.47,2,142,3,0,1,0,sales,medium
0.89,6,255,3,0,1,0,sales,medium
0.5,1,174,4,0,1,0,sales,medium
0.87,7,295,4,0,1,0,sales,high
0.95,4,111,3,0,1,0,sales,low
0.85,3,248,6,0,1,0,sales,medium
0.58,2,97,3,0,1,0,sales,medium
0.83,4,249,6,1,1,0,sales,medium
0.29,2,144,3,0,1,0,accounting,medium
0.66,7,302,5,0,1,0,accounting,low
0.45,3,166,1,0,1,0,accounting,low
0.82,7,251,6,0,1,0,hr,low
0.88,6,299,2,0,1,0,hr,low
0.65,3,180,2,0,1,0,hr,low
1.0,7,301,4,0,1,0,hr,low
0.77,6,222,3,0,1,0,technical,low
1.0,6,238,4,0,1,0,technical,low
0.55,2,140,2,0,1,0,technical,low
0.86,4,317,4,0,1,0,technical,low
0.39,1,143,3,0,1,0,technical,low
0.52,2,113,3,0,1,0,technical,low
0.74,4,170,4,0,1,0,technical,low
0.98,5,230,5,0,1,0,technical,low
0.98,5,238,4,0,1,0,technical,low
0.94,5,257,6,0,1,0,technical,low
0.6,3,137,1,0,1,0,technical,low
0.68,2,125,1,0,1,0,support,low
0.68,3,192,1,0,1,0,support,low
0.82,4,142,4,0,1,0,support,low
0.64,5,215,6,0,1,0,support,low
1.0,6,289,1,0,1,0,support,medium
0.67,5,146,4,1,1,0,support,medium
0.82,5,218,6,0,1,0,support,medium
0.75,5,242,5,1,1,0,support,medium
0.55,4,311,2,0,1,0,support,medium
1.0,4,198,8,0,1,0,support,medium
1.0,4,199,5,0,1,0,support,medium
0.85,5,300,3,0,1,0,technical,medium
0.64,5,305,5,0,1,0,technical,medium
0.72,6,302,6,0,1,0,technical,medium
0.55,1,222,2,0,1,0,management,medium
0.3,1,234,2,0,1,0,IT,medium
0.48,2,123,3,0,1,0,IT,high
0.83,7,278,5,0,1,0,IT,low
0.96,4,305,6,0,1,0,IT,medium
0.51,2,83,5,0,1,0,IT,medium
0.34,1,127,4,0,1,0,product_mng,medium
0.66,1,146,2,0,1,0,product_mng,medium
0.81,6,269,3,0,1,0,product_mng,low
0.52,3,109,2,0,1,0,product_mng,low
0.34,3,169,4,0,1,0,IT,low
0.47,1,148,4,0,1,0,RandD,low
0.78,5,312,5,0,1,0,RandD,low
0.97,5,275,6,0,1,0,RandD,low
0.67,3,112,2,0,1,0,RandD,low
0.72,4,280,5,0,1,0,RandD,low
0.34,2,114,2,0,1,0,RandD,low
0.99,5,242,6,0,1,0,marketing,low
0.47,1,105,2,0,1,0,sales,low
0.92,5,201,7,0,1,0,accounting,low
0.98,7,276,5,1,1,0,support,low
0.8,5,224,8,0,1,0,technical,low
0.7,1,123,3,0,1,0,management,low
1.0,3,293,6,0,1,0,marketing,low
0.78,4,217,5,0,1,0,marketing,low
1.0,6,245,4,0,1,0,marketing,low
0.39,1,107,3,0,1,0,sales,low
1.0,6,214,5,0,1,0,sales,low
0.5,1,138,2,0,1,0,sales,low
1.0,5,222,4,0,1,0,sales,medium
0.69,2,160,1,0,1,0,sales,medium
0.7,5,237,3,0,1,0,sales,medium
0.4,2,205,3,0,1,0,sales,medium
0.85,5,252,5,1,1,0,sales,medium
0.92,3,144,2,0,1,0,sales,medium
0.81,2,91,3,0,1,0,sales,medium
0.95,5,274,6,0,1,0,sales,medium
0.48,2,97,3,0,1,0,sales,medium
0.53,2,142,5,0,1,0,sales,medium
0.54,6,340,5,0,1,0,sales,medium
0.41,1,167,2,0,1,0,sales,medium
0.69,3,170,4,0,1,0,sales,high
0.78,7,332,4,1,1,0,sales,low
0.34,3,168,3,0,1,0,sales,medium
0.93,6,327,4,0,1,0,sales,medium
1.0,6,219,5,0,1,0,accounting,medium
1.0,6,232,6,0,1,0,accounting,medium
1.0,6,237,4,0,1,0,accounting,low
0.48,3,129,4,0,1,0,hr,low
0.45,4,252,3,0,1,0,hr,low
1.0,3,180,4,0,1,0,hr,low
0.49,2,113,3,0,1,0,hr,low
0.91,4,269,5,0,1,0,technical,low
1.0,6,280,6,0,1,0,technical,low
0.67,3,305,4,0,1,0,technical,low
0.51,2,136,2,0,1,0,technical,low
1.0,6,188,7,0,1,0,technical,low
0.39,1,127,3,0,1,0,technical,low
1.0,6,174,3,0,1,0,technical,low
0.86,5,254,4,0,1,0,technical,low
0.99,4,327,4,0,1,0,technical,low
1.0,7,237,4,0,1,0,technical,low
0.93,4,247,6,0,1,0,technical,low
0.63,2,164,4,0,1,0,support,low
1.0,5,230,5,1,1,0,support,low
0.78,7,355,4,0,1,0,support,low
0.39,1,129,4,0,1,0,support,low
0.35,3,129,3,0,1,0,support,low
0.7,7,294,5,0,1,0,support,medium
0.8,3,112,3,0,1,0,support,medium
0.48,4,108,4,0,1,0,support,medium
0.84,5,228,3,0,1,0,support,medium
0.88,3,281,6,0,1,0,support,medium
0.56,1,145,1,0,1,0,support,medium
0.6,2,207,2,0,1,0,technical,medium
1.0,6,250,4,1,1,0,technical,medium
0.41,2,161,4,0,1,0,technical,medium
0.5,3,158,4,0,1,0,management,medium
0.48,1,130,2,0,1,0,IT,medium
0.54,2,111,6,0,1,0,IT,medium
0.72,3,94,4,0,1,0,IT,high
0.95,6,304,4,0,1,0,IT,low
1.0,4,295,7,1,1,0,IT,medium
1.0,5,192,4,0,1,0,product_mng,medium
0.97,4,242,5,0,1,0,product_mng,medium
0.54,3,131,3,1,1,0,product_mng,medium
0.72,7,324,3,0,1,0,product_mng,low
0.53,3,130,2,0,1,0,IT,low
0.79,5,298,4,0,1,0,RandD,low
0.51,1,144,3,0,1,0,RandD,low
0.96,6,207,4,0,1,0,RandD,low
0.67,2,115,3,0,1,0,RandD,low
0.5,2,136,1,0,1,0,RandD,low
0.82,5,278,5,0,1,0,RandD,low
1.0,6,247,7,0,1,0,marketing,low
0.89,7,266,4,0,1,0,sales,low
1.0,6,214,7,0,1,0,accounting,low
1.0,5,126,4,0,1,0,support,low
0.34,2,128,2,0,1,0,technical,low
0.6,2,125,2,0,1,0,management,low
0.86,7,293,4,0,1,0,marketing,low
0.65,1,111,3,0,1,0,marketing,low
0.62,2,121,1,0,1,0,marketing,low
0.43,5,165,1,0,1,0,sales,low
0.38,2,168,2,0,1,0,sales,low
0.51,3,206,5,0,1,0,sales,low
0.47,2,162,3,0,1,0,sales,low
0.85,7,258,3,0,1,0,sales,medium
0.54,1,218,3,0,1,0,sales,medium
1.0,5,284,4,1,1,0,sales,medium
0.94,7,267,4,0,1,0,sales,medium
0.72,4,258,4,0,1,0,sales,medium
0.7,2,302,4,0,1,0,sales,medium
0.65,2,147,3,1,1,0,sales,medium
0.49,4,82,2,0,1,0,sales,medium
0.46,2,214,2,0,1,0,sales,medium
0.96,7,244,3,0,1,0,sales,medium
0.77,6,232,4,0,1,0,sales,medium
0.55,1,229,2,1,1,0,sales,medium
0.94,5,204,6,0,1,0,sales,high
0.51,4,178,4,0,1,0,sales,low
0.45,2,131,3,0,1,0,sales,medium
0.52,3,153,3,0,1,0,accounting,medium
1.0,7,278,3,0,1,0,accounting,medium
0.61,3,305,3,0,1,0,accounting,medium
0.98,6,352,4,0,1,0,hr,low
0.82,6,234,4,0,1,0,hr,low
0.59,2,192,2,0,1,0,hr,low
0.99,6,305,3,0,1,0,hr,low
0.8,5,251,3,0,1,0,technical,low
0.31,2,147,3,0,1,0,technical,low
0.78,7,271,4,0,1,0,technical,low
0.61,3,149,4,0,1,0,technical,low
0.48,4,88,2,0,1,0,technical,low
0.87,3,160,3,0,1,0,technical,low
0.48,3,88,3,0,1,0,technical,low
0.47,1,127,2,0,1,0,technical,low
0.93,3,186,5,0,1,0,technical,low
1.0,5,292,6,0,1,0,technical,low
1.0,6,240,3,0,1,0,technical,low
0.62,2,144,3,0,1,0,support,low
0.61,3,149,4,0,1,0,support,low
0.55,2,161,3,0,1,0,support,low
0.92,7,266,4,0,1,0,support,low
0.41,1,180,3,0,1,0,support,low
0.73,6,252,6,0,1,0,support,low
0.46,1,120,3,0,1,0,support,medium
0.89,4,258,5,0,1,0,support,medium
0.41,2,140,3,0,1,0,support,medium
0.59,3,161,4,0,1,0,support,medium
0.59,2,160,3,0,1,0,support,medium
0.89,5,291,5,0,1,0,technical,medium
0.7,2,155,5,0,1,0,technical,medium
0.86,4,200,5,0,1,0,technical,medium
0.44,1,116,3,0,1,0,management,medium
0.43,1,203,4,0,1,0,IT,medium
0.71,4,195,5,0,1,0,IT,medium
0.67,3,163,2,0,1,0,IT,medium
0.98,5,280,5,0,1,0,IT,high
0.68,3,184,2,0,1,0,IT,low
0.58,2,138,5,0,1,0,product_mng,medium
0.86,5,275,5,0,1,0,product_mng,medium
0.77,2,100,2,0,1,0,product_mng,medium
0.68,4,140,3,0,1,0,product_mng,medium
0.54,2,100,4,1,1,0,IT,low
0.79,9,239,3,0,1,0,RandD,low
0.37,2,175,6,1,1,0,RandD,low
0.82,5,247,4,0,1,0,RandD,low
0.93,5,293,5,0,1,0,RandD,low
1.0,4,243,5,0,1,0,RandD,low
0.73,1,83,2,0,1,0,marketing,low
0.5,1,201,4,0,1,0,sales,low
0.34,2,106,3,0,1,0,accounting,low
1.0,4,228,7,0,1,0,support,low
0.36,2,137,2,0,1,0,technical,low
1.0,5,280,6,0,1,0,management,low
0.51,2,128,3,0,1,0,marketing,low
0.88,8,265,5,0,1,0,marketing,low
0.33,1,154,4,1,1,0,marketing,low
0.9,7,253,2,0,1,0,sales,low
0.51,2,136,3,0,1,0,sales,low
0.4,3,143,4,0,1,0,sales,low
0.58,2,193,5,0,1,0,sales,low
0.47,1,85,3,0,1,0,sales,low
0.67,5,295,3,0,1,0,sales,low
0.72,3,132,4,0,1,0,sales,medium
0.76,5,243,7,0,1,0,sales,medium
0.88,3,248,6,0,1,0,sales,medium
0.84,5,341,5,0,1,0,sales,medium
0.72,6,232,7,0,1,0,sales,medium
0.87,5,153,4,0,1,0,sales,medium
1.0,3,239,6,0,1,0,sales,medium
1.0,5,249,6,0,1,0,sales,medium
0.86,8,299,2,0,1,0,sales,medium
0.54,3,123,4,1,1,0,sales,medium
0.44,5,227,6,0,1,0,sales,medium
0.72,4,194,6,0,1,0,sales,medium
0.8,4,256,6,0,1,0,sales,high
0.96,4,197,4,0,1,0,accounting,low
0.61,2,86,3,0,1,0,accounting,medium
0.75,5,141,3,0,1,0,accounting,medium
0.79,5,295,5,0,1,0,hr,medium
0.79,5,248,5,0,1,0,hr,medium
0.83,5,277,2,0,1,0,hr,low
0.79,7,248,3,0,1,0,hr,low
0.28,2,80,5,0,1,0,technical,low
0.63,1,115,4,0,1,0,technical,low
0.89,4,151,1,0,1,0,technical,low
0.83,6,311,6,0,1,0,technical,low
0.97,6,276,3,0,1,0,technical,low
0.54,1,90,4,0,1,0,technical,low
0.28,3,114,4,0,1,0,technical,low
0.42,3,123,3,0,1,0,technical,low
0.58,3,125,2,0,1,0,technical,low
0.81,4,270,4,0,1,0,technical,low
0.52,2,196,4,0,1,0,technical,low
0.74,6,301,3,0,1,0,support,low
0.57,1,135,2,0,1,0,support,low
0.83,4,247,6,0,1,0,support,low
0.66,3,190,1,0,1,0,support,low
0.68,1,221,4,0,1,0,support,low
0.87,8,229,4,0,1,0,support,low
0.76,3,117,1,0,1,0,support,low
0.75,6,307,2,0,1,0,support,low
1.0,5,257,6,1,1,0,support,medium
0.68,6,220,6,0,1,0,support,medium
0.92,4,271,5,0,1,0,support,medium
0.51,3,156,3,0,1,0,technical,medium
1.0,4,182,5,0,1,0,technical,medium
0.87,3,217,8,0,1,0,technical,medium
0.92,5,312,4,0,1,0,management,medium
0.71,4,235,4,0,1,0,IT,medium
0.82,7,318,6,0,1,0,IT,medium
0.35,4,197,3,0,1,0,IT,medium
0.2,1,75,1,0,1,0,IT,medium
0.62,3,142,2,0,1,0,IT,medium
0.98,7,316,5,0,1,0,product_mng,high
0.18,1,69,1,0,1,0,product_mng,low
0.41,2,133,4,0,1,0,product_mng,medium
0.55,4,347,2,0,1,0,product_mng,medium
1.0,6,205,6,0,1,0,IT,medium
0.94,4,221,5,0,1,0,RandD,medium
0.42,2,184,1,0,1,0,RandD,low
0.91,6,312,5,0,1,0,RandD,low
0.78,5,196,6,1,1,0,RandD,low
0.45,2,154,2,0,1,0,RandD,low
0.41,2,181,2,0,1,0,marketing,low
0.88,5,229,6,0,1,0,marketing,low
0.43,4,176,4,0,1,0,sales,low
0.49,3,154,7,0,1,0,accounting,low
1.0,4,172,6,0,1,0,support,low
0.91,7,300,7,0,1,0,technical,low
0.97,6,298,3,1,1,0,management,low
0.94,3,256,5,0,1,0,marketing,low
0.73,9,332,3,0,1,0,marketing,low
0.66,4,122,2,0,1,0,marketing,low
0.45,2,144,3,0,1,0,sales,low
0.52,2,191,2,0,1,0,sales,low
1.0,7,297,1,0,1,0,sales,low
0.5,1,144,2,0,1,0,sales,low
0.89,4,172,6,0,1,0,sales,low
0.84,6,278,5,0,1,0,sales,low
0.62,2,126,3,0,1,0,sales,low
0.55,1,136,2,0,1,0,sales,medium
0.78,4,230,5,0,1,0,sales,medium
0.96,5,251,7,0,1,0,sales,medium
0.45,3,149,4,0,1,0,sales,medium
1.0,4,216,5,0,1,0,sales,medium
0.99,7,295,3,0,1,0,sales,medium
0.82,5,318,7,0,1,0,sales,medium
0.72,1,169,4,0,1,0,sales,medium
0.55,2,200,1,0,1,0,sales,medium
1.0,6,299,3,0,1,0,sales,medium
0.92,6,305,3,0,1,0,sales,medium
0.75,6,334,3,0,1,0,sales,medium
0.42,2,82,4,0,1,0,accounting,high
0.58,3,106,4,0,1,0,accounting,low
0.44,1,98,3,0,1,0,accounting,medium
0.42,3,126,3,0,1,0,hr,medium
0.38,1,157,5,0,1,0,hr,medium
0.96,8,236,4,0,1,0,hr,medium
0.8,1,164,3,0,1,0,hr,low
0.33,1,114,2,0,1,0,technical,low
0.89,5,205,7,0,1,0,technical,low
0.73,2,161,4,0,1,0,technical,low
0.77,6,306,3,0,1,0,technical,low
0.88,6,270,4,0,1,0,technical,low
0.87,4,221,3,0,1,0,technical,low
0.83,7,243,4,0,1,0,technical,low
0.91,8,233,2,0,1,0,technical,low
0.67,3,112,2,0,1,0,technical,low
1.0,7,291,5,0,1,0,technical,low
0.82,2,153,4,0,1,0,technical,low
1.0,4,262,8,0,1,0,support,low
0.89,8,218,2,0,1,0,support,low
0.99,6,268,5,0,1,0,support,low
0.84,7,286,3,0,1,0,support,low
0.93,6,251,6,0,1,0,support,low
0.86,8,213,4,0,1,0,support,low
0.87,5,265,7,0,1,0,support,low
1.0,5,251,5,0,1,0,support,low
0.85,5,234,5,0,1,0,support,low
0.99,4,290,6,0,1,0,support,medium
0.63,3,161,1,0,1,0,support,medium
0.55,1,102,1,0,1,0,technical,medium
0.58,5,261,6,0,1,0,technical,medium
0.39,2,148,3,1,1,0,technical,medium
1.0,7,255,6,0,1,0,management,medium
0.55,6,209,4,0,1,0,IT,medium
0.39,3,162,3,0,1,0,IT,medium
0.49,2,60,4,0,1,1,IT,medium
1.0,5,261,5,1,1,0,IT,medium
0.61,3,162,6,0,1,0,IT,medium
0.54,2,79,2,0,1,0,product_mng,medium
0.5,1,134,4,0,1,0,product_mng,high
0.78,3,195,6,0,1,0,product_mng,low
0.89,4,258,6,0,1,0,product_mng,medium
1.0,5,251,1,0,1,0,IT,medium
0.89,6,223,3,0,1,0,RandD,medium
0.96,7,298,3,0,1,0,RandD,medium
0.72,1,165,2,0,1,0,RandD,low
1.0,5,268,4,0,1,0,RandD,low
0.5,2,115,3,0,1,0,RandD,low
1.0,7,245,4,0,1,0,marketing,low
0.94,4,234,5,0,1,0,sales,low
0.89,3,182,3,0,1,0,accounting,low
0.58,1,76,3,0,1,0,support,low
0.35,1,126,2,0,1,0,technical,low
1.0,7,233,5,0,1,0,management,low
0.8,3,329,3,0,1,0,marketing,low
0.48,2,149,3,0,1,0,marketing,low
0.51,2,174,2,0,1,0,marketing,low
0.48,2,123,2,0,1,0,sales,low
0.75,4,169,5,1,1,0,sales,low
0.5,2,149,4,0,1,0,sales,low
0.57,2,177,2,0,1,0,sales,low
0.37,2,159,3,1,1,0,sales,low
0.89,6,233,2,0,1,0,sales,low
1.0,5,242,5,0,1,0,sales,low
0.44,3,123,2,0,1,0,sales,low
0.79,7,294,4,0,1,0,sales,low
0.86,6,297,5,0,1,0,sales,medium
0.48,3,178,1,0,1,0,sales,medium
0.49,3,136,2,0,1,0,sales,medium
0.83,7,303,4,0,1,0,sales,medium
0.61,1,114,1,0,1,0,sales,medium
1.0,7,207,6,0,1,0,sales,medium
0.54,3,145,3,0,1,0,sales,medium
0.88,5,250,6,0,1,0,sales,medium
0.62,2,132,2,0,1,0,sales,medium
0.74,3,135,1,0,1,0,sales,medium
0.94,3,274,6,0,1,0,accounting,medium
0.69,6,310,4,0,1,0,accounting,medium
1.0,7,175,4,0,1,0,accounting,high
0.49,1,182,5,0,1,0,hr,low
0.25,2,97,3,0,1,0,hr,medium
1.0,5,174,4,0,1,0,hr,medium
0.5,1,215,2,0,1,0,hr,medium
0.45,1,156,2,0,1,0,technical,medium
0.94,6,307,5,0,1,0,technical,low
0.98,7,299,5,0,1,0,technical,low
0.63,3,156,3,0,1,0,technical,low
0.91,4,262,6,0,1,0,technical,low
1.0,5,227,3,0,1,0,technical,low
0.43,1,238,1,0,1,0,technical,low
1.0,4,226,4,0,1,0,technical,low
0.94,6,276,4,0,1,0,technical,low
0.78,5,226,4,0,1,0,technical,low
0.99,6,258,6,0,1,0,technical,low
0.45,2,112,3,0,1,0,support,low
1.0,6,259,4,0,1,0,support,low
0.74,5,168,3,0,1,0,support,low
1.0,4,273,4,0,1,0,support,low
0.52,1,151,5,0,1,0,support,low
0.52,2,127,5,0,1,0,support,low
0.97,5,228,5,0,1,0,support,low
0.48,1,163,1,0,1,0,support,low
0.98,6,269,4,0,1,0,support,low
0.27,2,196,3,0,1,0,support,low
0.83,7,284,4,0,1,0,support,low
0.7,6,223,2,0,1,0,technical,medium
0.99,4,290,7,0,1,0,technical,medium
1.0,5,282,4,1,1,0,technical,medium
0.52,1,93,2,0,1,0,management,medium
0.48,2,166,3,0,1,0,IT,medium
0.9,6,290,6,0,1,0,IT,medium
0.6,2,94,4,0,1,0,IT,medium
0.37,2,153,2,0,1,0,IT,medium
0.81,5,267,2,0,1,0,IT,medium
1.0,6,292,2,0,1,0,product_mng,medium
0.54,3,124,3,0,1,0,product_mng,medium
0.98,6,259,6,0,1,0,product_mng,medium
1.0,6,172,5,0,1,0,product_mng,high
0.65,4,301,4,1,1,0,IT,low
0.98,9,264,5,0,1,0,RandD,medium
0.87,7,242,6,0,1,0,RandD,medium
0.78,3,275,5,0,1,0,RandD,medium
0.58,1,100,3,0,1,0,RandD,medium
0.92,3,161,5,0,1,0,RandD,low
0.85,6,255,3,0,1,0,marketing,low
0.62,3,152,3,0,1,0,sales,low
0.7,2,120,3,0,1,0,accounting,low
1.0,5,236,6,0,1,0,support,low
0.75,2,144,4,0,1,0,technical,low
0.94,6,282,5,0,1,0,management,low
0.72,4,214,4,0,1,0,marketing,low
0.81,5,213,5,0,1,0,marketing,low
0.51,2,162,2,0,1,0,marketing,low
0.9,4,284,5,0,1,0,sales,low
0.82,2,131,2,0,1,0,sales,low
0.93,3,292,8,0,1,0,sales,low
0.53,2,134,4,0,1,0,sales,low
0.54,1,111,4,1,1,0,sales,low
1.0,6,235,5,0,1,0,sales,low
1.0,5,248,4,0,1,0,sales,low
0.86,2,207,3,0,1,0,sales,low
0.89,4,295,3,0,1,0,sales,low
0.41,1,145,2,0,1,0,sales,low
0.77,7,308,5,0,1,0,sales,low
0.4,2,269,2,0,1,0,sales,medium
0.56,2,151,4,0,1,0,sales,medium
0.85,2,156,1,0,1,0,sales,medium
0.44,2,181,4,0,1,0,sales,medium
0.67,5,303,4,1,1,0,sales,medium
0.5,3,123,3,0,1,0,sales,medium
0.82,4,304,6,0,1,0,sales,medium
0.62,3,111,4,0,1,0,sales,medium
0.52,3,128,2,1,1,0,accounting,medium
0.79,6,250,5,0,1,0,accounting,medium
0.49,2,167,3,0,1,0,accounting,medium
0.48,1,100,1,0,1,0,hr,medium
0.52,3,200,2,0,1,0,hr,high
0.62,2,183,3,1,1,0,hr,low
0.33,1,179,2,0,1,0,hr,medium
0.93,7,235,5,0,1,0,technical,medium
0.49,2,185,3,0,1,0,technical,medium
0.59,2,50,3,0,1,0,technical,medium
0.54,4,174,3,0,1,0,technical,low
0.87,5,223,6,0,1,0,technical,low
0.87,4,168,8,0,1,0,technical,low
0.36,1,152,4,0,1,0,technical,low
1.0,7,286,6,0,1,0,technical,low
0.5,3,80,4,0,1,0,technical,low
1.0,5,222,4,0,1,0,technical,low
0.78,8,336,4,0,1,0,technical,low
0.8,6,246,1,0,1,0,support,low
0.3,2,189,3,0,1,0,support,low
0.29,1,176,3,0,1,0,support,low
0.68,6,268,5,0,1,0,support,low
0.6,1,179,3,0,1,0,support,low
1.0,9,206,5,0,1,0,support,low
0.29,3,128,2,0,1,0,support,low
1.0,6,163,3,0,1,0,support,low
0.42,1,96,2,0,1,0,support,low
0.52,2,131,5,0,1,0,support,low
0.72,3,104,2,0,1,0,support,low
0.92,7,272,3,0,1,0,technical,low
0.9,4,256,5,0,1,0,technical,low
0.69,6,310,2,0,1,0,technical,medium
0.24,2,158,2,0,1,0,management,medium
0.41,1,156,4,0,1,0,IT,medium
0.97,6,235,5,0,1,0,IT,medium
0.7,5,260,6,0,1,0,IT,medium
0.5,3,135,1,0,1,0,IT,medium
0.89,5,293,4,0,1,0,IT,medium
0.43,1,119,3,0,1,0,product_mng,medium
0.81,4,318,4,0,1,0,product_mng,medium
0.53,2,177,2,0,1,0,product_mng,medium
0.96,6,246,5,0,1,0,product_mng,medium
0.73,6,240,5,0,1,0,IT,medium
1.0,4,356,4,0,1,0,RandD,high
0.88,6,263,4,0,1,0,RandD,low
0.93,7,272,6,0,1,0,RandD,medium
0.58,2,130,3,0,1,0,RandD,medium
0.5,6,164,3,0,1,0,RandD,medium
1.0,5,305,6,0,1,0,marketing,medium
0.88,7,270,4,0,1,0,sales,low
0.83,5,293,3,0,1,0,accounting,low
0.87,7,165,6,0,1,0,support,low
0.44,2,353,3,0,1,0,technical,low
0.8,6,276,4,0,1,0,management,low
0.9,5,270,4,0,1,0,marketing,low
0.47,2,124,4,0,1,0,marketing,low
0.95,6,333,3,0,1,0,marketing,low
0.77,3,192,6,0,1,0,sales,low
0.44,3,175,4,0,1,0,sales,low
0.5,1,122,3,0,1,0,sales,low
0.53,2,89,4,1,1,0,sales,low
0.44,2,95,3,0,1,0,sales,low
0.68,2,162,4,0,1,0,sales,low
0.74,6,318,5,0,1,0,sales,low
0.98,5,306,5,0,1,0,sales,low
0.58,2,149,2,0,1,0,sales,low
0.39,3,169,2,0,1,0,sales,low
0.74,3,135,3,0,1,0,sales,low
0.35,2,91,4,0,1,0,sales,low
0.62,2,131,4,0,1,0,sales,low
0.65,1,94,4,0,1,0,sales,medium
0.79,5,274,6,1,1,0,sales,medium
1.0,7,309,4,0,1,0,sales,medium
0.87,6,222,6,0,1,0,sales,medium
0.5,2,133,3,0,1,0,sales,medium
0.6,2,134,2,0,1,0,sales,medium
0.98,6,253,6,0,1,0,accounting,medium
1.0,7,225,4,0,1,0,accounting,medium
1.0,8,290,3,0,1,0,accounting,medium
0.6,7,198,5,0,1,0,hr,medium
0.66,1,181,3,0,1,0,hr,medium
0.73,4,177,5,0,1,0,hr,medium
0.58,3,136,4,0,1,0,hr,high
0.61,4,201,3,0,1,0,technical,low
0.43,2,78,4,0,1,0,technical,medium
0.72,6,285,3,0,1,0,technical,medium
0.8,5,318,6,0,1,0,technical,medium
0.87,4,279,5,0,1,0,technical,medium
0.83,6,244,5,0,1,0,technical,low
1.0,4,290,4,0,1,0,technical,low
1.0,7,140,4,0,1,0,technical,low
1.0,2,348,5,0,1,0,technical,low
0.73,6,283,3,0,1,0,technical,low
0.48,1,183,3,0,1,0,technical,low
0.29,1,118,3,0,1,0,support,low
0.44,3,198,4,0,1,0,support,low
0.99,5,332,4,0,1,0,support,low
0.67,1,155,2,0,1,0,support,low
0.74,5,292,4,0,1,0,support,low
0.47,1,124,3,0,1,0,support,low
0.91,5,190,5,0,1,0,support,low
0.89,6,293,1,0,1,0,support,low
0.76,8,337,4,0,1,0,support,low
0.55,1,129,4,0,1,0,support,low
0.75,6,322,3,0,1,0,support,low
0.95,6,258,4,0,1,0,technical,low
0.94,6,253,4,0,1,0,technical,low
0.49,2,146,1,0,1,0,technical,low
0.47,3,137,3,0,1,0,management,low
0.82,7,231,5,0,1,0,IT,medium
0.88,5,246,4,0,1,0,IT,medium
0.84,6,247,6,0,1,0,IT,medium
0.46,3,124,3,0,1,0,IT,medium
1.0,8,286,3,0,1,0,IT,medium
0.6,3,181,2,0,1,0,product_mng,medium
0.45,2,135,2,0,1,0,product_mng,medium
1.0,6,183,6,0,1,0,product_mng,medium
0.51,2,201,3,0,1,0,product_mng,medium
1.0,4,224,6,0,1,0,IT,medium
0.91,4,252,2,0,1,0,RandD,medium
0.77,5,255,5,1,1,0,RandD,medium
0.54,2,157,3,0,1,0,RandD,high
0.31,6,181,6,0,1,0,RandD,low
0.78,5,233,4,0,1,0,RandD,medium
0.71,5,245,3,0,1,0,marketing,medium
0.77,4,292,6,1,1,0,sales,medium
1.0,8,366,5,0,1,0,accounting,medium
1.0,3,180,6,0,1,0,support,low
0.65,1,184,3,0,1,0,technical,low
0.63,1,160,4,1,1,0,management,low
0.46,2,269,4,0,1,0,marketing,low
0.47,2,165,3,0,1,0,marketing,low
0.43,2,175,3,0,1,0,marketing,low
0.38,2,169,3,0,1,0,sales,low
0.51,2,221,4,0,1,0,sales,low
0.88,4,262,4,0,1,0,sales,low
0.25,2,149,1,0,1,0,sales,low
1.0,6,230,4,0,1,0,sales,low
0.39,3,153,4,0,1,0,sales,low
1.0,3,154,5,0,1,0,sales,low
1.0,6,257,3,0,1,0,sales,low
0.86,6,190,2,0,1,0,sales,low
0.36,3,159,3,0,1,0,sales,low
0.92,5,250,5,0,1,0,sales,low
1.0,6,295,5,0,1,0,sales,low
0.69,2,139,6,0,1,0,sales,low
0.66,6,240,4,0,1,0,sales,low
0.57,2,132,1,0,1,0,sales,low
0.41,3,114,4,0,1,0,sales,medium
0.45,1,212,4,0,1,0,sales,medium
1.0,5,221,4,0,1,0,sales,medium
0.27,2,162,2,0,1,0,sales,medium
1.0,5,286,4,0,1,0,accounting,medium
0.58,2,72,5,0,1,0,accounting,medium
0.67,4,133,2,0,1,0,accounting,medium
0.8,7,235,4,0,1,0,hr,medium
0.51,2,128,1,0,1,0,hr,medium
0.8,4,302,6,0,1,0,hr,medium
0.5,2,112,3,0,1,0,hr,medium
0.89,5,222,5,0,1,0,technical,medium
0.96,5,290,4,0,1,0,technical,high
0.89,6,145,5,0,1,0,technical,low
0.54,2,136,2,0,1,0,technical,medium
0.84,4,285,5,0,1,0,technical,medium
0.69,2,166,5,0,1,0,technical,medium
0.98,5,280,7,0,1,0,technical,medium
0.64,4,278,8,0,1,0,technical,low
0.85,6,145,4,0,1,0,technical,low
0.44,2,96,3,0,1,0,technical,low
0.49,2,200,3,1,1,0,technical,low
0.81,7,201,5,1,1,0,support,low
0.97,7,233,4,0,1,0,support,low
0.22,2,111,2,0,1,0,support,low
1.0,8,279,5,0,1,0,support,low
0.7,2,139,2,0,1,0,support,low
0.51,1,127,4,0,1,0,support,low
0.52,3,106,4,0,1,0,support,low
0.99,5,291,7,0,1,0,support,low
0.58,2,130,3,0,1,0,support,low
0.97,6,289,3,0,1,0,support,low
0.93,5,182,5,0,1,0,support,low
0.95,5,330,5,0,1,0,technical,low
0.96,5,298,6,0,1,0,technical,low
0.45,2,126,4,1,1,0,technical,low
0.89,6,201,5,0,1,0,management,low
0.69,1,161,3,0,1,0,IT,low
0.83,5,131,4,0,1,0,IT,low
0.12,1,94,4,1,1,0,IT,medium
0.58,2,50,2,0,1,0,IT,medium
0.54,2,143,2,0,1,0,IT,medium
0.48,1,97,1,0,1,0,product_mng,medium
0.49,1,144,4,0,1,0,product_mng,medium
0.6,2,165,4,1,1,0,product_mng,medium
0.6,3,119,2,0,1,0,product_mng,medium
0.47,2,137,3,0,1,0,IT,medium
0.87,5,327,5,0,1,0,RandD,medium
0.67,6,328,5,0,1,0,RandD,medium
0.83,4,204,5,0,1,0,RandD,medium
0.71,6,327,3,0,1,0,RandD,medium
0.58,1,94,4,0,1,0,RandD,high
0.6,1,132,1,0,1,0,marketing,low
0.9,6,306,5,0,1,0,sales,medium
0.91,5,186,5,0,1,0,accounting,medium
0.9,5,301,7,0,1,0,support,medium
0.52,8,249,5,0,1,0,technical,medium
0.96,5,220,4,0,1,0,management,low
0.66,1,153,2,0,1,0,marketing,low
0.58,3,160,3,0,1,0,marketing,low
0.77,8,218,2,0,1,0,marketing,low
0.61,1,98,2,0,1,0,sales,low
0.58,2,106,2,0,1,0,sales,low
0.7,1,223,2,0,1,0,sales,low
0.92,7,246,3,0,1,0,sales,low
0.42,3,216,3,0,1,0,sales,low
0.94,6,217,5,0,1,0,sales,low
0.42,3,176,4,0,1,0,sales,low
0.66,4,231,3,0,0,0,sales,low
0.65,2,225,2,0,0,0,sales,low
0.6,5,219,1,0,0,0,sales,low
0.78,6,191,2,0,0,0,sales,low
0.37,3,190,3,0,0,0,sales,low
0.98,2,158,5,0,0,0,sales,low
0.37,1,183,3,0,0,0,sales,low
0.81,5,90,5,0,0,0,sales,low
0.83,6,58,4,0,0,0,sales,low
0.75,3,260,3,0,0,0,sales,low
0.39,5,181,5,0,0,0,sales,medium
0.3,2,145,3,0,0,0,sales,medium
0.85,5,211,8,0,0,0,accounting,medium
0.51,3,189,2,0,0,0,accounting,medium
0.97,3,188,3,0,0,0,accounting,medium
0.55,3,282,2,0,0,0,hr,medium
0.63,4,180,3,0,0,0,hr,medium
0.6,5,178,6,0,0,0,hr,medium
1.0,4,102,6,0,0,0,hr,medium
0.69,4,223,3,0,0,0,technical,medium
0.98,5,327,1,0,0,0,technical,medium
0.69,6,258,3,0,0,0,technical,medium
0.86,4,119,5,0,0,0,technical,high
0.25,4,173,3,0,0,0,technical,low
0.46,6,159,4,0,0,0,technical,medium
0.45,6,243,6,0,0,0,technical,medium
1.0,4,227,3,1,0,0,technical,medium
1.0,4,196,4,0,0,0,technical,medium
1.0,3,275,4,0,0,0,technical,low
0.71,4,270,5,0,0,0,technical,low
0.69,3,224,2,0,0,0,support,low
0.45,2,134,3,0,0,0,support,low
1.0,4,249,6,0,0,0,support,low
0.62,5,199,3,0,0,0,support,low
0.92,3,251,2,0,0,0,support,low
0.93,4,137,4,0,0,0,support,low
0.58,6,182,4,0,0,0,support,low
0.35,3,112,3,0,0,0,support,low
0.8,2,246,3,1,0,0,support,low
0.67,2,163,2,1,0,0,support,low
0.5,4,318,4,0,0,0,support,low
0.86,4,248,3,0,0,0,technical,low
0.86,3,243,3,0,0,0,technical,low
0.9,6,225,3,0,0,0,technical,low
0.87,3,196,4,0,0,0,management,low
0.72,2,198,3,1,0,0,IT,low
0.65,1,104,3,0,0,0,IT,low
0.5,3,243,1,0,0,0,IT,low
0.81,2,316,6,0,0,0,IT,low
0.57,4,191,3,0,0,0,IT,medium
0.94,5,198,3,0,0,0,product_mng,medium
0.59,3,234,4,0,0,0,product_mng,medium
0.46,3,112,3,0,0,0,product_mng,medium
0.64,5,170,4,1,0,0,product_mng,medium
0.44,3,157,1,0,0,0,IT,medium
0.6,6,206,4,0,0,0,RandD,medium
0.55,7,257,1,0,0,0,RandD,medium
0.62,5,248,1,0,0,0,RandD,medium
0.69,4,251,1,1,0,0,RandD,medium
0.56,3,172,2,0,0,0,RandD,medium
0.63,3,196,1,0,0,0,marketing,medium
0.63,5,123,2,0,0,0,sales,high
0.99,4,174,4,0,0,0,accounting,low
0.77,3,335,3,0,0,0,support,medium
0.94,3,168,3,0,0,0,technical,medium
0.9,2,206,4,0,0,0,management,medium
0.7,6,187,3,0,0,0,marketing,medium
0.96,3,247,1,0,0,0,marketing,low
0.91,4,185,4,0,0,0,marketing,low
0.92,2,220,2,1,0,0,sales,low
1.0,2,145,2,1,0,0,sales,low
0.8,5,221,1,0,0,0,sales,low
0.84,4,158,2,0,0,0,sales,low
0.8,3,171,7,1,0,0,sales,low
0.59,3,142,5,0,0,0,sales,low
0.43,4,116,3,0,0,0,sales,low
0.76,4,194,3,0,0,0,sales,low
0.76,5,200,4,0,0,0,sales,low
0.55,6,231,3,1,0,0,sales,low
0.59,4,208,4,0,0,0,sales,low
0.66,6,110,4,0,0,0,sales,low
0.6,6,231,4,0,0,0,sales,low
0.28,6,322,2,0,0,0,sales,low
0.37,5,181,3,0,0,0,sales,low
0.52,6,256,2,0,0,0,sales,low
0.47,2,75,4,0,0,0,sales,low
0.81,5,205,6,0,0,0,sales,low
0.64,4,100,2,0,0,0,sales,low
0.46,1,157,1,0,0,0,accounting,medium
0.75,5,175,3,0,0,0,accounting,medium
0.99,3,184,5,0,0,0,accounting,medium
0.48,1,179,7,0,0,0,hr,medium
0.65,3,183,5,0,0,0,hr,medium
0.76,3,184,2,0,0,0,hr,medium
0.68,1,66,2,0,0,0,hr,medium
0.66,4,285,7,0,0,0,technical,medium
1.0,2,258,4,0,0,0,technical,medium
0.7,3,157,2,1,0,0,technical,medium
0.55,5,145,3,0,0,0,technical,medium
1.0,5,282,3,0,0,0,technical,medium
0.99,4,216,4,0,0,0,technical,high
0.63,3,267,4,0,0,0,technical,low
0.43,6,300,2,0,0,0,technical,medium
0.71,3,270,1,0,0,0,technical,medium
0.59,7,216,3,0,0,0,technical,medium
0.77,4,168,3,0,0,0,technical,medium
0.68,2,226,3,0,0,0,support,low
0.96,4,159,3,1,0,0,support,low
0.72,5,159,1,0,0,0,support,low
0.99,5,223,2,1,0,0,support,low
0.68,3,101,3,0,0,0,support,low
0.9,5,140,3,1,0,0,support,low
0.81,2,199,2,0,0,0,support,low
0.43,4,203,1,0,0,0,support,low
0.59,5,227,2,0,0,0,support,low
0.9,3,228,5,0,0,0,support,low
0.82,4,172,3,0,0,0,support,low
0.6,4,237,2,1,0,0,technical,low
0.21,5,214,4,0,0,0,technical,low
0.93,5,221,3,0,0,0,technical,low
0.8,5,185,3,0,0,0,management,low
0.94,4,269,4,0,0,0,IT,low
0.51,4,268,2,0,0,0,IT,low
0.86,4,194,1,1,0,0,IT,low
0.5,3,259,7,0,0,0,IT,low
0.55,1,199,2,0,0,0,IT,low
0.38,4,157,3,0,0,0,product_mng,low
0.71,4,72,1,0,0,0,product_mng,medium
0.92,4,250,3,0,0,0,product_mng,medium
0.85,3,227,3,1,0,0,product_mng,medium
0.73,2,146,1,1,0,0,IT,medium
0.93,4,235,3,0,0,0,RandD,medium
0.91,5,165,2,1,0,0,RandD,medium
0.66,3,124,2,0,0,0,RandD,medium
0.76,4,304,3,0,0,0,RandD,medium
0.7,3,221,2,1,0,0,RandD,medium
0.83,4,189,3,0,0,0,marketing,medium
0.62,3,187,1,0,0,0,sales,medium
0.35,4,216,4,0,0,0,accounting,medium
0.58,5,145,2,1,0,0,support,high
0.65,4,222,1,1,0,0,technical,low
0.59,3,104,1,0,0,0,management,medium
0.58,6,232,2,0,0,0,marketing,medium
0.71,4,167,5,1,0,0,marketing,medium
0.57,5,171,4,0,0,0,marketing,medium
0.86,2,164,3,0,0,0,sales,low
0.4,5,227,4,0,0,0,sales,low
0.54,4,181,4,0,0,0,sales,low
0.72,3,218,3,0,0,0,sales,low
0.26,4,151,4,0,0,0,sales,low
0.72,4,192,3,0,0,0,sales,low
1.0,2,241,5,0,0,0,sales,low
0.92,6,186,4,0,0,0,sales,low
0.86,2,188,4,0,0,0,sales,low
0.79,7,267,3,0,0,0,sales,low
0.76,4,147,2,0,0,0,sales,low
0.82,3,162,2,0,0,0,sales,low
0.5,2,182,1,0,0,0,sales,low
0.96,4,226,2,0,0,0,sales,low
0.78,3,118,1,0,0,0,sales,low
0.56,2,154,1,0,0,0,sales,low
0.6,5,175,3,1,0,0,sales,low
1.0,6,282,1,0,0,0,sales,low
0.63,3,185,2,0,0,0,sales,low
0.85,3,145,3,0,0,0,accounting,low
0.8,3,188,2,0,0,0,accounting,low
0.6,3,150,4,0,0,0,accounting,medium
0.69,3,182,1,0,0,0,hr,medium
0.91,3,96,2,0,0,0,hr,medium
0.87,5,113,1,0,0,0,hr,medium
1.0,3,223,4,0,0,0,hr,medium
0.59,2,99,3,0,0,0,technical,medium
0.5,5,218,3,0,0,0,technical,medium
0.6,2,224,5,1,0,0,technical,medium
0.71,4,104,6,0,0,0,technical,medium
0.84,4,111,6,0,0,0,technical,medium
0.54,5,94,5,1,0,0,technical,medium
0.94,4,177,2,0,0,0,technical,medium
1.0,2,245,5,0,0,0,technical,high
0.47,5,50,2,0,0,0,technical,low
0.7,6,178,4,0,0,0,technical,medium
0.77,3,174,4,1,0,0,technical,medium
0.83,6,115,6,0,0,0,support,medium
0.69,4,207,3,0,0,0,support,medium
0.57,3,195,2,0,0,0,support,low
0.97,6,128,2,1,0,0,support,low
0.37,2,97,3,0,0,0,support,low
0.51,3,50,5,0,0,0,support,low
0.75,1,187,4,0,0,0,support,low
0.98,3,261,3,0,0,0,support,low
0.33,4,221,2,0,0,0,support,low
0.71,4,227,3,0,0,0,support,low
0.82,5,98,4,0,0,0,support,low
0.5,4,198,1,0,0,0,technical,low
0.67,3,132,2,0,0,0,technical,low
0.5,3,117,3,0,0,0,technical,low
0.92,3,276,3,0,0,0,management,low
0.79,5,201,1,0,0,0,IT,low
0.91,5,274,2,0,0,0,IT,low
0.9,4,276,2,1,0,0,IT,low
0.75,5,261,4,0,0,0,IT,low
0.57,3,175,5,0,0,0,IT,low
0.73,5,96,5,0,0,0,product_mng,low
0.42,3,219,2,0,0,0,product_mng,low
0.68,4,279,1,1,0,0,product_mng,low
0.75,2,92,3,1,0,0,product_mng,medium
1.0,5,257,4,0,0,0,IT,medium
0.73,4,188,3,1,0,0,RandD,medium
0.85,4,189,1,0,0,0,RandD,medium
0.63,2,218,3,0,0,0,RandD,medium
0.24,5,165,5,0,0,0,RandD,medium
0.77,3,176,2,0,0,0,RandD,medium
1.0,4,239,4,0,0,0,marketing,medium
0.88,5,268,3,0,0,0,sales,medium
0.46,3,129,2,0,0,0,accounting,medium
0.59,5,239,2,0,0,0,support,medium
0.55,4,162,6,0,0,0,technical,medium
0.96,5,198,2,0,0,0,management,high
1.0,4,260,3,1,0,0,marketing,low
0.52,4,236,4,0,0,0,marketing,medium
0.47,3,154,4,0,0,0,marketing,medium
0.73,5,201,4,0,0,0,sales,medium
0.72,7,69,2,0,0,0,sales,medium
0.7,2,156,3,0,0,0,sales,low
0.33,3,86,5,1,0,0,sales,low
0.67,4,216,3,0,0,0,sales,low
0.74,3,236,4,0,0,0,sales,low
0.88,3,173,2,0,0,0,sales,low
0.46,3,148,2,0,0,0,sales,low
0.9,3,176,3,1,0,0,sales,low
0.72,5,215,2,0,0,0,sales,low
0.93,6,70,3,0,0,0,sales,low
0.38,4,197,1,0,0,0,sales,low
1.0,5,237,2,0,0,0,sales,low
0.49,3,204,4,0,0,0,sales,low
0.83,7,241,1,0,0,0,sales,low
0.36,2,179,4,1,0,0,sales,low
0.61,3,135,2,0,0,0,sales,low
0.56,4,79,2,1,0,0,sales,low
1.0,4,128,2,0,0,0,sales,low
0.98,5,175,3,0,0,0,accounting,low
1.0,5,147,3,0,0,0,accounting,low
0.83,4,232,2,0,0,0,accounting,low
0.3,3,246,3,0,0,0,hr,low
0.75,5,117,4,0,0,0,hr,medium
0.76,6,178,6,0,0,0,hr,medium
0.74,3,173,4,0,0,0,hr,medium
0.64,3,166,1,1,0,0,technical,medium
0.73,4,226,2,1,0,0,technical,medium
0.59,3,218,2,0,0,0,technical,medium
0.88,6,261,2,0,0,0,technical,medium
0.56,1,294,2,0,0,0,technical,medium
0.81,4,150,2,0,0,0,technical,medium
0.52,7,142,3,0,0,0,technical,medium
0.67,3,166,3,0,0,0,technical,medium
0.78,3,191,3,0,0,0,technical,medium
0.8,4,272,3,0,0,0,technical,high
0.7,2,198,3,0,0,0,technical,low
0.26,3,115,4,1,0,0,support,medium
1.0,5,168,4,1,0,0,support,medium
0.73,3,124,1,1,0,0,support,medium
0.59,3,214,5,0,0,0,support,medium
0.54,4,100,3,0,0,0,support,low
0.84,3,201,1,0,0,0,support,low
0.72,4,172,1,0,0,0,support,low
0.75,6,163,2,0,0,0,support,low
0.3,4,214,4,0,0,0,support,low
0.52,6,274,2,0,0,0,support,low
0.61,6,164,3,0,0,0,support,low
0.78,6,221,1,0,0,0,technical,low
0.94,4,102,3,0,0,0,technical,low
0.49,3,259,2,0,0,0,technical,low
0.8,3,227,1,0,0,0,management,low
0.93,4,168,3,0,0,0,IT,low
0.79,4,234,3,0,0,0,IT,low
0.61,5,133,4,0,0,0,IT,low
0.8,5,275,4,0,0,0,IT,low
0.59,3,205,3,0,0,0,IT,low
1.0,2,155,2,1,0,0,product_mng,low
0.51,7,205,3,1,0,0,product_mng,low
0.47,4,102,5,0,0,0,product_mng,low
0.86,3,178,5,1,0,0,product_mng,low
0.65,3,198,2,0,0,0,IT,low
0.67,5,217,2,0,0,0,RandD,medium
0.48,1,72,2,0,0,0,RandD,medium
0.56,5,266,3,0,0,0,RandD,medium
0.73,3,280,2,0,0,0,RandD,medium
0.53,4,300,8,0,0,0,RandD,medium
0.83,2,53,2,1,0,0,marketing,medium
0.86,2,169,1,0,0,0,sales,medium
1.0,3,208,2,0,0,0,accounting,medium
1.0,4,152,1,0,0,0,support,medium
0.76,7,132,6,1,0,0,technical,medium
0.67,4,164,3,0,0,0,management,medium
0.64,4,132,2,0,0,0,marketing,medium
0.92,4,191,2,0,0,0,marketing,high
0.58,3,119,3,0,0,0,marketing,low
0.91,5,111,2,0,0,0,sales,medium
0.72,2,127,5,0,0,0,sales,medium
0.26,2,50,3,0,0,0,sales,medium
0.54,7,109,2,0,0,0,sales,medium
0.49,1,211,3,0,0,0,sales,low
0.57,4,248,4,0,0,0,sales,low
0.72,4,229,4,0,0,0,sales,low
0.77,2,199,2,0,0,0,sales,low
0.92,7,112,6,0,0,0,sales,low
1.0,3,239,6,1,0,0,sales,low
0.81,4,189,3,0,0,0,sales,low
0.59,4,205,2,0,0,0,sales,low
0.71,4,185,1,0,0,0,sales,low
0.54,4,239,3,0,0,0,sales,low
0.72,5,308,1,0,0,0,sales,low
0.67,5,290,1,0,0,0,sales,low
0.83,4,206,2,1,0,0,sales,low
0.51,4,171,5,0,0,0,sales,low
0.81,6,168,4,1,0,0,sales,low
1.0,3,239,2,0,0,0,accounting,low
0.62,3,176,1,0,0,0,accounting,low
0.77,3,211,4,0,0,0,accounting,low
0.66,5,216,3,0,0,0,hr,low
0.73,3,204,3,0,0,0,hr,low
0.74,4,205,3,1,0,0,hr,low
0.98,5,191,2,0,0,0,hr,medium
0.9,5,165,1,0,0,0,technical,medium
0.84,3,221,2,0,0,0,technical,medium
0.63,6,230,2,0,0,0,technical,medium
0.53,3,209,2,0,0,0,technical,medium
0.59,3,50,2,0,0,0,technical,medium
0.72,3,206,1,0,0,0,technical,medium
0.87,4,220,2,0,0,0,technical,medium
0.4,5,181,1,0,0,0,technical,medium
0.82,3,289,1,0,0,0,technical,medium
0.5,3,189,4,0,0,0,technical,medium
0.91,3,164,3,0,0,0,technical,medium
0.61,5,167,5,0,0,0,support,high
0.84,2,225,1,1,0,0,support,low
0.71,3,241,3,0,0,0,support,medium
0.49,5,163,3,0,0,0,support,medium
0.53,2,156,4,0,0,0,support,medium
0.43,6,214,6,0,0,0,support,medium
0.63,4,267,1,0,0,0,support,low
1.0,3,162,2,0,0,0,support,low
0.68,6,130,5,0,0,0,support,low
0.91,2,103,3,1,0,0,support,low
0.64,5,215,4,0,0,0,support,low
0.79,4,144,3,0,0,0,technical,low
0.37,3,142,4,0,0,0,technical,low
0.79,3,123,3,0,0,0,technical,low
0.8,4,256,4,0,0,0,management,low
0.62,5,167,5,0,0,0,IT,low
0.65,3,181,3,1,0,0,IT,low
0.92,2,259,2,1,0,0,IT,low
0.81,2,201,5,0,0,0,IT,low
0.67,3,179,4,0,0,0,IT,low
0.89,5,107,2,0,0,0,product_mng,low
0.61,6,212,4,0,0,0,product_mng,low
0.89,3,222,3,0,0,0,product_mng,low
0.92,3,179,4,0,0,0,product_mng,low
0.61,3,151,4,0,0,0,IT,low
0.65,6,234,4,0,0,0,RandD,low
0.51,3,148,6,0,0,0,RandD,low
0.45,1,98,3,0,0,0,RandD,medium
0.46,6,216,3,0,0,0,RandD,medium
0.9,4,189,4,0,0,0,RandD,medium
0.46,4,78,3,0,0,0,marketing,medium
0.81,5,103,1,1,0,0,sales,medium
0.68,3,257,5,0,0,0,accounting,medium
0.34,3,177,3,0,0,0,support,medium
0.75,3,229,3,0,0,0,technical,medium
0.84,3,186,4,0,0,0,management,medium
0.53,3,240,3,0,0,0,marketing,medium
0.91,5,192,3,0,0,0,marketing,medium
0.76,4,255,3,1,0,0,marketing,medium
0.75,3,165,3,1,0,0,sales,high
0.98,5,133,2,0,0,0,sales,low
0.68,1,143,3,0,0,0,sales,medium
0.53,2,133,2,0,0,0,sales,medium
0.39,6,237,1,0,0,0,sales,medium
0.59,3,183,2,0,0,0,sales,medium
1.0,6,179,2,0,0,0,sales,low
0.48,3,277,7,1,0,0,sales,low
0.42,7,159,2,1,0,0,sales,low
0.64,1,256,3,0,0,0,sales,low
0.79,6,79,2,1,0,0,sales,low
0.81,3,160,2,0,0,0,sales,low
0.58,2,132,1,0,0,0,sales,low
0.48,6,180,3,1,0,0,sales,low
0.67,5,206,2,0,0,0,sales,low
0.62,4,186,2,0,0,0,sales,low
0.75,4,86,5,1,0,0,sales,low
0.47,4,107,4,0,0,0,sales,low
0.54,3,254,1,1,0,0,sales,low
0.8,6,241,4,1,0,0,accounting,low
0.32,4,195,2,1,0,0,accounting,low
0.92,3,252,1,0,0,0,accounting,low
0.32,4,226,1,0,0,0,hr,low
0.71,2,81,2,0,0,0,hr,low
0.62,5,273,5,1,0,0,hr,low
0.95,3,206,4,1,0,0,hr,low
0.99,3,244,2,0,0,0,technical,low
0.31,4,213,6,1,0,0,technical,medium
0.87,4,190,3,1,0,0,technical,medium
0.77,5,160,4,0,0,0,technical,medium
0.66,5,200,2,0,0,0,technical,medium
0.96,5,196,2,0,0,0,technical,medium
0.91,3,225,3,0,0,0,technical,medium
0.59,4,149,5,1,0,0,technical,medium
0.73,4,186,5,0,0,0,technical,medium
0.98,4,246,4,1,0,0,technical,medium
0.38,2,273,2,0,0,0,technical,medium
0.6,2,176,1,0,0,0,support,medium
0.8,2,158,2,1,0,0,support,medium
0.37,3,229,2,1,0,0,support,high
0.65,3,218,2,0,0,0,support,low
0.86,2,183,4,0,0,0,support,medium
1.0,4,234,3,1,0,0,support,medium
0.75,5,335,2,0,0,0,support,medium
0.53,5,246,1,1,0,0,support,medium
0.77,4,128,4,0,0,0,support,low
0.5,4,173,6,0,0,0,support,low
0.64,6,214,4,0,0,0,support,low
0.9,5,291,7,0,0,0,technical,low
0.65,5,250,2,0,0,0,technical,low
0.57,3,144,1,0,0,0,technical,low
0.7,4,221,2,0,0,0,management,low
0.8,5,211,2,1,0,0,IT,low
0.47,1,119,2,0,0,0,IT,low
0.91,5,287,3,0,0,0,IT,low
0.99,6,269,3,0,0,0,IT,low
0.82,5,272,7,0,0,0,IT,low
0.6,4,184,2,1,0,0,product_mng,low
0.78,4,93,4,0,0,0,product_mng,low
0.82,7,171,2,0,0,0,product_mng,low
0.82,7,133,1,0,0,0,product_mng,low
0.78,2,187,2,0,0,0,IT,low
0.66,5,120,7,1,0,0,RandD,low
0.57,4,268,1,0,0,0,RandD,low
0.96,7,211,2,0,0,0,RandD,low
0.58,2,256,4,1,0,0,RandD,low
0.39,3,179,4,0,0,0,RandD,medium
0.96,2,217,2,0,0,0,marketing,medium
0.72,4,262,5,1,0,0,sales,medium
0.54,2,192,2,0,0,0,accounting,medium
0.85,4,250,3,0,0,0,support,medium
0.5,2,156,2,0,0,0,technical,medium
0.86,5,209,2,0,0,0,management,medium
0.55,4,204,6,1,0,0,marketing,medium
0.87,4,226,6,0,0,0,marketing,medium
0.6,3,181,5,0,0,0,marketing,medium
0.62,3,125,3,0,0,0,sales,medium
0.47,5,150,3,1,0,0,sales,medium
0.61,4,223,4,0,0,0,sales,high
0.39,3,161,3,0,0,0,sales,low
0.4,5,168,2,0,0,0,sales,medium
0.87,2,121,3,0,0,0,sales,medium
0.75,3,158,4,1,0,0,sales,medium
0.6,5,212,3,0,0,0,sales,medium
0.55,4,178,1,0,0,0,sales,low
0.81,2,162,5,0,0,0,sales,low
0.54,3,316,3,0,0,0,sales,low
0.73,4,147,1,0,0,0,sales,low
0.86,3,171,6,0,0,0,sales,low
0.86,3,195,2,0,0,0,sales,low
0.42,2,265,4,0,0,0,sales,low
1.0,3,179,3,0,0,0,sales,low
0.63,5,238,6,0,0,0,sales,low
0.45,2,68,3,0,0,0,sales,low
0.75,4,156,5,0,0,0,sales,low
0.84,4,117,4,0,0,0,accounting,low
0.71,2,213,2,0,0,0,accounting,low
0.85,6,204,3,0,0,0,accounting,low
0.97,4,177,2,0,0,0,hr,low
0.54,3,173,3,0,0,0,hr,low
0.36,3,259,2,0,0,0,hr,low
0.59,3,224,3,1,0,0,hr,low
0.51,3,101,5,0,0,0,technical,low
0.74,6,256,3,1,0,0,technical,low
1.0,1,238,1,0,0,0,technical,low
0.68,4,207,1,0,0,0,technical,medium
0.96,4,119,1,0,0,0,technical,medium
0.83,2,239,1,0,0,0,technical,medium
1.0,5,147,1,0,0,0,technical,medium
0.74,4,310,5,0,0,0,technical,medium
0.69,3,175,3,1,0,0,technical,medium
0.82,4,228,1,0,0,0,technical,medium
0.64,4,104,3,0,0,0,technical,medium
0.45,3,202,5,1,0,0,support,medium
0.67,2,244,1,0,0,0,support,medium
0.5,4,289,4,0,0,0,support,medium
0.27,2,176,3,1,0,0,support,medium
0.64,5,239,2,1,0,0,support,high
0.86,2,177,2,0,0,0,support,low
0.6,3,133,4,0,0,0,support,medium
1.0,4,163,6,1,0,0,support,medium
0.76,2,217,3,0,0,0,support,medium
0.94,4,204,3,0,0,0,support,medium
0.66,3,164,5,0,0,0,support,low
0.75,4,121,4,0,0,0,technical,low
0.61,3,119,3,0,0,0,technical,low
0.71,3,194,4,0,0,0,technical,low
0.57,5,140,5,0,0,0,management,low
0.81,4,266,3,1,0,0,IT,low
0.57,6,151,2,0,0,0,IT,low
0.92,5,268,3,0,0,0,IT,low
0.86,3,89,3,0,0,0,IT,low
0.79,5,215,2,1,0,0,IT,low
1.0,5,194,5,0,0,0,product_mng,low
1.0,3,186,3,1,0,0,product_mng,low
0.73,5,153,3,1,0,0,product_mng,low
0.59,4,139,1,0,0,0,product_mng,low
0.56,4,228,3,0,0,0,IT,low
0.85,3,179,3,0,0,0,RandD,low
0.88,7,214,4,0,0,0,RandD,low
0.85,5,213,3,0,0,0,RandD,low
0.61,3,167,4,1,0,0,RandD,low
0.89,4,261,4,0,0,0,RandD,low
0.88,3,277,4,0,0,0,marketing,low
0.36,5,208,3,0,0,0,marketing,medium
0.95,5,191,3,0,0,0,sales,medium
0.82,4,129,4,0,0,0,accounting,medium
0.78,4,209,5,0,0,0,support,medium
1.0,4,296,3,0,0,0,technical,medium
1.0,5,195,4,0,0,0,management,medium
0.83,4,150,2,0,0,0,marketing,medium
0.78,6,136,4,0,0,0,marketing,medium
0.81,1,284,4,0,0,0,marketing,medium
0.54,5,203,5,0,0,0,sales,medium
0.7,5,237,2,0,0,0,sales,medium
0.85,5,232,5,0,0,0,sales,medium
0.49,3,338,5,1,0,0,sales,high
0.86,2,280,2,0,0,0,sales,low
0.55,3,174,3,0,0,0,sales,medium
0.94,5,164,2,0,0,0,sales,medium
0.73,3,221,3,0,0,0,sales,medium
0.82,6,144,4,0,0,0,sales,medium
0.54,2,196,3,0,0,0,sales,low
0.71,5,300,2,0,0,0,sales,low
0.6,6,230,5,0,0,0,sales,low
0.61,4,108,2,0,0,0,sales,low
0.76,6,228,5,0,0,0,sales,low
0.75,2,238,4,0,0,0,sales,low
0.78,6,292,2,0,0,0,sales,low
0.79,2,188,4,0,0,0,sales,low
0.61,7,67,4,1,0,0,sales,low
1.0,3,242,2,0,0,0,sales,low
0.43,5,181,2,0,0,0,accounting,low
0.5,4,254,5,0,0,0,accounting,low
0.84,5,260,1,0,0,0,accounting,low
0.62,3,274,5,0,0,0,hr,low
1.0,6,268,3,0,0,0,hr,low
0.43,1,215,3,0,0,0,hr,low
0.39,4,254,1,0,0,0,hr,low
0.59,5,261,4,0,0,0,technical,low
0.56,4,230,2,0,0,0,technical,low
0.65,4,109,3,0,0,0,technical,low
1.0,2,228,2,0,0,0,technical,low
0.59,5,192,1,0,0,0,technical,medium
0.55,5,235,4,0,0,0,technical,medium
0.77,4,274,3,0,0,0,technical,medium
0.86,3,94,4,0,0,0,technical,medium
0.58,3,194,4,0,0,0,technical,medium
0.85,4,283,1,0,0,0,technical,medium
0.84,6,172,3,0,0,0,technical,medium
0.84,3,232,5,0,0,0,support,medium
0.63,5,243,2,0,0,0,support,medium
0.62,5,251,3,0,0,0,support,medium
0.74,4,220,2,1,0,0,support,medium
0.46,5,152,3,0,0,0,support,medium
1.0,4,297,6,0,0,0,support,high
0.55,4,123,5,0,0,0,support,low
0.96,2,221,6,0,0,0,support,medium
0.65,6,106,3,0,0,0,support,medium
0.61,5,91,2,0,0,0,support,medium
0.7,3,150,2,1,0,0,support,medium
0.98,1,277,6,0,0,0,technical,low
0.7,6,242,3,0,0,0,technical,low
0.71,3,91,3,0,0,0,technical,low
0.6,5,118,4,0,0,0,management,low
0.91,3,175,3,0,0,0,IT,low
0.72,3,217,4,0,0,0,IT,low
0.97,5,241,4,0,0,0,IT,low
1.0,6,102,3,0,0,0,IT,low
0.85,5,257,4,0,0,0,IT,low
0.98,4,149,2,1,0,0,product_mng,low
0.95,4,116,3,0,0,0,product_mng,low
0.5,4,231,1,0,0,0,product_mng,low
0.58,6,248,4,0,0,0,product_mng,low
0.63,1,188,3,1,0,0,IT,low
0.74,2,205,4,0,0,0,RandD,low
0.58,5,217,2,0,0,0,RandD,low
1.0,3,140,4,0,0,0,RandD,low
0.56,4,150,3,0,0,0,RandD,low
0.49,4,153,4,1,0,0,RandD,low
0.91,3,230,4,0,0,0,RandD,low
0.82,3,89,1,1,0,0,marketing,low
0.73,2,235,2,0,0,0,sales,medium
0.57,2,205,2,0,0,0,accounting,medium
0.95,3,199,2,0,0,0,support,medium
1.0,6,172,2,1,0,0,technical,medium
0.83,4,148,4,0,0,0,management,medium
0.75,4,292,2,0,0,0,marketing,medium
0.87,5,219,2,0,0,0,marketing,medium
0.89,4,259,1,0,0,0,marketing,medium
0.64,3,136,3,0,0,0,sales,medium
0.71,4,262,3,0,0,0,sales,medium
0.93,2,149,5,0,0,0,sales,medium
0.71,3,181,2,1,0,0,sales,medium
0.39,5,185,3,0,0,0,sales,high
0.68,3,95,3,0,0,0,sales,low
1.0,2,270,2,0,0,0,sales,medium
0.58,4,224,4,0,0,0,sales,medium
0.39,2,207,5,0,0,0,sales,medium
0.98,4,187,4,0,0,0,sales,medium
0.9,4,176,1,0,0,0,sales,low
0.67,6,338,4,0,0,0,sales,low
0.7,3,316,5,0,0,0,sales,low
0.42,3,161,3,0,0,0,sales,low
0.52,3,251,4,0,0,0,sales,low
0.9,4,150,1,0,0,0,sales,low
1.0,5,178,5,1,0,0,sales,low
0.8,7,228,4,0,0,0,sales,low
0.64,3,230,3,1,0,0,sales,low
0.52,2,89,3,0,0,0,accounting,low
0.78,5,193,1,1,0,0,accounting,low
0.67,5,211,2,0,0,0,accounting,low
0.81,1,155,6,0,0,0,hr,low
0.88,5,213,2,0,0,0,hr,low
1.0,5,235,3,1,0,0,hr,low
0.47,6,215,3,0,0,0,hr,low
0.82,5,270,5,0,0,0,technical,low
1.0,3,268,1,1,0,0,technical,low
0.55,3,121,3,1,0,0,technical,low
0.71,6,241,3,0,0,0,technical,low
0.63,4,210,3,0,0,0,technical,low
0.62,3,112,4,0,0,0,technical,medium
1.0,4,183,3,1,0,0,technical,medium
0.65,4,124,7,0,0,0,technical,medium
0.6,3,238,3,0,0,0,technical,medium
0.49,4,192,4,0,0,0,technical,medium
0.8,3,257,4,0,0,0,technical,medium
0.78,3,188,2,0,0,0,support,medium
0.65,5,288,4,0,0,0,support,medium
0.81,4,183,3,0,0,0,support,medium
0.75,4,218,5,0,0,0,support,medium
0.38,4,316,3,0,0,0,support,medium
0.56,4,168,2,0,0,0,support,medium
0.85,3,337,3,0,0,0,support,high
0.51,4,165,3,1,0,0,support,low
0.75,3,238,5,0,0,0,support,medium
0.67,4,235,3,0,0,0,support,medium
0.61,3,126,2,0,0,0,support,medium
0.99,3,270,3,0,0,0,technical,medium
1.0,6,217,3,0,0,0,technical,low
0.8,6,241,9,0,0,0,technical,low
0.4,4,106,3,0,0,0,management,low
1.0,6,235,3,0,0,0,IT,low
0.46,3,158,4,1,0,0,IT,low
0.87,4,242,2,0,0,0,IT,low
1.0,3,133,1,0,0,0,IT,low
0.89,3,153,3,0,0,0,IT,low
0.32,5,300,2,0,0,0,product_mng,low
0.61,3,296,3,0,0,0,product_mng,low
0.84,3,149,3,0,0,0,product_mng,low
0.83,4,205,2,1,0,0,product_mng,low
0.96,5,205,3,0,0,0,IT,low
0.68,2,221,5,0,0,0,RandD,low
0.72,4,318,2,1,0,0,RandD,low
0.72,4,166,1,0,0,0,RandD,low
1.0,4,248,2,0,0,0,RandD,low
0.77,5,308,4,0,0,0,RandD,low
0.65,4,249,1,0,0,0,RandD,low
0.87,2,129,2,0,0,0,marketing,low
0.54,5,171,3,1,0,0,sales,low
0.64,5,172,2,0,0,0,accounting,medium
0.75,4,190,2,0,0,0,support,medium
0.66,5,162,3,0,0,0,technical,medium
0.95,4,208,2,1,0,0,management,medium
0.4,3,83,3,0,0,0,marketing,medium
0.62,5,55,4,0,0,0,marketing,medium
0.87,5,242,5,1,0,0,marketing,medium
0.7,4,169,4,1,0,0,sales,medium
0.63,3,186,1,0,0,0,sales,medium
0.83,3,191,1,0,0,0,sales,medium
0.94,3,181,7,0,0,0,sales,medium
0.91,4,212,4,0,0,0,sales,medium
0.54,4,193,3,0,0,0,sales,high
1.0,5,152,5,0,0,0,sales,low
0.56,2,254,4,1,0,0,sales,medium
0.64,4,211,4,0,0,0,sales,medium
0.78,1,180,1,1,0,0,sales,medium
0.81,1,171,5,0,0,0,sales,medium
0.45,4,237,3,1,0,0,sales,low
0.51,4,163,4,0,0,0,sales,low
0.56,6,241,2,0,0,0,sales,low
0.57,3,168,2,1,0,0,sales,low
0.82,4,149,3,0,0,0,sales,low
0.68,2,181,3,0,0,0,sales,low
0.6,2,221,5,0,0,0,sales,low
0.54,4,211,2,0,0,0,sales,low
1.0,2,310,5,1,0,0,accounting,low
0.64,2,192,4,1,0,0,accounting,low
0.88,3,71,4,0,0,0,accounting,low
0.87,4,120,3,0,0,0,hr,low
1.0,4,240,6,0,0,0,hr,low
0.53,6,254,4,0,0,0,hr,low
0.99,5,193,2,1,0,0,hr,low
0.7,4,197,1,0,0,0,technical,low
0.56,4,214,4,0,0,0,technical,low
0.73,3,241,3,0,0,0,technical,low
0.92,3,191,2,0,0,0,technical,low
0.37,3,83,7,1,0,0,technical,low
1.0,4,207,1,0,0,0,technical,low
0.9,6,275,4,0,0,0,technical,medium
0.53,6,145,1,0,0,0,technical,medium
0.59,3,146,4,1,0,0,technical,medium
0.72,4,161,2,1,0,0,technical,medium
0.94,4,216,1,1,0,0,technical,medium
0.8,4,257,1,0,0,0,support,medium
0.68,5,186,5,0,0,0,support,medium
0.78,4,94,4,0,0,0,support,medium
0.85,5,141,3,0,0,0,support,medium
0.56,4,216,3,0,0,0,support,medium
0.43,6,224,3,1,0,0,support,medium
0.82,1,81,4,0,0,0,support,medium
0.72,2,285,5,0,0,0,support,high
0.6,2,204,6,0,0,0,support,low
0.83,7,304,6,0,0,0,support,medium
0.72,7,132,6,0,0,0,support,medium
0.4,4,191,2,0,0,0,technical,medium
0.6,4,151,5,0,0,0,technical,medium
1.0,2,268,3,0,0,0,technical,low
1.0,3,281,4,0,0,0,management,low
0.75,3,259,1,0,0,0,IT,low
0.83,3,294,3,0,0,0,IT,low
0.87,6,174,4,0,0,0,IT,low
0.8,5,144,3,0,0,0,IT,low
0.6,5,80,6,1,0,0,IT,low
0.54,4,184,3,0,0,0,product_mng,low
0.61,6,188,3,0,0,0,product_mng,low
0.91,3,160,4,0,0,0,product_mng,low
0.78,5,192,6,0,0,0,product_mng,low
0.96,6,233,1,0,0,0,IT,low
0.88,6,147,4,0,0,0,RandD,low
0.78,4,87,1,0,0,0,RandD,low
0.56,2,259,1,0,0,0,RandD,low
0.94,6,231,1,0,0,0,RandD,low
0.93,1,228,3,0,0,0,RandD,low
0.85,6,228,2,1,0,0,RandD,low
0.79,4,202,4,0,0,0,marketing,low
0.57,6,203,1,0,0,0,sales,low
0.88,2,203,3,0,0,0,accounting,low
1.0,3,188,1,1,0,0,support,medium
0.49,3,268,4,1,0,0,technical,medium
0.94,5,193,1,0,0,0,management,medium
0.8,4,244,4,0,0,0,marketing,medium
0.5,3,160,5,1,0,0,marketing,medium
0.52,2,304,3,0,0,0,marketing,medium
0.59,4,194,4,0,0,0,sales,medium
0.69,3,147,2,0,0,0,sales,medium
0.76,2,196,3,0,0,0,sales,medium
0.57,4,204,4,1,0,0,sales,medium
0.75,3,143,2,0,0,0,sales,medium
0.96,3,234,2,0,0,0,sales,medium
0.91,3,227,2,0,0,0,sales,high
0.68,5,304,1,1,0,0,sales,low
0.73,4,236,4,0,0,0,sales,medium
0.54,3,256,3,0,0,0,sales,medium
0.52,5,98,3,0,0,0,sales,medium
0.93,3,212,5,1,0,0,sales,medium
0.38,1,126,4,0,0,0,sales,low
0.88,4,235,4,1,0,0,sales,low
0.54,5,267,7,0,0,0,sales,low
0.54,4,252,4,0,0,0,sales,low
0.37,3,262,2,1,0,0,sales,low
0.57,3,194,3,0,0,0,sales,low
0.92,4,249,3,0,0,0,sales,low
0.69,4,215,4,0,0,0,accounting,low
0.92,4,107,3,0,0,0,accounting,low
0.89,4,156,2,0,0,0,accounting,low
0.87,3,120,1,0,0,0,hr,low
0.62,5,213,3,0,0,0,hr,low
0.63,5,142,2,0,0,0,hr,low
0.7,3,100,4,0,0,0,hr,low
0.81,1,252,4,0,0,0,technical,low
0.87,4,226,5,0,0,0,technical,low
0.84,3,218,2,0,0,0,technical,low
0.43,4,183,1,0,0,0,technical,low
0.84,3,199,3,0,0,0,technical,low
0.92,6,193,1,0,0,0,technical,low
0.74,2,185,3,0,0,0,technical,low
0.54,2,159,1,0,0,0,technical,medium
0.83,3,180,3,0,0,0,technical,medium
0.87,4,150,3,0,0,0,technical,medium
0.31,5,167,4,0,0,0,technical,medium
0.89,4,236,6,1,0,0,support,medium
0.51,7,183,4,1,0,0,support,medium
0.74,3,229,2,1,0,0,support,medium
0.51,2,213,3,1,0,0,support,medium
0.96,5,116,2,0,0,0,support,medium
0.83,4,148,1,0,0,0,support,medium
0.77,4,203,2,0,0,0,support,medium
0.9,3,196,5,0,0,0,support,medium
0.89,5,309,3,0,0,0,support,high
0.39,4,179,3,1,0,0,support,low
0.84,4,275,2,1,0,0,support,medium
0.78,4,201,3,0,0,0,technical,medium
0.61,2,125,3,0,0,0,technical,medium
0.47,3,235,2,0,0,0,technical,medium
1.0,4,200,3,1,0,0,management,low
0.84,3,234,2,0,0,0,IT,low
0.96,4,273,3,0,0,0,IT,low
0.83,6,250,3,0,0,0,IT,low
0.64,3,184,2,0,0,0,IT,low
0.94,4,281,4,0,0,0,IT,low
0.63,4,209,7,0,0,0,product_mng,low
0.73,4,196,3,1,0,0,product_mng,low
0.51,3,271,2,0,0,0,product_mng,low
1.0,4,178,1,1,0,0,product_mng,low
0.95,1,108,6,0,0,0,IT,low
0.14,2,151,7,0,0,0,RandD,low
0.51,4,191,3,0,0,0,RandD,low
0.62,5,98,5,1,0,0,RandD,low
0.98,3,378,4,1,0,0,RandD,low
0.72,2,190,4,0,0,0,RandD,low
0.88,5,270,3,0,0,0,RandD,low
0.93,4,191,2,0,0,0,marketing,low
1.0,5,148,5,0,0,0,sales,low
0.58,3,215,3,0,0,0,accounting,low
0.62,4,195,5,0,0,0,support,low
0.63,6,232,3,0,0,0,technical,medium
0.72,4,284,5,0,0,0,management,medium
0.85,2,135,3,0,0,0,marketing,medium
0.97,4,158,1,0,0,0,marketing,medium
0.75,4,190,1,0,0,0,marketing,medium
0.6,5,243,6,0,0,0,sales,medium
0.37,2,203,6,1,0,0,sales,medium
0.87,3,241,3,0,0,0,sales,medium
0.87,5,297,6,0,0,0,sales,medium
0.91,4,256,3,1,0,0,sales,medium
0.55,4,152,1,0,0,0,sales,medium
0.98,5,226,3,0,0,0,sales,medium
0.51,4,142,4,0,0,0,sales,high
1.0,5,239,6,0,0,0,sales,low
0.81,4,111,5,0,0,0,sales,medium
0.65,5,245,3,1,0,0,sales,medium
0.53,1,111,4,0,0,0,sales,medium
0.31,3,103,2,0,0,0,sales,medium
0.68,2,203,2,0,0,0,sales,low
0.85,2,228,3,1,0,0,sales,low
0.66,3,171,4,0,0,0,sales,low
0.78,3,200,1,0,0,0,sales,low
0.86,4,173,3,1,0,0,sales,low
0.53,2,255,1,0,0,0,sales,low
0.84,4,273,7,0,0,0,accounting,low
0.65,4,133,3,0,0,0,accounting,low
0.8,4,110,4,0,0,0,accounting,low
0.65,5,225,1,0,0,0,hr,low
0.77,1,95,3,0,0,0,hr,low
1.0,4,153,3,0,0,0,hr,low
0.79,4,222,3,0,0,0,hr,low
0.62,4,172,4,0,0,0,technical,low
0.95,3,90,4,1,0,0,technical,low
0.52,6,230,1,0,0,0,technical,low
0.75,2,177,3,0,0,0,technical,low
0.71,3,221,2,0,0,0,technical,low
0.72,4,234,1,1,0,0,technical,low
0.89,4,142,3,0,0,0,technical,low
0.57,2,121,3,0,0,0,technical,low
0.81,2,143,4,0,0,0,technical,medium
0.71,2,203,4,1,0,0,technical,medium
0.71,4,133,4,0,0,0,technical,medium
0.54,3,192,3,0,0,0,support,medium
0.39,4,109,5,0,0,0,support,medium
0.86,6,184,5,0,0,0,support,medium
0.95,4,193,3,0,0,0,support,medium
0.71,2,254,3,0,0,0,support,medium
0.54,4,166,5,0,0,0,support,medium
0.57,4,289,2,0,0,0,support,medium
0.63,4,146,3,0,0,0,support,medium
0.7,2,117,4,0,0,0,support,medium
0.57,2,123,3,0,0,0,support,high
0.52,6,172,5,0,0,0,support,low
0.87,5,249,4,0,0,0,technical,medium
0.65,3,222,2,0,0,0,technical,medium
0.45,2,183,6,0,0,0,technical,medium
0.78,3,222,3,0,0,0,management,medium
0.64,3,267,3,0,0,0,IT,low
0.65,4,201,3,1,0,0,IT,low
0.7,5,257,2,1,0,0,IT,low
0.74,1,192,3,1,0,0,IT,low
0.71,5,145,4,0,0,0,IT,low
0.32,3,268,2,0,0,0,product_mng,low
0.65,2,173,2,0,0,0,product_mng,low
0.61,4,146,3,0,0,0,product_mng,low
0.93,5,196,4,0,0,0,product_mng,low
1.0,2,180,3,0,0,0,IT,low
0.74,3,275,3,0,0,0,RandD,low
0.79,6,101,2,1,0,0,RandD,low
0.38,5,299,4,0,0,0,RandD,low
0.64,2,149,3,0,0,0,RandD,low
0.66,5,248,3,1,0,0,RandD,low
0.65,2,283,4,0,0,0,marketing,low
0.91,4,118,3,0,0,0,sales,low
0.74,4,279,5,1,0,0,accounting,low
0.35,2,86,4,0,0,0,support,low
0.99,2,172,1,0,0,0,technical,low
0.62,4,245,3,0,0,0,management,low
0.66,3,241,3,0,0,0,marketing,medium
0.7,3,253,4,0,0,0,marketing,medium
0.76,5,219,2,0,0,0,marketing,medium
0.75,7,157,5,0,0,0,sales,medium
0.55,3,240,5,0,0,0,sales,medium
0.86,2,302,1,0,0,0,sales,medium
0.83,3,121,1,0,0,0,sales,medium
0.85,5,256,3,0,0,0,sales,medium
0.65,1,50,6,0,0,0,sales,medium
0.45,4,281,6,0,0,0,sales,medium
0.89,7,63,4,0,0,0,sales,medium
0.83,4,160,1,0,0,0,sales,medium
0.95,3,212,2,0,0,0,sales,high
0.3,7,160,7,1,0,0,sales,low
0.98,2,278,3,0,0,0,sales,medium
0.49,4,160,3,0,0,0,sales,medium
0.56,5,283,1,0,0,0,sales,medium
0.56,4,210,1,0,0,0,sales,medium
0.92,4,159,4,0,0,0,sales,low
0.83,3,138,2,1,0,0,sales,low
0.59,4,293,4,0,0,0,sales,low
0.88,3,285,1,0,0,0,sales,low
0.93,4,209,1,0,0,0,accounting,low
0.96,4,162,3,0,0,0,accounting,low
0.68,3,197,4,0,0,0,accounting,low
0.33,3,184,5,0,0,0,hr,low
0.99,4,190,2,0,0,0,hr,low
0.85,4,280,3,0,0,0,hr,low
0.66,2,103,5,1,0,0,hr,low
0.58,2,155,1,0,0,0,technical,low
0.67,5,238,4,0,0,0,technical,low
0.47,4,217,3,1,0,0,technical,low
0.59,3,229,3,0,0,0,technical,low
1.0,3,224,3,0,0,0,technical,low
0.46,3,146,7,0,0,0,technical,low
0.93,2,185,5,0,0,0,technical,low
0.49,4,265,1,0,0,0,technical,low
1.0,4,302,1,1,0,0,technical,low
0.84,6,174,2,0,0,0,technical,low
0.8,4,259,5,0,0,0,technical,medium
0.22,4,194,3,0,0,0,support,medium
0.91,4,236,3,0,0,0,support,medium
0.66,2,235,4,0,0,0,support,medium
0.87,4,243,3,0,0,0,support,medium
0.64,3,225,3,0,0,0,support,medium
0.68,4,267,1,0,0,0,support,medium
0.88,5,171,2,1,0,0,support,medium
0.85,5,141,3,0,0,0,support,medium
0.8,5,227,1,0,0,0,support,medium
0.9,3,152,3,0,0,0,support,medium
0.67,6,280,2,0,0,0,support,medium
0.91,1,218,3,0,0,0,technical,high
0.69,3,176,3,0,0,0,technical,low
0.79,3,222,3,0,0,0,technical,medium
0.44,5,323,4,0,0,0,management,medium
0.78,4,118,2,0,0,0,IT,medium
0.74,2,246,1,0,0,0,IT,medium
0.98,6,154,4,1,0,0,IT,low
0.64,4,157,3,0,0,0,IT,low
0.9,3,203,3,1,0,0,IT,low
0.73,4,226,3,1,0,0,product_mng,low
0.63,4,153,5,0,0,0,product_mng,low
0.89,2,153,6,0,0,0,product_mng,low
0.4,2,234,1,0,0,0,product_mng,low
0.68,5,131,2,0,0,0,IT,low
0.64,3,195,4,0,0,0,RandD,low
0.94,4,158,2,0,0,0,RandD,low
0.87,6,257,1,0,0,0,RandD,low
0.62,3,308,3,0,0,0,RandD,low
0.7,5,269,4,0,0,0,RandD,low
0.85,5,156,2,0,0,0,marketing,low
0.93,2,220,2,0,0,0,marketing,low
0.63,5,95,3,0,0,0,sales,low
0.61,5,327,2,0,0,0,accounting,low
0.63,4,191,2,0,0,0,support,low
0.8,4,168,1,0,0,0,technical,low
0.56,3,180,3,0,0,0,management,low
0.3,3,227,4,0,0,0,marketing,low
0.51,5,292,5,1,0,0,marketing,medium
0.74,5,149,2,0,0,0,marketing,medium
0.59,5,180,2,0,0,0,sales,medium
0.62,4,187,4,0,0,0,sales,medium
1.0,3,148,4,0,0,0,sales,medium
0.66,5,77,3,0,0,0,sales,medium
0.84,4,51,1,0,0,0,sales,medium
0.59,5,242,4,0,0,0,sales,medium
0.49,3,159,3,1,0,0,sales,medium
0.85,4,153,4,0,0,0,sales,medium
0.6,3,146,1,0,0,0,sales,medium
0.71,5,214,4,0,0,0,sales,medium
0.32,4,146,6,0,0,0,sales,high
0.57,5,218,2,0,0,0,sales,low
0.75,2,208,2,0,0,0,sales,medium
0.29,5,259,5,0,0,0,sales,medium
0.65,5,194,2,1,0,0,sales,medium
0.58,2,138,1,0,0,0,sales,medium
0.89,6,202,3,0,0,0,sales,low
0.96,5,175,4,1,0,0,sales,low
0.58,4,174,4,0,0,0,sales,low
0.91,3,131,4,0,0,0,accounting,low
0.6,3,145,3,0,0,0,accounting,low
0.74,3,221,3,0,0,0,accounting,low
0.65,3,268,1,1,0,0,hr,low
0.88,4,161,3,1,0,0,hr,low
0.89,4,188,2,0,0,0,hr,low
0.78,6,160,4,0,0,0,hr,low
0.77,4,207,3,0,0,0,technical,low
0.66,3,108,3,0,0,0,technical,low
0.88,3,182,4,0,0,0,technical,low
0.63,5,181,3,0,0,0,technical,low
0.44,3,149,3,1,0,0,technical,low
0.84,1,184,3,0,0,0,technical,low
0.86,4,144,3,1,0,0,technical,low
0.96,4,227,3,0,0,0,technical,low
0.94,4,200,3,0,0,0,technical,low
0.58,6,270,5,0,0,0,technical,low
0.82,4,95,3,0,0,0,technical,low
0.74,6,198,3,1,0,0,support,medium
0.59,6,316,2,0,0,0,support,medium
0.88,3,275,1,0,0,0,support,medium
1.0,5,50,2,0,0,0,support,medium
0.63,3,200,4,0,0,0,support,medium
0.89,4,300,1,0,0,0,support,medium
0.35,4,162,1,0,0,0,support,medium
0.72,5,83,4,1,0,0,support,medium
0.99,2,217,3,0,0,0,support,medium
0.83,5,218,4,0,0,0,support,medium
0.95,3,155,3,0,0,0,support,medium
0.87,7,155,6,1,0,0,technical,medium
0.73,3,179,3,0,0,0,technical,high
0.66,4,194,2,0,0,0,technical,low
0.66,6,274,6,0,0,0,management,medium
0.85,4,153,5,1,0,0,IT,medium
0.68,3,185,4,0,0,0,IT,medium
0.82,6,276,3,0,0,0,IT,medium
0.48,2,172,4,0,0,0,IT,low
0.52,3,140,8,1,0,0,IT,low
0.99,4,280,2,1,0,0,product_mng,low
0.44,4,147,2,0,0,0,product_mng,low
0.95,2,107,4,0,0,0,product_mng,low
0.55,4,173,4,0,0,0,product_mng,low
0.87,4,328,2,1,0,0,IT,low
0.93,4,130,2,0,0,0,RandD,low
0.66,6,161,5,0,0,0,RandD,low
0.38,3,108,4,0,0,0,RandD,low
0.48,4,191,4,0,0,0,RandD,low
0.63,4,195,3,0,0,0,RandD,low
0.63,5,294,6,0,0,0,marketing,low
0.58,3,181,2,0,0,0,sales,low
0.47,3,155,2,0,0,0,accounting,low
0.79,4,111,3,1,0,0,support,low
0.45,2,237,4,0,0,0,technical,low
0.6,4,309,4,0,0,0,management,low
0.57,3,242,2,0,0,0,marketing,low
0.35,4,259,1,0,0,0,marketing,low
0.89,4,144,3,0,0,0,marketing,low
0.47,4,295,2,0,0,0,sales,medium
0.48,5,213,2,0,0,0,sales,medium
0.59,5,241,5,0,0,0,sales,medium
0.91,4,132,2,0,0,0,sales,medium
0.61,4,145,4,0,0,0,sales,medium
1.0,4,249,4,0,0,0,sales,medium
0.65,3,212,5,0,0,0,sales,medium
0.5,5,146,3,0,0,0,sales,medium
0.89,3,174,3,0,0,0,sales,medium
0.87,3,243,1,0,0,0,sales,medium
1.0,4,254,3,0,0,0,sales,medium
0.72,3,102,3,0,0,0,sales,medium
0.79,3,237,3,0,0,0,sales,high
0.61,3,252,3,0,0,0,sales,low
0.73,2,286,4,1,0,0,sales,medium
0.62,6,138,4,0,0,0,sales,medium
0.94,2,233,3,0,0,0,sales,medium
0.65,4,326,5,0,0,0,sales,medium
0.83,3,232,1,0,0,0,sales,low
0.57,3,144,3,1,0,0,accounting,low
0.36,3,279,2,0,0,0,accounting,low
0.55,4,119,3,1,0,0,accounting,low
0.8,4,234,2,0,0,0,hr,low
0.55,4,96,5,0,0,0,hr,low
0.91,5,227,5,0,0,0,hr,low
0.44,3,328,3,1,0,0,hr,low
0.58,4,201,2,1,0,0,technical,low
0.39,5,102,2,0,0,0,technical,low
0.67,4,120,4,1,0,0,technical,low
0.7,3,275,4,1,0,0,technical,low
0.84,5,139,3,0,0,0,technical,low
0.53,2,203,4,0,0,0,technical,low
1.0,3,273,4,0,0,0,technical,low
0.78,4,266,2,0,0,0,technical,low
0.78,3,209,4,0,0,0,technical,low
0.38,2,112,6,0,0,0,technical,low
0.63,1,239,5,0,0,0,technical,low
0.8,4,142,3,0,0,0,support,low
0.64,3,314,4,0,0,0,support,low
0.7,2,199,3,0,0,0,support,medium
0.88,5,181,3,0,0,0,support,medium
0.73,3,242,4,0,0,0,support,medium
0.74,6,139,8,1,0,0,support,medium
0.24,3,167,2,0,0,0,support,medium
1.0,3,108,5,0,0,0,support,medium
1.0,3,198,2,0,0,0,support,medium
0.34,3,257,5,0,0,0,support,medium
0.85,3,171,2,0,0,0,support,medium
0.68,5,127,5,0,0,0,technical,medium
0.79,3,277,7,1,0,0,technical,medium
0.7,3,248,5,0,0,0,technical,medium
0.69,3,126,3,0,0,0,management,high
0.55,6,168,1,0,0,0,IT,low
0.68,3,277,3,0,0,0,IT,medium
0.87,1,153,2,0,0,0,IT,medium
0.9,3,160,4,0,0,0,IT,medium
1.0,5,141,4,0,0,0,IT,medium
0.53,2,192,3,0,0,0,product_mng,low
0.69,4,195,4,1,0,0,product_mng,low
0.74,3,191,4,0,0,0,product_mng,low
0.53,3,259,3,0,0,0,product_mng,low
0.35,4,160,1,0,0,0,IT,low
0.88,5,192,5,0,0,0,RandD,low
0.48,4,191,3,0,0,0,RandD,low
1.0,3,241,1,0,0,0,RandD,low
0.94,5,268,7,1,0,0,RandD,low
0.62,5,163,2,0,0,0,RandD,low
0.58,6,262,5,0,0,0,marketing,low
0.66,3,266,5,0,0,0,sales,low
0.52,3,144,3,0,0,0,accounting,low
0.87,5,163,4,1,0,0,support,low
0.95,7,124,3,0,0,0,technical,low
0.92,4,165,3,0,0,0,management,low
0.65,2,240,2,0,0,0,marketing,low
0.54,2,176,4,0,0,0,marketing,low
0.45,3,175,4,0,0,0,marketing,low
0.89,2,214,4,0,0,0,sales,low
0.86,4,180,5,0,0,0,sales,low
0.16,7,176,7,1,0,0,sales,medium
0.79,4,259,2,0,0,0,sales,medium
0.62,7,203,2,0,0,0,sales,medium
0.8,5,233,3,0,0,0,sales,medium
0.74,7,163,5,0,0,0,sales,medium
0.66,3,228,3,0,0,0,sales,medium
0.62,3,122,3,0,0,0,sales,medium
0.6,4,144,4,0,0,0,sales,medium
0.37,5,145,6,0,0,0,sales,medium
0.84,5,217,4,0,0,0,sales,medium
0.87,4,231,1,0,0,0,sales,medium
0.63,3,131,1,0,0,0,sales,medium
0.4,3,176,8,0,0,0,sales,high
0.4,3,168,1,1,0,0,sales,low
0.69,2,252,3,0,0,0,sales,medium
0.83,1,308,5,1,0,0,sales,medium
0.64,3,164,2,0,0,0,sales,medium
0.8,4,130,4,0,0,0,accounting,medium
0.67,5,269,3,0,0,0,accounting,low
0.43,2,100,5,1,0,0,accounting,low
0.64,6,162,3,0,0,0,hr,low
0.85,5,209,5,0,0,0,hr,low
0.88,3,197,2,0,0,0,hr,low
0.79,2,162,4,0,0,0,hr,low
0.62,3,258,3,1,0,0,technical,low
0.78,4,111,4,1,0,0,technical,low
0.57,4,225,1,0,0,0,technical,medium
0.61,3,281,1,0,0,0,technical,medium
0.77,6,279,4,0,0,0,technical,medium
0.26,4,160,3,0,0,0,technical,medium
0.81,3,94,4,0,0,0,technical,medium
0.4,4,234,2,0,0,0,technical,medium
0.86,4,101,4,0,0,0,technical,medium
0.52,5,164,1,0,0,0,technical,medium
0.87,3,254,3,0,0,0,technical,medium
0.5,4,250,1,0,0,0,support,medium
0.76,7,257,5,0,0,0,support,medium
0.95,4,91,3,0,0,0,support,medium
0.97,5,129,2,1,0,0,support,medium
0.74,4,252,2,0,0,0,support,medium
0.76,3,213,4,0,0,0,support,medium
0.36,5,149,5,0,0,0,support,medium
0.41,4,289,5,0,0,0,support,medium
0.74,3,183,3,0,0,0,support,medium
0.9,5,289,2,0,0,0,support,medium
0.56,4,137,3,0,0,0,support,medium
1.0,5,170,2,0,0,0,technical,medium
0.97,5,127,3,0,0,0,technical,medium
1.0,4,208,3,0,0,0,technical,medium
0.58,5,213,2,0,0,0,management,medium
0.69,5,181,2,0,0,0,IT,medium
1.0,5,175,2,0,0,0,IT,high
0.51,5,204,2,0,0,0,IT,high
0.47,5,212,1,0,0,0,IT,high
0.58,4,249,5,0,0,0,IT,high
0.68,3,160,3,0,0,0,product_mng,high
0.54,6,227,2,0,0,0,product_mng,high
0.91,4,215,4,1,0,0,product_mng,high
0.57,4,199,8,0,0,0,product_mng,high
0.75,2,186,5,0,0,0,IT,high
0.6,4,230,2,0,0,0,RandD,high
0.64,6,223,5,0,0,0,RandD,high
1.0,3,179,3,0,0,0,RandD,high
0.86,4,140,4,0,0,0,RandD,low
0.44,5,238,4,0,0,0,RandD,low
0.29,2,233,1,0,0,0,marketing,low
0.7,3,204,2,0,0,0,sales,low
1.0,5,144,3,0,0,0,accounting,low
0.71,4,232,3,0,0,0,support,low
1.0,4,175,4,0,0,0,technical,low
0.76,2,123,3,1,0,0,management,low
1.0,6,194,1,0,0,0,marketing,low
1.0,6,272,2,0,0,0,marketing,low
1.0,4,86,3,1,0,0,marketing,low
0.84,2,270,3,0,0,0,sales,low
0.55,5,205,3,0,0,0,sales,low
0.9,4,257,2,1,0,0,sales,low
0.82,4,227,5,0,0,0,sales,low
0.6,4,152,3,1,0,0,sales,medium
0.46,3,296,2,0,0,0,sales,medium
0.79,6,184,3,0,0,0,sales,medium
0.9,5,229,1,0,0,0,sales,medium
1.0,5,241,2,0,0,0,sales,medium
0.97,3,187,4,1,0,0,sales,medium
0.63,3,158,2,0,0,0,sales,medium
0.52,2,95,3,0,0,0,sales,medium
0.72,2,146,1,0,0,0,sales,medium
0.89,6,210,5,0,0,0,sales,medium
0.51,6,79,3,0,0,0,sales,medium
0.37,3,142,4,1,0,0,sales,medium
0.73,5,128,3,0,0,0,sales,high
0.83,4,245,3,0,0,0,sales,high
1.0,3,85,3,0,0,0,sales,high
0.64,7,207,3,0,0,0,accounting,high
0.76,4,214,4,0,0,0,accounting,high
1.0,6,153,4,0,0,0,accounting,high
0.71,4,125,4,0,0,0,hr,high
0.68,5,255,3,0,0,0,hr,high
0.72,5,288,2,0,0,0,hr,low
0.73,3,145,3,0,0,0,hr,low
1.0,2,161,3,0,0,0,technical,low
0.66,2,165,1,0,0,0,technical,low
1.0,3,136,6,0,0,0,technical,low
0.96,2,302,2,0,0,0,technical,low
0.46,5,265,2,0,0,0,technical,low
0.95,2,245,2,0,0,0,technical,low
0.52,2,236,5,0,0,0,technical,medium
0.65,2,217,3,1,0,0,technical,medium
0.56,4,198,7,0,0,0,technical,medium
0.8,2,265,1,0,0,0,technical,medium
0.63,6,234,2,0,0,0,technical,medium
0.75,2,217,5,0,0,0,support,medium
0.91,3,241,2,0,0,0,support,medium
0.58,5,239,5,0,0,0,support,medium
0.59,5,271,4,0,0,0,support,medium
0.39,6,255,2,0,0,0,support,medium
0.58,4,220,2,0,0,0,support,medium
0.75,3,186,5,1,0,0,support,medium
0.75,4,192,1,0,0,0,support,medium
0.73,4,227,2,0,0,0,support,medium
0.88,4,139,3,0,0,0,support,medium
0.54,2,202,6,0,0,0,support,medium
0.87,5,199,3,0,0,0,technical,medium
0.87,4,239,2,0,0,0,technical,medium
1.0,4,181,3,1,0,0,technical,medium
0.48,3,108,4,0,0,0,management,medium
0.69,4,165,3,0,0,0,IT,medium
0.66,5,249,1,0,0,0,IT,medium
1.0,3,196,1,0,0,0,IT,medium
0.5,2,239,2,0,0,0,IT,high
0.41,4,174,2,0,0,0,IT,low
0.54,5,225,4,0,0,0,product_mng,medium
0.61,3,208,4,0,0,0,product_mng,medium
0.41,4,312,4,0,0,0,product_mng,medium
0.96,4,159,3,0,0,0,product_mng,medium
0.79,4,258,3,0,0,0,IT,medium
0.61,3,223,1,0,0,0,RandD,medium
0.99,4,292,3,0,0,0,RandD,medium
0.62,2,230,2,0,0,0,RandD,medium
0.41,4,291,3,0,0,0,RandD,medium
0.62,1,228,2,1,0,0,RandD,medium
0.6,3,325,2,0,0,0,marketing,low
0.72,2,220,1,0,0,0,sales,low
0.34,5,151,1,0,0,0,accounting,low
0.7,5,173,4,0,0,0,support,low
0.82,5,248,3,0,0,0,technical,low
0.9,4,250,2,0,0,0,management,low
0.42,4,268,2,0,0,0,marketing,low
0.64,4,241,3,0,0,0,marketing,high
0.92,6,206,1,0,0,0,marketing,low
0.27,5,278,3,0,0,0,sales,high
0.71,5,137,2,0,0,0,sales,high
0.58,5,128,2,0,0,0,sales,low
0.56,3,174,3,0,0,0,sales,low
0.73,3,239,2,1,0,0,sales,high
0.83,2,191,4,0,0,0,sales,low
0.63,2,142,6,0,0,0,sales,medium
0.68,4,255,2,0,0,0,sales,high
0.67,2,247,3,0,0,0,sales,medium
0.72,6,267,2,0,0,0,sales,medium
0.58,2,147,3,0,0,0,sales,medium
0.8,1,220,1,1,0,0,sales,medium
0.5,5,98,4,0,0,0,sales,high
0.67,5,248,1,0,0,0,sales,medium
0.73,6,137,4,0,0,0,sales,medium
0.7,4,149,4,0,0,0,sales,medium
0.56,1,217,4,0,0,0,sales,high
0.95,5,220,4,0,0,0,sales,medium
0.87,7,353,8,0,0,0,sales,high
0.32,6,116,4,0,0,0,accounting,low
0.8,2,215,4,1,0,0,accounting,medium
0.9,4,183,1,0,0,0,accounting,medium
0.61,5,205,1,0,0,0,hr,medium
0.73,4,173,1,0,0,0,hr,medium
0.95,5,191,3,0,0,0,hr,low
0.88,2,272,3,0,0,0,hr,low
0.87,4,294,3,1,0,0,technical,low
0.99,7,285,2,0,0,0,technical,low
1.0,2,153,3,1,0,0,technical,low
0.72,2,86,3,0,0,0,technical,low
0.62,5,201,5,1,0,0,technical,low
0.69,5,321,3,0,0,0,technical,low
0.54,4,200,2,0,0,0,technical,low
0.95,1,211,4,1,0,0,technical,low
0.6,5,271,3,0,0,0,technical,high
0.97,6,176,6,1,0,0,technical,low
0.74,3,251,5,0,0,0,technical,low
0.46,4,178,1,0,0,0,support,low
1.0,5,173,3,0,0,0,support,low
1.0,3,169,2,0,0,0,support,high
0.75,4,267,3,1,0,0,support,low
0.87,5,227,4,0,0,0,support,low
0.92,3,109,2,0,0,0,support,low
1.0,4,241,1,0,0,0,support,high
0.69,5,86,1,0,0,0,support,low
0.25,6,142,3,0,0,0,support,medium
0.53,2,157,2,0,0,0,support,high
1.0,5,274,3,0,0,0,support,medium
1.0,5,315,3,1,0,0,technical,high
0.57,4,197,1,0,0,0,technical,medium
0.92,3,273,1,0,0,0,technical,medium
0.46,4,144,1,0,0,0,management,medium
0.95,5,278,1,0,0,0,IT,medium
0.83,4,107,4,0,0,0,IT,medium
0.98,4,306,4,0,0,0,IT,medium
0.65,4,179,1,0,0,0,IT,medium
0.58,3,212,1,0,0,0,IT,medium
0.98,6,136,2,0,0,0,product_mng,high
0.65,5,252,5,0,0,0,product_mng,low
0.74,2,201,3,0,0,0,product_mng,medium
0.48,5,220,4,0,0,0,product_mng,medium
0.93,4,267,3,0,0,0,IT,medium
0.93,4,170,1,0,0,0,RandD,medium
0.82,5,208,1,0,0,0,RandD,medium
0.37,2,193,4,0,0,0,RandD,medium
0.61,5,273,1,0,0,0,RandD,medium
0.43,5,181,5,1,0,0,RandD,medium
0.62,3,177,4,0,0,0,marketing,medium
0.84,4,103,2,0,0,0,sales,high
0.49,5,239,3,0,0,0,accounting,low
0.5,6,234,5,0,0,0,support,low
0.3,4,216,3,1,0,0,technical,low
0.52,5,200,2,0,0,0,management,high
0.76,7,247,5,0,0,0,marketing,low
0.77,3,121,3,0,0,0,marketing,low
0.54,2,122,3,0,0,0,marketing,low
0.95,4,232,2,0,0,0,sales,high
0.87,5,317,4,0,0,0,sales,low
0.55,3,198,1,0,0,0,sales,low
0.82,3,144,5,0,0,0,sales,low
0.38,4,236,2,0,0,0,sales,low
0.69,3,220,4,0,0,0,sales,low
1.0,4,304,1,0,0,0,sales,low
0.31,1,259,3,0,0,0,sales,low
0.73,4,244,4,1,0,0,sales,medium
0.8,1,106,2,0,0,0,sales,medium
0.55,4,180,5,0,0,0,sales,medium
0.87,4,299,3,0,0,0,sales,medium
0.45,4,203,2,0,0,0,sales,medium
1.0,5,251,4,0,0,0,sales,medium
0.83,3,204,3,0,0,0,sales,medium
0.98,3,206,2,0,0,0,sales,medium
1.0,4,245,1,0,0,0,sales,medium
1.0,4,190,5,0,0,0,sales,medium
0.48,3,106,2,0,0,0,sales,medium
0.63,3,112,2,0,0,0,accounting,medium
0.71,4,186,4,1,0,0,accounting,high
0.76,4,245,4,0,0,0,accounting,low
0.74,2,289,3,0,0,0,hr,medium
0.36,5,214,2,0,0,0,hr,medium
0.49,4,126,3,0,0,0,hr,medium
0.69,5,207,3,1,0,0,hr,medium
0.52,2,267,1,0,0,0,technical,low
0.84,4,301,3,0,0,0,technical,low
0.45,2,145,2,0,0,0,technical,low
0.97,4,234,3,0,0,0,technical,low
0.67,5,184,3,0,0,0,technical,low
0.77,3,206,3,0,0,0,technical,low
0.95,3,120,5,1,0,0,technical,low
0.66,3,229,3,0,0,0,technical,low
0.91,3,162,2,0,0,0,technical,low
0.81,2,141,2,0,0,0,technical,low
0.9,3,227,3,0,0,0,technical,low
0.96,2,263,4,0,0,0,support,low
0.66,4,188,3,0,0,0,support,low
0.71,1,209,2,0,0,0,support,low
0.45,4,185,2,0,0,0,support,low
0.72,4,257,5,0,0,0,support,low
1.0,4,180,1,0,0,0,support,low
0.58,4,189,3,0,0,0,support,low
0.8,6,164,3,0,0,0,support,low
0.94,5,309,2,0,0,0,support,low
0.87,4,248,3,0,0,0,support,low
0.81,1,260,4,0,0,0,support,medium
0.59,3,255,4,1,0,0,technical,medium
1.0,5,251,2,0,0,0,technical,medium
0.71,3,204,4,0,0,0,technical,medium
0.4,7,288,3,0,0,0,management,medium
0.5,8,228,3,1,0,0,IT,medium
0.48,4,233,1,0,0,0,IT,medium
0.52,3,244,1,0,0,0,IT,medium
0.71,4,266,3,1,0,0,IT,medium
0.74,7,183,5,0,0,0,IT,medium
0.35,4,190,4,0,0,0,product_mng,medium
0.67,3,185,2,0,0,0,product_mng,medium
0.87,3,259,3,0,0,0,product_mng,high
0.7,3,155,3,0,0,0,product_mng,low
0.72,2,250,4,0,0,0,IT,medium
0.79,3,172,2,0,0,0,RandD,medium
0.76,3,243,6,1,0,0,RandD,medium
0.68,4,221,1,1,0,0,RandD,medium
0.66,5,205,4,0,0,0,RandD,low
0.87,5,175,3,1,0,0,RandD,low
0.94,1,186,5,0,0,0,marketing,low
0.59,5,181,4,1,0,0,sales,low
0.43,4,167,3,0,0,0,accounting,low
0.67,3,174,2,0,0,0,support,low
0.55,4,184,4,1,0,0,technical,low
0.81,3,180,4,0,0,0,management,low
0.63,4,148,2,0,0,0,marketing,low
0.53,2,104,5,0,0,0,marketing,low
0.89,4,218,4,0,0,0,marketing,low
0.92,5,57,1,0,0,0,sales,low
0.83,5,154,4,0,0,0,sales,low
0.59,3,193,3,0,0,0,sales,low
0.43,6,185,2,0,0,0,sales,low
0.62,6,221,3,1,0,0,sales,low
0.94,4,222,1,0,0,0,sales,low
0.32,6,154,4,0,0,0,sales,low
0.52,3,199,2,0,0,0,sales,low
0.8,3,249,3,0,0,0,sales,low
0.78,4,216,1,0,0,0,sales,low
0.87,3,210,3,0,0,0,sales,medium
0.51,4,147,5,0,0,0,sales,medium
1.0,4,84,2,0,0,0,sales,medium
1.0,5,236,6,0,0,0,sales,medium
0.54,8,177,3,0,0,0,sales,medium
0.5,3,195,4,0,0,0,sales,medium
0.48,5,183,5,0,0,0,sales,medium
0.79,4,159,3,1,0,0,sales,medium
0.88,5,195,1,0,0,0,sales,medium
0.76,3,247,2,0,0,0,accounting,medium
0.73,4,165,4,0,0,0,accounting,medium
0.86,4,192,2,0,0,0,accounting,medium
0.67,5,241,3,0,0,0,hr,high
0.82,3,260,4,0,0,0,hr,low
0.7,3,148,3,0,0,0,hr,medium
0.74,5,199,4,0,0,0,hr,medium
0.76,5,201,5,1,0,0,technical,medium
0.59,4,124,2,0,0,0,technical,medium
0.92,2,223,3,0,0,0,technical,low
0.49,3,185,2,0,0,0,technical,low
0.78,2,253,6,0,0,0,technical,low
0.6,2,259,3,0,0,0,technical,low
0.39,4,88,2,1,0,0,technical,low
0.88,6,146,2,0,0,0,technical,low
0.5,5,266,3,0,0,0,technical,low
0.9,3,227,1,0,0,0,technical,low
0.82,4,250,3,1,0,0,technical,low
0.55,6,153,4,0,0,0,support,low
0.29,3,194,4,0,0,0,support,low
0.88,7,142,2,0,0,0,support,low
0.69,4,274,3,0,0,0,support,low
0.85,6,258,4,0,0,0,support,low
0.69,5,168,3,0,0,0,support,low
0.85,5,259,7,0,0,0,support,low
0.54,1,235,5,1,0,0,support,low
0.51,5,286,2,0,0,0,support,low
0.74,2,254,2,0,0,0,support,low
0.92,4,157,5,0,0,0,support,low
0.96,3,311,2,0,0,0,technical,low
0.55,4,292,5,1,0,0,technical,medium
0.74,3,279,3,0,0,0,technical,medium
0.99,3,266,2,0,0,0,management,medium
1.0,2,162,2,0,0,0,IT,medium
0.8,3,164,2,0,0,0,IT,medium
0.96,3,155,7,0,0,0,IT,medium
0.74,5,205,2,0,0,0,IT,medium
0.51,4,178,1,0,0,0,IT,medium
1.0,3,178,3,0,0,0,product_mng,medium
0.28,2,292,3,0,0,0,product_mng,medium
0.61,3,161,3,0,0,0,product_mng,medium
0.78,3,270,2,0,0,0,product_mng,medium
0.6,6,165,2,0,0,0,IT,high
0.4,5,314,2,0,0,0,RandD,low
0.46,3,223,5,1,0,0,RandD,medium
0.66,3,227,1,0,0,0,RandD,medium
0.63,3,175,2,1,0,0,RandD,medium
0.89,3,222,2,0,0,0,RandD,medium
1.0,4,331,1,0,0,0,marketing,low
0.85,3,153,2,0,0,0,sales,low
1.0,4,213,4,0,0,0,accounting,low
0.41,4,173,2,1,0,0,support,low
0.87,3,248,4,0,0,0,technical,low
0.93,3,270,4,1,0,0,management,low
0.88,5,167,2,0,0,0,marketing,low
1.0,2,182,3,0,0,0,marketing,low
0.91,5,274,3,0,0,0,marketing,low
0.59,5,271,2,1,0,0,sales,low
0.5,3,185,3,0,0,0,sales,low
0.37,4,235,2,0,0,0,sales,low
0.77,4,78,2,0,0,0,sales,low
1.0,3,209,1,0,0,0,sales,low
0.53,3,235,2,0,0,0,sales,low
0.7,7,258,2,0,0,0,sales,low
0.82,2,255,3,1,0,0,sales,low
1.0,3,196,2,0,0,0,sales,low
0.52,2,161,3,1,0,0,sales,medium
0.79,5,286,3,0,0,0,sales,medium
0.95,3,211,2,0,0,0,sales,medium
0.96,5,150,3,1,0,0,sales,medium
0.6,4,214,2,0,0,0,sales,medium
0.33,5,174,6,0,0,0,sales,medium
0.91,2,185,3,0,0,0,sales,medium
0.69,3,217,2,1,0,0,sales,medium
0.99,2,185,3,0,0,0,sales,medium
0.82,2,214,2,0,0,0,sales,medium
0.71,4,165,2,0,0,0,accounting,medium
0.75,5,263,3,0,0,0,accounting,medium
0.66,2,213,3,0,0,0,accounting,high
1.0,3,170,3,0,0,0,hr,low
0.68,3,201,5,0,0,0,hr,medium
0.47,2,182,4,0,0,0,hr,medium
0.58,5,238,3,0,0,0,hr,medium
0.74,6,156,4,0,0,0,technical,medium
0.89,5,240,7,0,0,0,technical,low
1.0,6,206,1,0,0,0,technical,low
0.8,4,286,2,0,0,0,technical,low
0.51,3,155,5,0,0,0,technical,low
0.72,5,321,1,1,0,0,technical,low
0.49,4,302,4,0,0,0,technical,low
1.0,3,259,3,0,0,0,technical,low
0.94,6,207,1,1,0,0,technical,low
0.66,4,157,2,0,0,0,technical,low
0.72,7,180,4,0,0,0,technical,low
0.74,4,158,2,0,0,0,support,low
0.72,4,182,4,0,0,0,support,low
0.66,3,233,2,0,0,0,support,low
0.36,6,253,6,0,0,0,support,low
0.91,6,239,4,0,0,0,support,low
0.31,4,274,5,0,0,0,support,low
0.47,2,202,5,1,0,0,support,low
1.0,2,220,3,0,0,0,support,low
0.71,3,73,3,1,0,0,support,low
0.87,4,261,5,0,0,0,support,low
0.71,3,180,3,1,0,0,support,low
0.98,5,120,2,0,0,0,technical,medium
0.74,3,247,2,0,0,0,technical,medium
0.94,2,110,3,0,0,0,technical,medium
0.56,3,261,1,1,0,0,management,medium
0.99,3,84,4,1,0,0,IT,medium
0.63,4,158,3,0,0,0,IT,medium
0.74,3,279,3,0,0,0,IT,medium
0.67,4,270,2,0,0,0,IT,medium
0.41,7,166,4,0,0,0,IT,medium
0.8,3,244,4,0,0,0,product_mng,medium
0.76,5,208,3,0,0,0,product_mng,medium
0.82,1,89,6,0,0,0,product_mng,medium
0.23,5,271,5,1,0,0,product_mng,high
0.88,3,236,3,0,0,0,IT,low
1.0,5,173,4,0,0,0,RandD,medium
1.0,4,112,3,0,0,0,RandD,medium
0.5,3,194,3,0,0,0,RandD,medium
0.57,5,148,2,1,0,0,RandD,medium
0.47,3,244,4,0,0,0,RandD,low
0.77,3,233,2,0,0,0,marketing,low
0.42,5,120,3,0,0,0,sales,low
0.91,3,107,3,1,0,0,accounting,low
0.7,5,127,4,1,0,0,support,low
0.84,5,255,3,0,0,0,technical,low
0.83,7,201,4,0,0,0,management,low
0.87,3,208,1,0,0,0,marketing,low
0.59,4,173,5,0,0,0,marketing,low
1.0,5,269,4,0,0,0,marketing,low
1.0,6,333,2,0,0,0,sales,low
0.38,4,167,4,0,0,0,sales,low
0.54,1,106,5,0,0,0,sales,low
0.9,4,294,4,0,0,0,sales,low
0.77,2,224,3,1,0,0,sales,low
0.31,2,89,4,0,0,0,sales,low
0.7,4,208,2,0,0,0,sales,low
1.0,5,223,2,0,0,0,sales,low
0.57,2,129,3,0,0,0,sales,low
0.73,3,269,1,0,0,0,sales,low
0.72,2,191,2,0,0,0,sales,low
0.53,3,139,1,0,0,0,sales,medium
0.79,5,196,3,0,0,0,sales,medium
0.5,4,303,3,0,0,0,sales,medium
0.66,4,243,1,1,0,0,sales,medium
0.9,3,225,3,0,0,0,sales,medium
1.0,3,244,2,0,0,0,sales,medium
0.61,4,215,4,1,0,0,sales,medium
1.0,3,289,5,0,0,0,sales,medium
0.76,4,216,2,1,0,0,accounting,medium
1.0,3,72,6,0,0,0,accounting,medium
0.55,4,263,3,0,0,0,accounting,medium
0.61,6,50,4,0,0,0,hr,medium
0.97,4,334,2,0,0,0,hr,high
0.6,3,303,2,0,0,0,hr,low
0.52,5,239,4,0,0,0,hr,medium
0.93,5,234,4,0,0,0,technical,medium
0.7,3,176,5,0,0,0,technical,medium
0.93,1,185,1,1,0,0,technical,medium
0.89,5,166,4,0,0,0,technical,low
0.79,3,205,1,1,0,0,technical,low
0.7,1,142,3,1,0,0,technical,low
0.79,4,156,4,0,0,0,technical,low
0.75,5,243,5,0,0,0,technical,low
0.59,5,180,4,0,0,0,technical,low
0.6,3,124,2,0,0,0,technical,low
0.4,3,206,3,0,0,0,technical,low
0.63,1,142,3,0,0,0,support,medium
0.67,4,161,4,0,0,0,support,medium
1.0,3,271,1,0,0,0,support,medium
0.81,2,271,3,0,0,0,support,medium
0.94,3,152,2,0,0,0,support,medium
0.45,4,167,6,1,0,0,support,medium
0.79,5,230,2,0,0,0,support,medium
0.82,2,230,3,0,0,0,support,medium
0.76,7,277,3,0,0,0,support,medium
0.82,6,263,3,0,0,0,support,medium
0.37,5,289,4,0,0,0,support,medium
0.73,3,174,3,0,0,0,technical,medium
0.86,2,117,5,0,0,0,technical,medium
0.51,4,292,3,1,0,0,technical,medium
0.83,5,300,5,0,0,0,management,medium
0.62,4,233,2,0,0,0,IT,medium
0.92,4,311,4,0,0,0,IT,medium
0.67,5,174,2,0,0,0,IT,medium
1.0,3,158,3,0,0,0,IT,medium
0.6,6,141,5,0,0,0,IT,medium
0.68,2,167,2,0,0,0,product_mng,medium
0.84,3,149,5,0,0,0,product_mng,medium
0.55,5,325,3,0,0,0,product_mng,medium
0.74,2,179,3,0,0,0,product_mng,medium
0.59,5,214,4,0,0,0,IT,medium
0.66,2,259,3,0,0,0,RandD,high
0.76,4,217,4,0,0,0,RandD,high
0.97,3,192,6,0,0,0,RandD,high
0.55,6,276,4,0,0,0,RandD,high
0.7,6,215,3,1,0,0,RandD,high
0.46,1,248,5,0,0,0,marketing,high
0.74,4,198,5,0,0,0,sales,high
0.96,3,270,4,0,0,0,accounting,high
0.38,2,143,4,1,0,0,support,high
0.7,3,274,2,0,0,0,technical,high
0.89,3,193,4,0,0,0,management,high
0.62,4,309,2,0,0,0,marketing,high
1.0,4,50,4,1,0,0,marketing,low
1.0,5,161,3,0,0,0,marketing,low
0.8,4,168,3,0,0,0,sales,low
0.57,4,137,2,0,0,0,sales,low
0.62,4,129,1,0,0,0,sales,low
0.86,5,131,2,0,0,0,sales,low
0.68,1,68,4,0,0,0,sales,low
0.67,6,279,1,0,0,0,sales,low
0.92,4,229,3,1,0,0,sales,low
1.0,2,142,2,1,0,0,sales,low
0.52,3,271,1,1,0,0,sales,low
0.62,2,324,8,0,0,0,sales,low
0.86,6,86,2,0,0,0,sales,low
0.53,5,136,4,1,0,0,sales,low
0.84,3,127,3,0,0,0,sales,low
0.63,4,186,1,1,0,0,sales,medium
0.78,5,261,3,0,0,0,sales,medium
1.0,3,283,3,1,0,0,sales,medium
0.82,3,184,3,0,0,0,sales,medium
1.0,3,232,1,0,0,0,sales,medium
0.61,2,81,1,0,0,0,sales,medium
0.82,3,225,5,0,0,0,accounting,medium
1.0,4,204,4,1,0,0,accounting,medium
0.65,2,184,2,0,0,0,accounting,medium
0.74,5,158,1,1,0,0,hr,medium
0.72,2,188,8,0,0,0,hr,medium
0.5,4,199,2,0,0,0,hr,medium
0.5,5,258,1,0,0,0,hr,high
0.95,3,263,3,0,0,0,technical,high
0.97,3,50,4,0,0,0,technical,high
0.72,3,222,4,0,0,0,technical,high
0.93,2,148,5,0,0,0,technical,high
0.76,2,251,3,0,0,0,technical,high
0.86,6,213,2,0,0,0,technical,high
0.6,2,247,3,0,0,0,technical,high
0.71,4,128,5,1,0,0,technical,low
0.95,3,185,3,1,0,0,technical,low
0.49,5,252,1,0,0,0,technical,low
0.75,4,229,2,0,0,0,technical,low
0.78,2,241,6,0,0,0,support,low
0.78,4,318,1,1,0,0,support,low
0.29,3,188,2,1,0,0,support,low
0.33,4,161,6,0,0,0,support,low
0.98,5,162,3,0,0,0,support,medium
0.51,5,276,1,1,0,0,support,medium
0.78,5,115,3,0,0,0,support,medium
0.68,4,300,4,0,0,0,support,medium
1.0,3,129,5,1,0,0,support,medium
1.0,3,127,1,0,0,0,support,medium
0.56,3,172,3,0,0,0,support,medium
0.44,4,158,2,0,0,0,technical,medium
1.0,4,216,3,0,0,0,technical,medium
0.85,5,157,1,0,0,0,technical,medium
0.71,3,157,3,0,0,0,management,medium
0.52,4,169,8,0,0,0,IT,medium
0.79,2,272,3,0,0,0,IT,medium
1.0,5,79,4,0,0,0,IT,medium
0.91,4,208,5,0,0,0,IT,medium
0.65,2,192,3,0,0,0,IT,medium
0.23,3,155,3,0,0,0,product_mng,medium
0.38,4,310,3,1,0,0,product_mng,medium
0.88,2,131,1,1,0,0,product_mng,medium
0.39,5,264,2,0,0,0,product_mng,medium
0.19,2,144,4,0,0,0,IT,medium
0.54,3,289,4,0,0,0,RandD,medium
0.66,6,277,7,0,0,0,RandD,medium
0.82,4,267,5,0,0,0,RandD,high
0.59,3,237,3,0,0,0,RandD,low
0.84,2,256,4,0,0,0,RandD,medium
0.76,1,205,5,0,0,0,marketing,medium
0.34,4,98,4,0,0,0,sales,medium
0.54,5,236,3,0,0,0,accounting,medium
0.46,1,147,5,1,0,0,support,medium
0.88,2,263,2,0,0,0,technical,medium
0.96,5,264,3,0,0,0,management,medium
0.67,6,190,4,0,0,0,marketing,medium
0.54,5,202,3,0,0,0,marketing,medium
0.65,2,133,4,0,0,0,marketing,medium
0.55,5,268,4,0,0,0,sales,low
0.75,5,120,2,0,0,0,sales,low
0.59,4,238,1,1,0,0,sales,low
0.56,5,252,2,0,0,0,sales,low
0.9,3,148,4,0,0,0,sales,low
0.63,3,151,1,0,0,0,sales,low
0.71,4,299,2,0,0,0,sales,low
0.91,3,216,2,0,0,0,sales,high
0.47,4,209,1,0,0,0,sales,low
0.82,3,205,3,0,0,0,sales,high
1.0,5,170,3,0,0,0,sales,high
0.83,3,160,1,1,0,0,sales,low
0.88,4,301,3,1,0,0,sales,low
0.76,6,313,2,0,0,0,sales,high
0.49,4,136,3,0,0,0,sales,low
0.85,5,140,6,0,0,0,sales,medium
1.0,2,159,4,0,0,0,sales,high
0.71,3,160,4,0,0,0,sales,medium
0.57,5,211,2,1,0,0,sales,medium
0.62,4,237,3,0,0,0,accounting,medium
1.0,3,190,3,0,0,0,accounting,medium
0.88,4,236,2,0,0,0,accounting,high
0.49,3,239,1,0,0,0,hr,medium
0.81,4,211,3,1,0,0,hr,medium
0.85,3,208,2,0,0,0,hr,medium
0.72,2,194,2,0,0,0,hr,high
0.64,5,258,3,0,0,0,technical,medium
0.53,2,172,3,1,0,0,technical,high
0.77,4,225,3,0,0,0,technical,low
0.46,4,172,1,0,0,0,technical,medium
0.79,3,249,3,0,0,0,technical,medium
0.53,4,162,1,0,0,0,technical,medium
0.59,5,216,2,0,0,0,technical,medium
0.94,4,207,5,0,0,0,technical,low
0.75,4,142,5,0,0,0,technical,low
0.81,3,215,5,0,0,0,technical,low
0.41,5,291,2,1,0,0,technical,low
0.63,3,226,4,0,0,0,support,low
0.9,5,139,3,0,0,0,support,low
0.75,4,60,4,0,0,0,support,low
0.79,3,226,2,1,0,0,support,low
0.58,4,188,2,0,0,0,support,low
0.78,5,194,3,1,0,0,support,low
0.7,2,224,2,1,0,0,support,high
0.64,5,140,5,1,0,0,support,low
1.0,6,244,3,0,0,0,support,low
0.87,6,199,3,1,0,0,support,low
0.7,4,90,2,0,0,0,support,low
0.84,7,196,4,1,0,0,technical,high
0.63,3,226,1,0,0,0,technical,low
0.62,3,232,4,0,0,0,technical,low
0.37,4,233,2,0,0,0,management,low
0.55,2,99,3,0,0,0,IT,high
0.43,6,180,1,0,0,0,IT,low
0.41,2,140,1,1,0,0,IT,medium
0.72,4,163,2,0,0,0,IT,high
0.95,2,242,3,0,0,0,IT,medium
0.46,5,240,2,0,0,0,product_mng,high
0.65,3,169,1,0,0,0,product_mng,medium
0.55,2,174,1,0,0,0,product_mng,medium
0.13,6,104,4,1,0,0,product_mng,medium
1.0,5,134,3,1,0,0,IT,medium
0.58,4,261,2,0,0,0,RandD,medium
0.68,6,198,4,0,0,0,RandD,medium
0.66,3,148,4,0,0,0,RandD,medium
0.52,3,237,3,0,0,0,RandD,medium
0.81,3,348,3,0,0,0,RandD,high
0.63,4,249,4,0,0,0,marketing,low
0.77,7,187,2,0,0,0,sales,medium
0.82,7,164,1,0,0,0,accounting,medium
0.37,6,141,4,0,0,0,support,medium
0.51,6,215,5,0,0,0,technical,medium
0.49,3,261,3,0,0,0,management,medium
0.49,4,158,3,0,0,0,marketing,medium
0.77,3,246,4,0,0,0,marketing,medium
0.74,3,136,3,0,0,0,marketing,medium
0.9,6,185,4,0,0,0,sales,medium
0.47,6,292,4,0,0,0,sales,high
0.65,5,169,2,0,0,0,sales,low
0.51,2,158,3,0,0,0,sales,low
0.83,5,150,2,0,0,0,sales,low
0.93,5,223,1,0,0,0,sales,high
0.92,1,103,4,0,0,0,sales,low
0.71,5,118,4,0,0,0,sales,low
0.65,3,143,2,1,0,0,sales,low
1.0,4,242,4,0,0,0,sales,high
0.64,5,205,1,0,0,0,sales,low
0.38,6,159,7,1,0,0,sales,low
0.59,3,227,6,1,0,0,sales,low
0.78,4,235,3,0,0,0,sales,low
0.7,1,161,4,0,0,0,sales,low
0.35,7,202,5,0,0,0,sales,low
0.83,2,248,4,0,0,0,sales,low
0.49,2,287,2,0,0,0,sales,medium
0.52,3,174,2,0,0,0,sales,medium
0.93,3,299,2,0,0,0,accounting,medium
0.53,3,184,5,0,0,0,accounting,medium
0.76,5,173,4,0,0,0,accounting,medium
1.0,4,215,4,0,0,0,hr,medium
0.84,4,267,3,0,0,0,hr,medium
0.55,3,292,1,0,0,0,hr,medium
0.98,5,226,3,0,0,0,hr,medium
0.38,3,256,4,1,0,0,technical,medium
0.75,3,184,5,0,0,0,technical,medium
0.96,5,283,5,0,0,0,technical,medium
0.89,6,112,3,1,0,0,technical,high
0.64,2,234,3,0,0,0,technical,low
0.41,4,197,3,0,0,0,technical,medium
0.54,5,228,3,0,0,0,technical,medium
0.52,6,192,5,1,0,0,technical,medium
0.75,3,214,3,0,0,0,technical,medium
0.56,4,232,2,0,0,0,technical,low
0.48,5,247,6,0,0,0,technical,low
0.84,2,91,7,0,0,0,support,low
0.74,2,211,2,0,0,0,support,low
0.89,6,211,3,0,0,0,support,low
0.93,3,299,1,0,0,0,support,low
0.76,5,185,3,1,0,0,support,low
0.73,4,216,2,0,0,0,support,low
0.94,4,213,4,0,0,0,support,low
0.96,5,173,3,1,0,0,support,low
0.53,3,150,3,0,0,0,support,low
0.82,5,255,1,0,0,0,support,low
0.76,4,50,5,0,0,0,support,low
0.52,5,194,2,0,0,0,technical,low
0.35,3,259,5,0,0,0,technical,low
0.46,3,135,1,0,0,0,technical,low
0.48,1,223,5,0,0,0,management,low
0.98,4,133,4,0,0,0,IT,low
0.64,5,223,2,0,0,0,IT,low
0.64,4,212,4,0,0,0,IT,low
0.66,4,174,4,0,0,0,IT,low
0.85,6,268,4,0,0,0,IT,medium
0.58,3,189,2,0,0,0,product_mng,medium
0.69,4,120,2,0,0,0,product_mng,medium
0.63,4,129,3,0,0,0,product_mng,medium
0.5,3,202,3,0,0,0,product_mng,medium
0.48,2,167,1,0,0,0,IT,medium
0.75,2,135,5,1,0,0,RandD,medium
0.41,2,165,5,0,0,0,RandD,medium
0.48,5,292,4,0,0,0,RandD,medium
0.68,2,222,1,0,0,0,RandD,medium
0.62,3,221,3,0,0,0,RandD,medium
0.64,4,108,4,1,0,0,marketing,medium
0.72,4,306,5,0,0,0,marketing,high
0.72,3,175,4,1,0,0,sales,low
0.72,3,185,6,0,0,0,accounting,medium
0.95,6,226,3,0,0,0,support,medium
0.88,5,137,5,1,0,0,technical,medium
0.85,3,199,1,0,0,0,management,medium
0.92,5,261,2,0,0,0,marketing,low
0.97,3,221,3,0,0,0,marketing,low
0.86,5,97,4,0,0,0,marketing,low
0.48,3,139,2,1,0,0,sales,low
0.76,5,153,4,0,0,0,sales,low
0.69,5,165,4,0,0,0,sales,low
0.68,3,194,3,0,0,0,sales,low
0.99,2,222,4,0,0,0,sales,low
0.52,1,258,3,1,0,0,sales,low
1.0,4,79,4,0,0,0,sales,low
0.64,4,181,2,0,0,0,sales,low
0.62,3,174,3,0,0,0,sales,low
0.79,5,103,2,0,0,0,sales,low
0.55,5,141,2,0,0,0,sales,low
0.99,5,198,3,0,0,0,sales,low
0.69,3,207,3,1,0,0,sales,low
0.76,4,184,4,0,0,0,sales,low
0.65,3,308,3,0,0,0,sales,low
0.92,5,191,4,0,0,0,sales,low
0.96,3,200,3,0,0,0,sales,low
1.0,5,177,4,0,0,0,sales,low
0.61,2,262,1,1,0,0,sales,medium
0.94,2,236,2,0,0,0,accounting,medium
0.84,3,159,4,0,0,0,accounting,medium
0.48,2,179,2,0,0,0,accounting,medium
0.63,3,169,1,0,0,0,hr,medium
0.47,2,145,3,0,0,0,hr,medium
0.8,4,162,1,1,0,0,hr,medium
0.64,4,245,7,1,0,0,hr,medium
0.75,3,231,3,0,0,0,technical,medium
1.0,3,192,2,0,0,0,technical,medium
0.77,5,116,2,1,0,0,technical,medium
0.64,4,207,4,0,0,0,technical,medium
0.6,2,162,1,0,0,0,technical,high
0.79,2,254,2,1,0,0,technical,low
0.84,5,243,1,0,0,0,technical,medium
0.82,2,175,4,1,0,0,technical,medium
0.52,4,171,1,0,0,0,technical,medium
0.62,3,310,1,0,0,0,technical,medium
0.75,3,144,2,0,0,0,technical,low
0.38,4,274,4,0,0,0,support,low
0.9,5,101,3,1,0,0,support,low
0.71,4,174,2,0,0,0,support,low
0.76,4,164,2,0,0,0,support,low
0.75,4,250,2,0,0,0,support,low
0.83,4,123,2,0,0,0,support,low
0.1,2,118,5,0,0,0,support,low
0.86,4,137,4,0,0,0,support,low
0.64,4,187,2,0,0,0,support,low
0.98,5,196,1,1,0,0,support,low
0.91,3,187,4,0,0,0,support,low
0.41,4,226,5,1,0,0,technical,low
0.81,4,147,2,0,0,0,technical,low
0.75,3,144,4,0,0,0,technical,low
0.53,3,290,2,0,0,0,management,low
1.0,2,217,2,0,0,0,IT,low
0.82,3,259,4,0,0,0,IT,low
0.77,2,98,4,0,0,0,IT,low
0.53,2,106,1,0,0,0,IT,low
0.54,3,205,3,1,0,0,IT,low
0.88,3,186,1,0,0,0,product_mng,medium
0.88,3,161,3,0,0,0,product_mng,medium
0.77,6,287,4,1,0,0,product_mng,medium
0.46,2,178,3,0,0,0,product_mng,medium
0.97,4,157,2,1,0,0,IT,medium
0.51,5,219,4,0,0,0,RandD,medium
0.87,3,196,2,0,0,0,RandD,medium
0.67,3,269,4,0,0,0,RandD,medium
0.71,6,193,3,0,0,0,RandD,medium
0.62,5,257,2,0,0,0,RandD,medium
0.56,5,232,6,0,0,0,RandD,medium
0.94,5,189,4,0,0,0,marketing,medium
0.71,2,238,2,0,0,0,sales,high
0.78,4,161,2,0,0,0,accounting,low
0.84,7,250,7,1,0,0,support,medium
0.79,3,223,5,1,0,0,technical,medium
0.81,4,219,2,1,0,0,management,medium
0.65,3,266,3,0,0,0,marketing,medium
0.51,5,286,6,0,0,0,marketing,low
0.72,2,183,5,0,0,0,marketing,low
0.84,4,114,1,0,0,0,sales,low
1.0,5,175,4,0,0,0,sales,low
0.61,1,212,3,1,0,0,sales,low
1.0,5,262,4,0,0,0,sales,low
0.98,4,213,4,0,0,0,sales,low
1.0,3,224,4,0,0,0,sales,low
0.44,4,196,3,0,0,0,sales,low
0.96,2,287,1,1,0,0,sales,low
0.39,3,127,3,1,0,0,sales,low
0.82,2,160,1,1,0,0,sales,low
0.74,3,159,3,0,0,0,sales,low
0.74,3,153,2,1,0,0,sales,low
0.72,4,223,5,0,0,0,sales,low
0.73,3,285,2,0,0,0,sales,low
0.53,4,273,2,0,0,0,sales,low
0.51,5,139,1,0,0,0,sales,low
0.68,4,169,5,1,0,0,sales,medium
0.73,3,122,3,0,0,0,sales,medium
0.4,6,133,1,1,0,0,sales,medium
0.72,4,172,4,0,0,0,accounting,medium
0.75,3,182,6,0,0,0,accounting,medium
1.0,4,241,5,0,0,0,accounting,medium
0.99,4,235,1,0,0,0,hr,medium
0.45,3,150,3,0,0,0,hr,medium
0.94,3,202,5,0,0,0,hr,medium
0.85,4,199,2,0,0,0,hr,medium
0.79,5,156,5,1,0,0,technical,medium
0.55,5,159,4,0,0,0,technical,medium
0.55,6,179,4,1,0,0,technical,high
0.66,4,250,4,0,0,0,technical,low
0.63,4,106,2,0,0,0,technical,medium
0.93,4,146,3,0,0,0,technical,medium
0.89,5,134,7,0,0,0,technical,medium
0.67,2,161,1,0,0,0,technical,medium
0.62,2,179,3,0,0,0,technical,low
0.45,3,231,4,0,0,0,technical,low
0.94,4,226,1,0,0,0,technical,low
0.77,3,187,4,0,0,0,support,low
0.61,4,237,7,0,0,0,support,low
0.79,3,255,3,0,0,0,support,low
0.99,4,169,3,0,0,0,support,low
0.93,3,224,4,0,0,0,support,low
0.38,3,220,4,0,0,0,support,low
0.95,5,94,1,0,0,0,support,low
0.32,2,169,3,0,0,0,support,low
0.43,3,188,4,0,0,0,support,low
1.0,3,97,2,0,0,0,support,low
0.33,3,144,2,0,0,0,support,low
0.54,2,155,2,0,0,0,technical,low
0.84,4,234,3,0,0,0,technical,low
0.64,4,191,5,0,0,0,technical,low
0.91,3,259,4,1,0,0,management,low
0.92,3,272,5,0,0,0,IT,low
0.61,4,163,1,0,0,0,IT,low
0.56,6,163,4,0,0,0,IT,low
0.62,6,158,3,1,0,0,IT,medium
0.26,3,209,3,1,0,0,IT,medium
0.71,3,176,5,0,0,0,product_mng,medium
0.8,4,133,3,0,0,0,product_mng,medium
0.86,4,187,3,0,0,0,product_mng,medium
0.61,6,222,2,0,0,0,product_mng,medium
0.73,5,98,4,0,0,0,IT,medium
0.65,4,236,3,0,0,0,RandD,medium
1.0,5,224,4,0,0,0,RandD,medium
0.86,4,182,6,0,0,0,RandD,medium
0.7,2,276,4,0,0,0,RandD,medium
0.62,3,256,3,0,0,0,RandD,medium
0.87,4,241,4,1,0,0,RandD,high
0.67,3,263,3,0,0,0,marketing,low
1.0,4,128,3,0,0,0,sales,medium
1.0,3,237,6,1,0,0,accounting,medium
0.41,4,184,3,1,0,0,support,medium
0.63,4,89,5,0,0,0,technical,medium
0.82,3,265,3,1,0,0,management,low
0.91,2,244,5,0,0,0,marketing,low
0.98,6,104,4,1,0,0,marketing,low
0.69,4,171,3,1,0,0,marketing,low
0.44,4,246,5,1,0,0,sales,low
0.68,4,195,1,1,0,0,sales,low
0.9,5,145,2,0,0,0,sales,low
0.59,3,193,2,1,0,0,sales,low
0.48,6,295,4,0,0,0,sales,low
0.48,5,126,2,0,0,0,sales,low
0.97,2,186,3,0,0,0,sales,low
0.57,4,219,2,0,0,0,sales,low
0.4,1,164,2,0,0,0,sales,low
0.89,5,179,3,0,0,0,sales,low
0.52,3,184,4,0,0,0,sales,low
0.47,6,237,3,0,0,0,sales,low
0.53,5,313,2,0,0,0,sales,low
0.7,2,149,9,0,0,0,sales,low
0.35,3,205,4,0,0,0,sales,low
0.82,4,250,1,0,0,0,sales,low
0.82,4,247,2,0,0,0,sales,low
0.89,3,140,4,0,0,0,sales,medium
0.31,4,332,5,1,0,0,sales,medium
0.54,4,113,2,0,0,0,accounting,medium
0.76,5,327,2,0,0,0,accounting,medium
0.55,3,248,4,1,0,0,accounting,medium
0.76,4,258,6,0,0,0,hr,medium
0.5,5,144,1,0,0,0,hr,medium
0.8,4,293,3,0,0,0,hr,medium
0.71,3,235,4,0,0,0,hr,medium
0.63,3,268,1,0,0,0,technical,medium
0.42,4,246,5,0,0,0,technical,medium
1.0,3,198,4,1,0,0,technical,medium
0.6,4,134,3,0,0,0,technical,high
0.78,4,194,2,1,0,0,technical,low
0.54,3,258,3,0,0,0,technical,medium
0.94,4,215,7,0,0,0,technical,medium
0.76,3,184,2,1,0,0,technical,medium
0.81,4,186,3,0,0,0,technical,medium
0.78,3,247,4,1,0,0,technical,low
0.35,4,290,4,0,0,0,technical,low
0.93,2,222,3,0,0,0,support,low
0.81,4,156,2,0,0,0,support,low
0.77,4,327,1,1,0,0,support,low
0.95,4,241,2,0,0,0,support,low
0.8,4,244,3,0,0,0,support,low
0.76,4,202,2,0,0,0,support,low
0.89,4,60,2,0,0,0,support,medium
0.55,3,204,4,0,0,0,support,medium
0.86,4,301,2,0,0,0,support,medium
0.55,3,246,2,0,0,0,support,medium
0.84,6,206,4,1,0,0,support,medium
0.77,3,149,6,1,0,0,technical,medium
0.65,5,302,5,1,0,0,technical,medium
0.48,5,188,4,0,0,0,technical,medium
0.72,3,199,2,0,0,0,management,medium
0.81,4,151,4,1,0,0,IT,medium
0.96,1,250,2,0,0,0,IT,medium
0.56,5,228,3,0,0,0,IT,medium
0.51,6,283,1,0,0,0,IT,medium
1.0,2,158,4,0,0,0,IT,medium
0.91,6,217,3,0,0,0,product_mng,medium
1.0,4,135,3,0,0,0,product_mng,medium
0.39,5,133,5,1,0,0,product_mng,medium
1.0,5,193,4,0,0,0,product_mng,medium
0.84,5,100,3,1,0,0,IT,medium
0.38,4,152,3,1,0,0,RandD,medium
0.51,4,252,9,0,0,0,RandD,medium
0.5,4,146,2,0,0,0,RandD,medium
0.5,3,243,2,0,0,0,RandD,medium
0.48,4,140,3,0,0,0,RandD,medium
0.48,6,145,2,1,0,0,RandD,medium
1.0,3,169,1,0,0,0,marketing,high
0.59,2,192,6,1,0,0,sales,high
1.0,3,229,2,1,0,0,accounting,high
0.83,2,128,3,1,0,0,support,high
0.65,4,250,6,0,0,0,technical,high
1.0,4,252,5,0,0,0,management,high
0.53,5,147,4,1,0,0,marketing,high
0.76,3,258,3,0,0,0,marketing,high
0.55,3,292,5,0,0,0,marketing,high
0.59,1,135,3,0,0,0,sales,high
0.93,1,240,1,0,0,0,sales,high
0.95,6,202,2,0,0,0,sales,high
0.96,1,115,3,1,0,0,sales,low
0.69,4,248,4,1,0,0,sales,low
0.82,1,240,4,0,0,0,sales,low
0.91,3,247,4,0,0,0,sales,low
0.54,6,94,2,0,0,0,sales,low
0.69,4,145,3,0,0,0,sales,low
0.87,6,204,4,0,0,0,sales,low
0.94,6,184,2,0,0,0,sales,low
0.58,4,99,4,0,0,0,sales,low
1.0,4,150,2,0,0,0,sales,low
0.78,6,265,4,0,0,0,sales,low
0.35,3,154,4,1,0,0,sales,low
0.86,6,123,5,0,0,0,sales,low
0.87,4,100,2,0,0,0,sales,low
0.9,2,279,3,0,0,0,sales,low
0.65,3,104,2,0,0,0,sales,medium
0.75,2,175,3,1,0,0,accounting,medium
1.0,3,197,2,0,0,0,accounting,medium
0.48,4,247,6,0,0,0,accounting,medium
0.63,4,232,3,0,0,0,hr,medium
0.78,4,107,2,0,0,0,hr,medium
0.47,4,161,3,0,0,0,hr,medium
0.73,7,176,5,0,0,0,hr,medium
0.93,1,248,6,1,0,0,technical,medium
0.63,5,197,7,1,0,0,technical,medium
0.63,3,261,4,0,0,0,technical,medium
0.91,3,145,3,1,0,0,technical,medium
0.8,2,337,4,0,0,0,technical,high
0.9,5,185,3,0,0,0,technical,high
0.68,2,205,4,1,0,0,technical,high
0.84,3,275,6,0,0,0,technical,high
0.65,2,184,2,0,0,0,technical,high
0.7,4,184,6,0,0,0,technical,high
0.91,5,268,6,0,0,0,technical,high
0.87,2,120,3,0,0,0,support,high
0.81,5,248,5,0,0,0,support,low
0.28,5,193,5,0,0,0,support,low
0.79,4,93,3,0,0,0,support,low
0.78,3,209,3,0,0,0,support,low
0.4,2,197,4,0,0,0,support,low
0.69,3,200,3,1,0,0,support,low
0.82,4,177,1,1,0,0,support,low
0.86,2,141,1,0,0,0,support,low
0.92,6,250,3,1,0,0,support,medium
0.89,5,280,4,0,0,0,support,medium
0.54,4,110,3,0,0,0,technical,medium
0.88,4,156,1,0,0,0,technical,medium
0.87,3,51,4,0,0,0,technical,medium
0.81,4,85,3,0,0,0,management,medium
0.52,5,205,3,0,0,0,IT,medium
0.63,6,230,1,0,0,0,IT,medium
0.76,2,180,4,0,0,0,IT,medium
0.97,6,162,4,0,0,0,IT,medium
0.65,5,329,2,0,0,0,IT,medium
0.65,6,197,3,1,0,0,product_mng,medium
0.49,4,234,5,1,0,0,product_mng,medium
0.58,8,264,2,0,0,0,product_mng,medium
0.67,4,223,2,0,0,0,product_mng,medium
0.63,4,239,6,0,0,0,IT,medium
0.61,4,144,4,0,0,0,RandD,medium
0.61,3,136,2,0,0,0,RandD,medium
0.76,2,145,1,0,0,0,RandD,medium
0.7,3,180,7,0,0,0,RandD,medium
0.47,7,139,4,0,0,0,RandD,medium
0.42,4,252,3,0,0,0,RandD,medium
0.58,3,171,4,0,0,0,marketing,medium
0.61,5,148,1,0,0,0,sales,high
0.58,3,267,2,1,0,0,accounting,low
0.53,4,127,4,0,0,0,support,medium
0.56,3,114,7,0,0,0,technical,medium
0.95,4,273,3,0,0,0,management,medium
0.61,3,228,3,0,0,0,marketing,medium
0.83,3,164,3,0,0,0,marketing,medium
0.1,5,295,4,0,0,0,marketing,medium
0.74,4,227,4,1,0,0,sales,medium
0.37,3,155,2,1,0,0,sales,medium
0.5,7,209,5,1,0,0,sales,medium
0.84,5,149,3,0,0,0,sales,medium
0.7,3,69,4,0,0,0,sales,low
0.55,4,141,6,0,0,0,sales,low
0.49,4,214,2,0,0,0,sales,low
0.69,6,186,4,0,0,0,sales,low
1.0,3,297,3,0,0,0,sales,low
0.49,5,136,2,0,0,0,sales,low
0.72,2,267,1,1,0,0,sales,low
0.6,5,300,3,0,0,0,sales,high
0.49,4,180,2,0,0,0,sales,low
1.0,4,288,3,1,0,0,sales,high
0.87,4,135,1,0,0,0,sales,high
0.65,3,249,6,0,0,0,sales,low
0.52,5,301,2,0,0,0,sales,low
0.83,2,218,3,0,0,0,sales,high
0.86,3,283,4,0,0,0,sales,low
0.72,3,224,3,0,0,0,accounting,medium
0.91,2,180,3,1,0,0,accounting,high
0.94,4,77,4,0,0,0,accounting,medium
0.6,3,188,5,0,0,0,hr,medium
0.88,3,158,4,0,0,0,hr,medium
0.85,3,178,4,1,0,0,hr,medium
0.71,3,227,1,0,0,0,hr,high
0.31,5,157,2,0,0,0,technical,medium
0.37,3,135,5,0,0,0,technical,medium
1.0,6,147,2,0,0,0,technical,medium
0.66,4,229,2,0,0,0,technical,high
1.0,4,185,2,0,0,0,technical,medium
0.49,6,211,2,0,0,0,technical,high
0.23,2,149,2,0,0,0,technical,low
0.6,4,131,3,1,0,0,technical,medium
0.84,4,206,3,0,0,0,technical,medium
0.72,3,209,4,0,0,0,technical,medium
0.48,4,181,1,0,0,0,technical,medium
0.79,4,193,2,0,0,0,support,low
0.94,5,233,2,0,0,0,support,low
1.0,3,238,5,0,0,0,support,low
0.53,7,152,5,1,0,0,support,low
0.8,2,248,4,0,0,0,support,low
1.0,5,136,3,0,0,0,support,low
0.59,4,210,1,0,0,0,support,low
0.69,5,124,6,0,0,0,support,low
0.4,2,214,2,0,0,0,support,low
0.63,3,156,2,0,0,0,support,low
1.0,4,206,3,0,0,0,support,high
0.56,3,247,1,0,0,0,technical,low
1.0,4,273,3,0,0,0,technical,low
0.79,4,182,4,1,0,0,technical,low
0.61,3,102,3,0,0,0,management,low
0.73,5,261,2,0,0,0,IT,high
0.65,3,184,1,0,0,0,IT,low
0.65,3,114,2,0,0,0,IT,low
0.64,4,213,3,0,0,0,IT,low
0.59,1,84,4,0,0,0,IT,high
0.43,6,223,2,0,0,0,product_mng,low
0.59,6,155,3,1,0,0,product_mng,medium
0.65,3,186,2,1,0,0,product_mng,high
0.77,2,147,3,0,0,0,product_mng,medium
0.83,3,266,7,0,0,0,IT,high
0.65,3,179,3,0,0,0,RandD,medium
0.8,4,160,4,0,0,0,RandD,medium
0.65,6,266,5,0,0,0,RandD,medium
0.68,6,270,5,0,0,0,RandD,medium
0.55,5,159,3,0,0,0,RandD,medium
0.57,5,300,3,1,0,0,marketing,medium
0.77,2,169,1,0,0,0,sales,medium
0.46,4,190,1,0,0,0,accounting,medium
0.87,2,168,2,1,0,0,support,high
0.66,3,207,5,0,0,0,technical,low
1.0,5,231,3,0,0,0,management,medium
0.79,5,119,2,0,0,0,marketing,medium
0.69,6,165,5,0,0,0,marketing,medium
1.0,5,186,2,0,0,0,marketing,medium
0.52,3,115,3,1,0,0,sales,medium
0.79,3,256,2,1,0,0,sales,medium
0.67,3,199,1,1,0,0,sales,medium
0.68,5,139,3,0,0,0,sales,medium
0.9,4,174,4,0,0,0,sales,medium
0.48,4,203,5,0,0,0,sales,high
0.84,5,223,3,0,0,0,sales,low
0.83,2,251,3,0,0,0,sales,low
0.79,4,286,5,0,0,0,sales,low
0.57,3,261,6,0,0,0,sales,high
0.99,3,255,4,0,0,0,sales,low
0.32,4,289,5,1,0,0,sales,low
0.49,4,233,4,0,0,0,sales,low
1.0,5,236,3,0,0,0,sales,high
0.59,2,166,5,1,0,0,sales,low
0.62,5,140,1,0,0,0,sales,low
0.92,4,177,5,0,0,0,sales,low
0.77,5,264,3,0,0,0,sales,low
0.88,6,146,3,0,0,0,sales,low
0.62,4,179,2,0,0,0,accounting,low
0.59,3,215,3,0,0,0,accounting,low
0.45,4,300,3,0,0,0,accounting,medium
0.42,3,182,3,0,0,0,hr,medium
1.0,3,94,4,1,0,0,hr,medium
0.85,6,233,3,0,0,0,hr,medium
0.65,6,137,1,1,0,0,hr,medium
0.79,3,207,4,1,0,0,technical,medium
0.3,2,214,2,1,0,0,technical,medium
0.96,1,106,2,1,0,0,technical,medium
0.64,3,273,5,0,0,0,technical,medium
0.89,3,132,6,1,0,0,technical,medium
1.0,5,131,3,0,0,0,technical,medium
0.37,5,191,5,0,0,0,technical,medium
1.0,3,184,3,0,0,0,technical,high
0.92,5,220,3,0,0,0,technical,low
0.91,4,167,1,0,0,0,technical,medium
0.56,5,151,3,0,0,0,technical,medium
0.62,4,142,3,0,0,0,support,medium
0.96,4,295,3,0,0,0,support,medium
0.63,7,233,4,0,0,0,support,low
0.55,4,153,4,0,0,0,support,low
0.88,5,266,4,0,0,0,support,low
0.8,2,279,1,0,0,0,support,low
0.95,4,217,4,0,0,0,support,low
0.99,3,179,3,0,0,0,support,low
0.38,5,256,3,0,0,0,support,low
0.68,4,230,3,0,0,0,support,low
0.76,4,228,3,0,0,0,support,low
0.85,3,240,2,1,0,0,technical,low
0.59,6,214,4,0,0,0,technical,low
0.78,3,145,5,0,0,0,technical,low
0.41,6,194,1,0,0,0,management,low
0.47,4,263,3,0,0,0,IT,low
0.64,2,119,3,0,0,0,IT,low
0.31,4,225,4,0,0,0,IT,low
0.81,4,236,5,0,0,0,IT,low
0.68,4,268,7,1,0,0,IT,low
0.52,4,113,3,0,0,0,product_mng,low
0.85,3,229,3,0,0,0,product_mng,low
0.98,4,108,2,0,0,0,product_mng,low
0.48,5,229,5,0,0,0,product_mng,medium
0.49,6,298,5,0,0,0,IT,medium
0.74,2,112,4,0,0,0,RandD,medium
0.32,5,222,5,0,0,0,RandD,medium
0.81,4,313,5,0,0,0,RandD,medium
0.67,3,269,2,0,0,0,RandD,medium
0.44,5,176,2,0,0,0,RandD,medium
0.81,4,129,5,0,0,0,marketing,medium
0.65,2,162,2,0,0,0,marketing,medium
0.54,2,216,1,0,0,0,sales,medium
0.63,1,145,3,0,0,0,accounting,medium
1.0,4,104,2,0,0,0,support,medium
0.97,5,252,1,0,0,0,technical,high
0.89,6,295,2,0,0,0,management,low
0.88,4,197,3,0,0,0,marketing,medium
0.59,3,233,4,1,0,0,marketing,medium
0.91,4,250,2,0,0,0,marketing,medium
0.7,4,152,3,0,0,0,sales,medium
1.0,4,145,3,1,0,0,sales,low
0.86,4,200,3,0,0,0,sales,low
0.42,4,235,2,0,0,0,sales,low
1.0,5,316,4,1,0,0,sales,low
0.58,3,126,1,0,0,0,sales,low
0.53,4,256,4,1,0,0,sales,low
0.84,3,189,2,1,0,0,sales,low
1.0,6,275,4,1,0,0,sales,low
0.56,3,251,4,0,0,0,sales,low
0.77,4,198,5,0,0,0,sales,low
0.58,2,217,1,0,0,0,sales,low
0.53,5,262,2,0,0,0,sales,low
0.91,4,175,3,0,0,0,sales,low
1.0,5,138,4,0,0,0,sales,low
0.36,4,238,3,0,0,0,sales,low
0.77,2,194,2,0,0,0,sales,low
0.59,2,236,6,0,0,0,sales,low
0.32,6,89,3,0,0,0,sales,low
0.7,5,263,2,0,0,0,accounting,low
0.63,5,181,2,0,0,0,accounting,low
0.56,2,189,2,0,0,0,accounting,low
0.7,5,141,3,0,0,0,hr,medium
0.7,4,173,5,0,0,0,hr,medium
0.7,5,260,4,0,0,0,hr,medium
0.47,1,222,3,0,0,0,hr,medium
0.75,4,211,3,0,0,0,technical,medium
0.98,4,169,4,1,0,0,technical,medium
1.0,3,131,5,0,0,0,technical,medium
0.82,5,190,4,0,0,0,technical,medium
1.0,6,253,3,0,0,0,technical,medium
0.59,2,100,4,0,0,0,technical,medium
0.41,6,196,6,0,0,0,technical,medium
0.94,6,180,2,0,0,0,technical,medium
0.62,4,139,4,0,0,0,technical,high
0.71,1,61,2,0,0,0,technical,low
0.49,5,266,3,1,0,0,technical,medium
0.58,3,94,1,1,0,0,support,medium
0.98,3,218,4,0,0,0,support,medium
0.79,5,149,5,0,0,0,support,medium
0.85,5,271,5,0,0,0,support,low
0.54,4,164,4,0,0,0,support,low
0.61,4,283,1,0,0,0,support,low
0.8,4,283,3,0,0,0,support,low
0.85,5,256,4,1,0,0,support,low
0.39,2,203,1,0,0,0,support,low
0.47,4,179,3,0,0,0,support,low
0.75,3,191,3,0,0,0,support,low
0.76,5,182,1,0,0,0,technical,low
0.77,3,273,3,0,0,0,technical,low
0.51,6,195,5,0,0,0,technical,low
0.8,4,173,3,0,0,0,management,low
0.35,4,193,1,0,0,0,IT,low
0.73,3,113,2,1,0,0,IT,low
0.62,4,181,2,0,0,0,IT,low
0.51,4,81,1,0,0,0,IT,low
0.55,4,163,1,1,0,0,IT,low
0.65,2,219,3,1,0,0,product_mng,low
0.26,3,241,2,1,0,0,product_mng,low
0.94,3,200,3,0,0,0,product_mng,low
0.85,3,189,4,0,0,0,product_mng,low
0.94,5,208,3,0,0,0,IT,medium
0.66,3,244,2,0,0,0,RandD,medium
0.6,4,239,2,0,0,0,RandD,medium
0.76,3,172,7,0,0,0,RandD,medium
0.7,4,126,2,0,0,0,RandD,medium
0.75,4,157,2,0,0,0,RandD,medium
0.5,2,186,2,1,0,0,marketing,medium
0.51,3,125,5,0,0,0,sales,medium
0.37,2,360,4,0,0,0,accounting,medium
0.25,5,134,7,0,0,0,support,medium
0.63,5,155,3,0,0,0,technical,medium
0.74,6,215,6,0,0,0,management,medium
0.61,4,79,4,0,0,0,marketing,high
0.73,5,216,3,0,0,0,marketing,low
0.71,3,108,1,0,0,0,marketing,medium
0.81,6,185,3,0,0,0,sales,medium
0.68,3,192,2,0,0,0,sales,medium
0.68,4,170,4,0,0,0,sales,medium
0.49,2,110,2,1,0,0,sales,low
0.68,6,173,3,0,0,0,sales,low
0.59,3,222,5,0,0,0,sales,low
0.65,4,174,3,0,0,0,sales,low
0.72,4,136,4,0,0,0,sales,low
0.82,6,249,2,1,0,0,sales,low
0.56,5,233,4,0,0,0,sales,low
0.93,3,263,4,1,0,0,sales,low
0.8,2,92,5,0,0,0,sales,low
1.0,7,117,4,0,0,0,sales,low
0.94,3,153,4,1,0,0,sales,low
0.62,5,197,4,0,0,0,sales,low
0.71,3,197,1,0,0,0,sales,low
0.9,7,288,3,0,0,0,sales,low
0.76,3,194,5,0,0,0,sales,low
1.0,5,196,4,0,0,0,sales,low
0.42,4,212,5,0,0,0,accounting,low
0.68,1,233,2,0,0,0,accounting,low
0.78,3,249,3,0,0,0,accounting,medium
0.9,5,271,4,0,0,0,hr,medium
0.51,4,172,2,0,0,0,hr,medium
0.85,3,257,6,0,0,0,hr,medium
0.96,4,203,2,1,0,0,hr,medium
0.54,6,119,2,0,0,0,technical,medium
0.58,6,166,1,0,0,0,technical,medium
0.48,2,251,3,0,0,0,technical,medium
1.0,7,197,2,0,0,0,technical,medium
0.83,4,148,1,1,0,0,technical,medium
0.86,5,240,3,0,0,0,technical,medium
0.81,4,186,4,1,0,0,technical,medium
0.76,2,175,1,0,0,0,technical,high
1.0,2,221,1,0,0,0,technical,low
0.75,3,170,3,0,0,0,technical,medium
0.9,4,274,4,0,0,0,technical,medium
0.64,5,232,5,0,0,0,support,medium
0.58,4,260,1,0,0,0,support,medium
0.54,5,68,2,1,0,0,support,low
0.99,4,210,3,0,0,0,support,low
0.69,3,125,2,0,0,0,support,low
0.99,4,196,5,0,0,0,support,low
0.72,5,242,1,0,0,0,support,low
0.68,2,163,2,0,0,0,support,low
0.57,4,217,3,0,0,0,support,low
0.81,3,191,4,0,0,0,support,low
0.4,3,332,2,0,0,0,support,low
0.4,5,95,2,0,0,0,technical,low
0.84,3,183,5,0,0,0,technical,low
0.7,2,96,2,1,0,0,technical,low
1.0,4,298,3,0,0,0,management,low
0.85,1,178,5,0,0,0,IT,low
0.7,5,98,3,0,0,0,IT,low
0.88,7,220,6,0,0,0,IT,low
0.61,6,183,2,0,0,0,IT,low
0.47,5,228,2,0,0,0,IT,low
0.95,3,212,3,0,0,0,product_mng,low
0.98,3,189,2,0,0,0,product_mng,low
0.78,3,212,3,0,0,0,product_mng,low
0.54,4,248,3,0,0,0,product_mng,medium
0.32,4,104,6,1,0,0,IT,medium
0.66,6,122,6,0,0,1,RandD,medium
0.6,5,185,2,1,0,1,RandD,medium
0.44,3,103,3,0,0,1,RandD,medium
0.3,3,153,4,0,0,1,RandD,medium
1.0,4,131,2,1,0,1,RandD,medium
0.64,4,133,4,0,0,1,marketing,medium
0.84,2,112,2,0,0,1,sales,medium
0.78,5,130,2,0,0,1,accounting,medium
0.63,5,248,2,0,0,1,support,medium
0.64,5,119,2,0,0,1,technical,medium
0.47,3,135,3,0,0,1,management,high
0.51,3,139,3,0,0,1,marketing,low
0.65,3,181,2,0,0,1,marketing,medium
0.85,3,244,2,0,0,1,marketing,medium
0.76,3,205,5,0,0,0,sales,medium
0.75,2,233,2,0,0,0,sales,medium
0.62,5,218,2,0,0,0,sales,low
0.44,5,181,6,0,0,0,sales,low
0.63,4,191,3,1,0,0,sales,low
0.63,2,311,4,0,0,0,sales,low
0.34,1,120,6,0,0,0,sales,low
0.38,2,94,3,0,0,0,sales,low
0.89,3,280,5,0,0,0,sales,low
0.62,3,194,4,0,0,0,sales,low
1.0,5,188,3,0,0,0,sales,low
0.73,5,161,1,0,0,0,sales,low
0.63,6,278,5,0,0,0,sales,low
0.44,4,261,1,0,0,0,sales,low
0.97,4,75,3,0,0,0,sales,low
0.76,5,237,2,0,0,0,sales,low
0.6,2,225,2,0,0,0,sales,low
0.99,4,171,1,0,0,0,sales,low
1.0,5,195,5,1,0,0,sales,low
0.96,3,167,3,0,0,0,accounting,low
0.5,5,278,5,0,0,0,accounting,low
0.93,6,223,5,0,0,0,accounting,low
0.66,3,201,2,0,0,0,hr,low
0.4,6,323,3,0,0,1,hr,medium
0.74,3,154,4,0,0,1,hr,medium
0.94,2,283,4,0,0,1,hr,medium
0.6,3,315,3,0,0,1,technical,medium
0.73,5,175,3,0,0,1,technical,medium
1.0,2,262,6,0,0,1,technical,medium
0.43,5,223,2,1,0,1,technical,medium
0.45,3,312,4,0,0,1,technical,medium
0.54,4,127,1,0,0,1,technical,medium
0.96,5,249,5,0,0,1,technical,medium
0.78,4,147,2,0,0,1,technical,medium
0.64,6,300,2,0,0,1,technical,medium
0.61,4,236,3,0,0,1,technical,high
0.75,4,159,2,0,0,1,technical,low
0.97,6,233,3,1,0,1,support,medium
0.84,6,185,2,0,0,1,support,medium
1.0,4,363,5,0,0,1,support,medium
0.64,6,268,2,1,0,1,support,medium
0.81,3,195,3,0,0,1,support,low
0.55,2,195,3,0,0,1,support,low
0.55,3,139,6,0,0,1,support,low
0.81,2,137,2,0,0,1,support,low
0.77,5,187,2,1,0,1,support,low
0.8,2,332,5,0,0,0,support,low
0.42,1,144,1,0,0,0,support,low
0.79,3,113,3,0,0,0,technical,low
0.65,3,182,2,0,0,0,technical,medium
0.98,2,227,5,0,0,0,technical,medium
0.56,3,57,7,0,0,0,management,medium
0.83,2,50,4,0,0,0,IT,medium
0.87,7,50,5,0,0,0,IT,medium
0.66,1,239,3,0,0,0,IT,medium
0.97,4,204,3,0,0,0,IT,medium
0.62,5,255,4,0,0,0,IT,medium
0.83,3,197,3,0,0,0,product_mng,medium
0.88,4,146,1,0,0,0,product_mng,medium
1.0,5,293,3,0,0,0,product_mng,medium
0.3,3,310,5,0,0,0,product_mng,medium
0.89,4,227,1,0,0,0,IT,medium
0.71,2,209,2,0,0,0,RandD,medium
0.46,5,151,2,0,0,0,RandD,medium
0.7,4,259,4,0,0,0,RandD,medium
0.85,4,200,4,0,0,0,RandD,medium
0.84,4,190,2,0,0,0,RandD,medium
1.0,4,196,3,0,0,0,marketing,medium
0.79,3,142,2,0,0,0,sales,medium
0.51,1,263,2,0,0,0,accounting,medium
1.0,3,194,4,0,0,0,support,medium
0.51,6,136,3,1,0,0,technical,medium
0.9,5,225,3,0,0,0,management,medium
1.0,4,153,4,1,0,0,marketing,medium
0.82,1,97,4,0,0,0,marketing,high
0.83,2,209,4,1,0,0,marketing,high
0.78,5,219,1,0,0,0,sales,high
0.77,3,216,4,1,0,0,sales,high
0.61,5,145,5,0,0,0,sales,high
0.97,2,267,2,0,0,0,sales,high
0.32,5,229,2,0,0,0,sales,high
0.89,4,273,6,0,0,0,sales,high
0.85,3,215,2,0,0,0,sales,high
0.63,2,230,4,0,0,0,sales,high
0.83,3,158,4,1,0,0,sales,high
0.59,4,157,5,0,0,0,sales,high
0.72,5,228,4,0,0,0,sales,low
0.65,4,235,1,0,0,0,sales,low
1.0,2,294,4,0,0,0,sales,low
0.84,3,234,6,1,0,0,sales,low
0.96,2,229,2,1,0,0,sales,low
0.55,3,263,3,1,0,0,sales,low
0.54,5,190,3,0,0,0,sales,low
0.64,3,117,2,0,0,0,sales,low
0.48,4,202,6,0,0,0,sales,low
0.92,4,257,3,0,0,0,accounting,low
0.69,4,146,4,0,0,0,accounting,low
0.99,2,182,2,0,0,0,accounting,low
0.27,5,183,2,0,0,0,hr,low
0.77,2,88,4,0,0,0,hr,low
0.43,4,147,3,0,0,0,hr,low
0.56,3,102,2,0,0,0,hr,medium
0.74,5,254,1,0,0,0,technical,medium
0.67,6,158,3,1,0,0,technical,medium
0.53,5,235,2,1,0,0,technical,medium
0.75,1,116,2,0,0,0,technical,medium
0.63,4,168,1,0,0,0,technical,medium
0.55,3,270,3,0,0,0,technical,medium
0.62,3,119,3,0,0,0,technical,medium
0.57,5,169,1,0,0,0,technical,medium
1.0,7,280,6,0,0,0,technical,medium
0.85,5,232,4,0,0,0,technical,medium
0.82,4,315,3,0,0,0,technical,medium
0.71,4,146,5,0,0,0,support,high
0.74,5,155,6,0,0,0,support,high
0.94,3,161,2,1,0,0,support,high
1.0,1,116,5,0,0,0,support,high
0.7,5,272,3,1,0,0,support,high
0.73,5,271,4,1,0,0,support,high
0.77,5,181,3,0,0,0,support,high
0.86,3,202,4,0,0,0,support,high
0.68,4,188,2,0,0,0,support,low
0.46,3,229,4,1,0,0,support,low
1.0,6,182,2,0,0,0,support,low
0.49,4,153,3,0,0,0,technical,low
0.51,3,185,3,0,0,0,technical,low
0.3,3,239,3,0,0,0,technical,low
0.66,3,151,1,0,0,0,management,low
0.55,5,208,3,0,0,0,IT,low
0.79,1,300,1,0,0,0,IT,medium
1.0,3,137,4,0,0,0,IT,medium
0.87,3,143,2,0,0,0,IT,medium
0.77,5,302,4,0,0,0,IT,medium
0.77,4,232,2,1,0,0,product_mng,medium
0.38,2,173,3,0,0,0,product_mng,medium
0.21,2,222,2,0,0,0,product_mng,medium
0.61,7,322,4,0,0,0,product_mng,medium
0.66,5,243,5,0,0,0,IT,medium
1.0,5,174,4,0,0,0,RandD,medium
0.59,3,268,2,0,0,0,RandD,medium
0.96,3,108,3,0,0,0,RandD,medium
0.86,4,136,5,1,0,0,RandD,medium
1.0,3,161,2,0,0,0,RandD,medium
0.45,4,221,3,0,0,0,marketing,medium
0.65,2,237,1,1,0,0,sales,medium
0.7,3,136,4,0,0,0,accounting,medium
0.87,3,274,3,0,0,0,support,medium
0.87,4,193,3,0,0,0,technical,medium
0.96,4,245,4,0,0,0,management,medium
0.5,4,159,5,1,0,0,marketing,medium
0.5,5,260,3,0,0,0,marketing,medium
0.87,2,140,3,0,0,0,marketing,medium
0.91,4,144,6,0,0,0,sales,high
0.54,5,169,1,0,0,0,sales,low
1.0,7,214,2,1,0,0,sales,medium
0.8,2,239,3,0,0,0,sales,medium
0.83,3,149,2,0,0,0,sales,medium
0.63,4,182,1,0,0,0,sales,medium
0.44,2,130,1,1,0,0,sales,medium
0.78,3,305,1,0,0,0,sales,medium
0.75,5,239,6,1,0,0,sales,medium
0.86,4,221,5,0,0,0,sales,medium
0.36,1,101,4,1,0,0,sales,medium
0.87,3,330,2,0,0,0,sales,medium
0.88,3,211,2,0,0,0,sales,low
0.87,3,271,3,0,0,0,sales,low
1.0,3,152,2,0,0,0,sales,low
0.46,7,185,2,0,0,0,sales,low
0.82,5,260,2,0,0,0,sales,low
0.67,4,148,2,0,0,0,sales,low
0.62,3,294,3,0,0,0,sales,low
0.72,5,204,4,0,0,0,accounting,high
0.74,3,183,3,1,0,0,accounting,low
0.67,4,273,3,0,0,0,accounting,high
0.61,4,202,2,0,0,0,hr,high
0.43,4,263,4,0,0,0,hr,low
0.7,3,257,1,0,0,0,hr,low
0.75,2,146,5,0,0,0,hr,high
0.47,6,88,6,0,0,0,technical,low
0.92,5,177,1,0,0,0,technical,medium
0.8,3,288,2,0,0,0,technical,high
0.7,3,264,5,1,0,0,technical,medium
0.68,3,172,2,0,0,0,technical,medium
0.94,3,271,1,0,0,0,technical,medium
0.64,3,190,2,0,0,0,technical,medium
0.8,3,227,6,0,0,0,technical,high
0.55,3,240,3,0,0,0,technical,medium
0.83,4,213,3,0,0,0,technical,medium
0.59,3,177,3,0,0,0,technical,medium
0.69,5,122,3,1,0,0,support,high
0.93,3,287,1,0,0,0,support,medium
0.83,3,124,1,0,0,0,support,high
0.98,5,104,3,0,0,0,support,low
1.0,2,132,2,0,0,0,support,medium
0.42,4,237,1,0,0,0,support,medium
1.0,4,247,5,0,0,0,support,medium
0.92,5,268,4,0,0,0,support,medium
0.76,3,162,2,0,0,0,support,low
0.57,3,148,3,1,0,0,support,low
0.77,6,192,3,0,0,0,support,low
0.72,4,263,3,0,0,0,technical,low
0.9,2,109,4,0,0,0,technical,low
0.57,6,193,2,0,0,0,technical,low
1.0,4,157,2,0,0,0,management,low
0.75,2,118,2,0,0,0,IT,low
0.99,4,232,4,0,0,0,IT,low
0.76,6,181,1,0,0,0,IT,low
0.97,3,209,4,0,0,0,IT,high
0.67,3,253,2,0,0,0,IT,low
0.82,3,111,3,1,0,0,product_mng,low
0.54,4,176,3,1,0,0,product_mng,low
0.72,4,273,2,1,0,0,product_mng,low
0.37,5,193,3,1,0,0,product_mng,high
0.57,3,213,2,0,0,0,IT,low
0.9,5,114,3,1,0,1,RandD,low
0.72,3,83,4,0,0,1,RandD,low
0.9,4,221,3,0,0,1,RandD,high
0.76,6,254,3,0,0,1,RandD,low
0.5,3,181,3,0,0,1,RandD,medium
0.51,4,180,2,1,0,1,marketing,high
0.6,4,183,2,1,0,1,sales,medium
0.64,3,224,2,0,0,1,accounting,high
0.76,7,239,5,1,0,1,support,medium
0.82,2,146,4,0,0,1,technical,medium
0.85,5,127,2,0,0,1,management,medium
0.83,4,274,1,1,0,1,marketing,medium
0.61,1,115,3,0,0,0,marketing,medium
1.0,3,260,1,0,0,0,marketing,medium
0.56,4,240,3,1,0,0,sales,medium
0.74,4,217,2,1,0,0,sales,medium
0.59,4,241,3,0,0,0,sales,high
0.87,4,286,2,0,0,0,sales,low
0.47,4,289,3,0,0,0,sales,medium
0.94,2,217,1,0,0,0,sales,medium
0.45,2,236,3,0,0,0,sales,medium
0.89,6,231,4,0,0,0,sales,medium
0.99,4,284,2,0,0,0,sales,medium
0.55,4,228,3,0,0,0,sales,medium
0.8,6,162,5,1,0,0,sales,medium
0.69,4,255,1,0,0,0,sales,medium
0.79,3,150,4,0,0,0,sales,medium
0.76,4,173,5,0,0,0,sales,high
0.7,2,153,2,0,0,0,sales,low
0.77,2,154,4,0,0,0,sales,low
0.99,5,186,6,0,0,0,sales,low
0.48,6,173,1,0,0,0,sales,high
0.74,5,215,3,0,0,0,sales,low
0.4,2,272,1,1,0,0,accounting,low
0.63,4,196,5,1,0,0,accounting,low
0.91,4,259,3,0,0,0,accounting,high
0.64,6,310,4,0,0,0,hr,low
0.63,3,116,3,0,0,0,hr,low
0.94,4,278,3,0,0,0,hr,low
0.69,5,156,3,0,0,0,hr,low
0.49,4,113,5,0,0,0,technical,low
1.0,5,288,6,0,0,0,technical,low
1.0,6,176,3,0,0,0,technical,low
0.56,6,90,5,0,0,0,technical,medium
0.39,2,205,2,1,0,0,technical,medium
1.0,2,129,1,0,0,0,technical,medium
0.57,4,137,2,1,0,0,technical,medium
0.31,2,181,2,0,0,0,technical,medium
0.89,6,122,4,1,0,0,technical,medium
0.64,3,249,1,0,0,0,technical,medium
0.72,5,150,4,1,0,0,technical,medium
0.77,3,156,3,0,0,0,support,medium
0.24,3,218,4,0,0,0,support,medium
0.8,4,222,5,0,0,0,support,medium
0.73,3,121,3,0,0,0,support,medium
0.61,4,141,2,0,0,0,support,high
0.42,2,213,5,0,0,0,support,low
1.0,2,224,7,0,0,0,support,medium
0.8,3,288,3,0,0,0,support,medium
1.0,6,182,2,1,0,0,support,medium
0.82,5,230,2,0,0,0,support,medium
0.49,1,166,4,0,0,0,support,low
0.89,2,205,1,1,0,0,technical,low
0.51,4,162,3,0,0,0,technical,low
0.9,5,180,3,0,0,0,technical,low
0.65,3,227,1,0,0,0,management,low
0.55,5,181,2,0,0,0,IT,low
0.7,2,221,4,0,0,0,IT,low
0.66,5,216,3,0,0,0,IT,low
0.97,6,200,2,0,0,0,IT,low
0.4,4,143,1,1,0,0,IT,low
0.57,5,252,6,0,0,0,product_mng,low
0.83,3,183,3,0,0,0,product_mng,low
0.63,5,246,1,0,0,0,product_mng,low
0.9,6,191,5,0,0,0,product_mng,low
0.36,5,263,3,0,0,0,IT,low
0.61,3,232,5,0,0,0,RandD,low
0.92,4,195,3,0,0,0,RandD,low
0.42,4,182,2,1,0,0,RandD,low
0.47,4,150,3,0,0,0,RandD,low
0.65,4,125,3,0,0,0,RandD,low
0.82,2,208,2,0,0,0,marketing,low
0.48,5,174,1,1,0,0,sales,medium
0.96,4,226,5,0,0,0,accounting,medium
0.58,6,241,3,1,0,0,support,medium
0.99,4,106,3,0,0,0,technical,medium
0.82,4,213,2,0,0,0,management,medium
0.89,4,221,2,0,0,0,marketing,medium
0.53,3,219,3,0,0,0,marketing,medium
1.0,4,240,4,1,0,0,marketing,medium
0.58,4,264,4,0,0,0,sales,medium
0.51,3,181,2,0,0,0,sales,medium
0.88,4,181,2,0,0,0,sales,medium
0.81,3,220,3,0,0,0,sales,medium
0.86,3,196,4,0,0,0,sales,high
0.75,3,306,5,0,0,0,sales,low
0.74,6,263,2,0,0,0,sales,medium
0.53,3,188,3,0,0,0,sales,medium
0.56,3,66,4,0,0,0,sales,medium
0.76,6,173,1,0,0,0,sales,medium
0.93,3,160,2,0,0,0,sales,low
0.91,3,267,5,0,0,0,sales,low
0.64,3,152,2,0,0,0,sales,low
0.74,2,197,4,0,0,0,sales,low
0.61,6,222,3,0,0,0,sales,low
1.0,5,169,3,0,0,0,sales,low
0.95,7,158,6,0,0,0,sales,low
0.45,4,207,4,1,0,0,sales,low
0.92,5,203,3,1,0,0,sales,low
0.78,4,154,3,0,0,0,accounting,low
0.73,6,223,5,0,0,0,accounting,low
0.54,7,138,1,0,0,0,accounting,low
0.7,3,282,2,0,0,0,hr,low
0.76,2,199,3,0,0,0,hr,low
0.84,4,107,2,0,0,0,hr,low
0.78,5,236,5,0,0,0,hr,low
0.96,5,189,5,0,0,0,technical,low
1.0,2,95,3,0,0,0,technical,low
0.58,4,150,1,0,0,0,technical,low
0.31,3,156,4,0,0,0,technical,low
0.52,2,184,2,1,0,0,technical,low
0.76,7,178,5,0,0,0,technical,medium
0.92,4,137,4,0,0,0,technical,medium
0.66,4,137,2,0,0,0,technical,medium
0.9,3,162,3,0,0,0,technical,medium
0.61,2,135,4,0,0,0,technical,medium
0.87,1,260,5,0,0,0,technical,medium
0.83,3,229,2,0,0,0,support,medium
0.9,3,221,3,0,0,0,support,medium
1.0,6,190,5,0,0,0,support,medium
1.0,3,267,1,0,0,0,support,medium
0.68,4,157,3,0,0,0,support,medium
0.47,3,270,3,1,0,0,support,medium
0.79,4,229,5,0,0,0,support,high
0.81,6,193,3,0,0,0,support,low
0.71,5,152,4,0,0,0,support,medium
0.71,5,262,1,0,0,0,support,medium
0.98,2,158,3,1,0,0,support,medium
0.59,4,211,1,0,0,0,technical,medium
0.71,5,245,3,1,0,0,technical,low
0.85,3,125,6,0,0,0,technical,low
0.57,1,242,3,0,0,0,management,low
0.48,5,224,2,0,0,0,IT,low
1.0,3,52,6,0,0,0,IT,low
0.77,3,190,2,1,0,0,IT,low
0.57,3,235,2,0,0,0,IT,low
0.61,4,206,2,0,0,0,IT,low
0.72,5,194,4,0,0,0,product_mng,low
0.48,4,199,3,0,0,0,product_mng,low
0.77,4,217,1,0,0,0,product_mng,low
0.74,3,178,3,0,0,0,product_mng,low
0.44,4,192,4,0,0,0,IT,low
0.74,2,243,3,0,0,0,RandD,low
0.77,3,161,1,1,0,0,RandD,low
1.0,6,279,7,1,0,0,RandD,low
0.7,4,122,3,1,0,0,RandD,low
1.0,4,234,5,0,0,0,RandD,low
0.99,6,241,1,1,0,0,marketing,low
0.68,4,197,1,0,0,0,sales,low
0.54,3,150,1,0,0,0,accounting,low
1.0,4,285,4,0,0,0,support,medium
0.62,4,161,4,0,0,0,technical,medium
0.76,4,172,3,1,0,0,management,medium
0.48,5,285,3,0,0,0,marketing,medium
0.63,4,151,1,1,0,0,marketing,medium
0.47,1,146,1,0,0,0,marketing,medium
0.77,3,217,1,1,0,0,sales,medium
0.27,2,207,3,0,0,0,sales,medium
0.61,4,265,4,0,0,0,sales,medium
0.58,5,122,3,0,0,0,sales,medium
0.68,4,125,5,0,0,0,sales,medium
0.6,3,156,2,0,0,0,sales,medium
0.99,4,213,2,0,0,0,sales,high
0.82,6,275,4,0,0,0,sales,low
0.66,4,269,3,1,0,0,sales,medium
0.65,6,272,5,0,0,0,sales,medium
0.82,1,233,4,0,0,0,sales,medium
0.93,4,218,2,0,0,0,sales,medium
0.87,3,147,4,0,0,0,sales,low
0.59,3,255,3,0,0,0,sales,low
0.35,2,167,3,0,0,0,sales,low
0.58,5,237,2,0,0,0,sales,low
0.76,3,253,3,0,0,0,sales,low
0.73,3,134,3,0,0,0,sales,low
0.65,3,175,3,0,0,0,sales,low
0.73,3,250,5,0,0,0,accounting,low
0.74,6,291,4,0,0,0,accounting,low
0.38,4,87,2,0,0,0,accounting,low
0.81,4,264,6,1,0,0,hr,low
0.65,4,153,5,0,0,0,hr,low
0.67,5,130,2,0,0,0,hr,low
0.98,3,208,4,0,0,0,hr,low
1.0,3,272,3,1,0,0,technical,low
0.91,2,182,5,0,0,0,technical,low
0.98,2,234,4,0,0,0,technical,low
0.77,5,222,4,1,0,0,technical,low
1.0,1,166,4,0,0,0,technical,medium
1.0,3,208,2,0,0,0,technical,medium
0.48,5,200,5,0,0,0,technical,medium
0.44,4,196,3,0,0,0,technical,medium
0.61,2,163,3,0,0,0,technical,medium
0.34,2,195,1,0,0,0,technical,medium
0.8,4,91,7,0,0,0,technical,medium
0.61,4,162,5,0,0,0,support,medium
0.67,4,251,3,0,0,0,support,medium
0.56,1,152,3,1,0,0,support,medium
1.0,4,232,3,0,0,0,support,medium
0.75,3,144,2,0,0,0,support,medium
0.78,5,211,3,0,0,0,support,high
0.44,4,108,7,0,0,0,support,low
0.73,2,186,4,0,0,0,support,medium
0.82,5,289,3,0,0,0,support,medium
0.42,3,119,3,0,0,0,support,medium
0.78,4,176,6,0,0,0,support,medium
0.57,2,140,2,0,0,0,technical,low
0.52,3,50,4,0,0,0,technical,low
0.56,4,160,2,0,0,0,technical,low
0.74,3,277,6,0,0,0,management,low
1.0,5,216,3,0,0,0,IT,low
0.65,4,218,2,0,0,0,IT,low
0.44,4,264,5,0,0,0,IT,low
0.72,3,110,2,0,0,0,IT,low
0.94,4,136,2,0,0,0,IT,low
0.45,3,223,4,0,0,0,product_mng,low
0.69,2,307,2,0,0,0,product_mng,low
0.64,4,157,4,0,0,0,product_mng,low
0.65,3,247,1,0,0,0,product_mng,low
0.55,4,224,2,0,0,0,IT,low
0.49,4,236,3,0,0,0,RandD,low
0.55,3,156,3,0,0,0,RandD,low
0.68,2,122,3,0,0,0,RandD,low
0.69,2,312,2,0,0,0,RandD,low
0.9,5,209,3,0,0,0,RandD,low
0.45,3,194,3,1,0,0,marketing,low
0.84,3,172,2,1,0,0,sales,low
0.54,3,168,3,0,0,0,accounting,medium
0.93,3,154,2,0,0,0,support,medium
0.63,2,220,5,0,0,0,technical,medium
0.86,3,203,6,1,0,0,management,medium
0.47,5,244,3,0,0,0,marketing,medium
1.0,5,123,2,0,0,0,marketing,medium
0.92,5,140,4,1,0,0,marketing,medium
1.0,4,183,5,0,0,0,sales,medium
0.77,2,238,4,1,0,0,sales,medium
0.73,5,143,3,0,0,0,sales,medium
0.68,4,176,4,0,0,0,sales,medium
0.67,1,218,5,0,0,0,sales,medium
0.63,3,156,3,1,0,0,sales,high
0.78,4,234,4,0,0,0,sales,low
0.7,4,219,1,0,0,0,sales,medium
0.57,2,138,2,0,0,0,sales,medium
0.8,4,278,2,1,0,0,sales,medium
0.1,5,76,4,0,0,0,sales,medium
0.6,4,140,2,0,0,0,sales,low
1.0,6,141,5,0,0,0,sales,low
0.54,2,236,1,0,0,0,sales,low
0.71,4,318,6,0,0,0,sales,low
0.87,4,203,3,0,0,0,sales,low
1.0,4,232,4,0,0,0,sales,low
0.65,2,246,4,0,0,0,sales,low
0.63,2,187,3,0,0,0,sales,low
0.72,4,157,2,0,0,0,accounting,low
1.0,5,190,2,0,0,0,accounting,low
0.43,3,215,3,0,0,0,accounting,low
0.9,4,69,5,1,0,0,hr,low
0.9,4,117,5,1,0,0,hr,low
0.69,5,247,2,0,0,0,hr,low
0.51,6,282,2,0,0,0,hr,low
0.54,6,265,3,0,0,0,technical,low
1.0,4,269,5,1,0,0,technical,low
0.96,6,234,2,0,0,0,technical,low
0.92,5,108,3,0,0,0,technical,low
0.87,5,239,2,0,0,0,technical,low
0.95,5,140,3,0,0,0,technical,low
0.66,3,113,3,1,0,0,technical,medium
0.62,4,277,5,0,0,0,technical,medium
0.89,3,241,3,0,0,0,technical,medium
1.0,6,164,3,0,0,0,technical,medium
0.45,1,185,5,0,0,0,technical,medium
0.81,2,205,7,1,0,0,support,medium
1.0,2,242,3,1,0,0,support,medium
0.9,5,218,4,0,0,0,support,medium
0.69,4,138,3,0,0,0,support,medium
0.85,5,286,2,0,0,0,support,medium
0.63,6,224,5,0,0,0,support,medium
0.92,4,163,7,0,0,0,support,medium
0.56,2,255,2,0,0,0,support,high
1.0,2,222,2,0,0,0,support,low
0.58,3,245,4,0,0,0,support,medium
0.2,5,165,7,0,0,0,support,medium
1.0,3,283,3,0,0,0,technical,medium
0.76,2,215,3,0,0,0,technical,medium
0.77,1,105,4,1,0,0,technical,low
0.48,6,278,2,0,0,0,management,low
0.9,6,208,4,0,0,0,IT,low
0.67,4,206,3,0,0,0,IT,low
0.74,5,185,3,0,0,0,IT,low
1.0,3,163,2,1,0,0,IT,low
0.51,3,251,2,0,0,0,IT,low
0.79,6,200,2,0,0,0,product_mng,low
0.35,4,227,4,0,0,0,product_mng,medium
1.0,3,198,3,0,0,0,product_mng,medium
0.7,5,261,2,0,0,0,product_mng,medium
0.54,3,304,1,0,0,0,IT,medium
1.0,3,199,6,1,0,1,RandD,medium
0.96,4,212,1,0,0,1,RandD,medium
0.65,1,183,1,0,0,1,RandD,medium
0.6,6,122,5,0,0,1,RandD,medium
0.8,5,95,5,0,0,1,RandD,medium
1.0,3,185,3,1,0,1,marketing,medium
0.6,5,150,2,0,0,1,sales,medium
0.93,5,209,3,0,0,1,accounting,medium
0.64,5,137,1,0,0,1,support,medium
0.72,5,178,4,0,0,1,technical,medium
0.43,4,142,4,0,0,1,management,medium
0.72,5,218,4,0,0,1,marketing,medium
0.66,1,281,5,1,0,0,marketing,medium
1.0,3,211,2,0,0,0,marketing,medium
0.71,4,234,1,1,0,0,sales,medium
0.45,4,128,3,0,0,0,sales,medium
0.6,3,136,3,0,0,0,sales,medium
1.0,2,85,2,0,0,0,sales,medium
0.52,4,213,3,1,0,0,sales,medium
0.89,3,233,1,0,0,0,sales,medium
0.56,1,170,5,0,0,0,sales,medium
0.8,5,188,5,0,0,0,sales,medium
0.72,2,299,1,0,0,0,sales,medium
0.75,3,201,1,0,0,0,sales,medium
0.35,5,222,5,1,0,1,sales,medium
1.0,5,155,2,0,0,1,sales,medium
0.58,5,236,3,1,0,1,sales,medium
0.98,5,218,3,1,0,1,sales,medium
0.67,5,172,4,0,0,1,sales,medium
0.49,3,269,1,0,0,1,sales,medium
0.98,3,213,2,0,0,0,sales,medium
0.74,4,248,5,0,0,0,sales,medium
0.73,4,289,6,0,0,0,sales,medium
0.62,3,220,4,1,0,0,accounting,low
0.64,3,215,2,0,0,0,accounting,low
0.48,1,159,4,0,0,0,accounting,low
0.81,6,138,3,0,0,0,hr,low
0.5,4,242,4,0,0,0,hr,low
0.87,4,201,3,0,0,0,hr,low
0.49,2,224,1,0,0,0,hr,low
0.71,5,274,2,0,0,0,technical,low
0.64,3,196,4,0,0,0,technical,low
0.66,3,221,4,0,0,0,technical,low
0.77,1,50,4,0,0,0,technical,low
0.43,5,210,4,0,0,0,technical,low
0.71,6,222,2,0,0,0,technical,low
0.81,5,158,5,0,0,0,technical,low
0.99,3,117,1,0,0,0,technical,low
0.71,4,184,3,0,0,0,technical,medium
0.47,5,260,3,0,0,0,technical,medium
0.69,5,198,2,0,0,0,technical,medium
0.7,1,155,1,0,0,0,support,medium
0.64,1,123,6,1,0,0,support,medium
0.81,5,149,4,0,0,0,support,medium
0.91,5,196,3,0,0,0,support,medium
0.56,3,54,6,0,0,0,support,medium
0.99,4,183,1,0,0,0,support,medium
0.96,4,179,5,0,0,0,support,medium
0.86,4,208,4,1,0,0,support,medium
0.36,4,227,3,0,0,0,support,medium
0.42,4,173,4,0,0,0,support,high
0.7,1,140,9,0,0,0,support,high
0.75,2,196,1,0,0,0,technical,high
0.5,4,177,4,0,0,0,technical,high
0.83,5,183,3,1,0,0,technical,high
0.82,5,164,2,0,0,0,management,high
0.7,3,272,2,0,0,0,IT,high
0.73,7,177,7,0,0,0,IT,high
0.77,3,193,2,0,0,0,IT,low
0.56,4,80,5,0,0,0,IT,low
0.83,2,209,2,0,0,0,IT,low
0.58,2,260,5,0,0,0,product_mng,low
0.89,5,140,2,0,0,0,product_mng,low
0.55,3,178,3,0,0,0,product_mng,low
0.74,4,206,5,0,0,0,product_mng,low
0.68,3,184,4,0,0,0,IT,low
0.6,3,246,3,0,0,0,RandD,medium
0.85,3,124,3,0,0,0,RandD,medium
1.0,5,170,2,0,0,0,RandD,medium
0.7,3,144,3,0,0,0,RandD,medium
1.0,3,119,3,0,0,0,RandD,medium
0.53,6,214,4,0,0,0,marketing,medium
0.44,3,151,3,0,0,0,sales,medium
0.79,3,176,1,0,0,0,accounting,medium
0.51,3,265,7,0,0,1,support,medium
0.99,3,241,2,0,0,1,technical,medium
0.49,5,214,1,1,0,1,management,medium
0.72,2,252,2,0,0,1,marketing,medium
1.0,3,197,3,0,0,1,marketing,medium
0.55,2,160,4,0,0,1,marketing,medium
0.62,3,199,1,0,0,1,sales,medium
0.68,5,168,2,0,0,1,sales,medium
0.72,6,178,2,0,0,0,sales,medium
0.56,6,210,7,0,0,0,sales,medium
0.91,4,216,4,0,0,0,sales,medium
0.72,4,105,4,0,0,0,sales,medium
0.84,6,237,4,0,0,0,sales,medium
0.93,3,196,4,0,0,0,sales,medium
0.93,5,140,5,0,0,0,sales,medium
0.59,7,242,2,0,0,0,sales,high
1.0,6,270,4,1,0,0,sales,low
0.57,7,171,5,1,0,0,sales,medium
0.81,3,185,2,0,0,0,sales,medium
0.72,3,233,3,0,0,0,sales,medium
0.93,3,249,3,0,0,0,sales,medium
0.66,5,207,2,0,0,0,sales,medium
1.0,2,219,2,1,0,0,sales,medium
0.57,3,98,1,1,0,0,sales,medium
0.67,4,295,4,0,0,0,sales,medium
0.83,6,135,3,0,0,0,accounting,medium
0.79,5,159,1,0,0,0,accounting,medium
1.0,4,311,4,0,0,0,accounting,low
0.56,1,235,3,0,0,0,hr,low
0.96,3,272,2,0,0,0,hr,low
0.93,3,168,4,0,0,0,hr,low
0.52,5,233,4,0,0,0,hr,low
0.81,2,276,2,0,0,0,technical,low
0.71,4,152,2,0,0,0,technical,low
0.4,2,182,3,0,0,0,technical,high
1.0,1,142,2,1,0,0,technical,low
0.46,2,180,4,0,0,0,technical,high
0.92,3,69,4,0,0,0,technical,high
0.86,6,200,3,0,0,0,technical,low
0.65,2,212,2,0,0,0,technical,low
0.95,4,221,3,0,0,0,technical,high
0.78,5,148,6,0,0,0,technical,low
1.0,4,164,6,0,0,0,technical,medium
0.94,3,186,5,0,0,0,support,high
0.52,5,144,2,0,0,0,support,medium
0.84,3,277,1,0,0,0,support,medium
0.24,4,117,1,0,0,0,support,medium
0.63,4,158,4,0,0,0,support,medium
0.57,5,202,1,1,0,0,support,high
1.0,4,174,3,0,0,0,support,medium
0.86,4,201,4,0,0,0,support,medium
0.84,2,183,4,0,0,0,support,medium
0.91,5,169,1,0,0,0,support,high
0.71,2,213,1,0,0,0,support,medium
0.44,4,73,2,0,0,0,technical,high
0.76,5,107,3,1,0,0,technical,low
0.45,5,162,1,0,0,0,technical,medium
0.49,5,278,6,0,0,0,management,medium
0.75,4,200,4,0,0,0,IT,medium
1.0,6,178,3,0,0,0,IT,medium
1.0,5,114,3,0,0,0,IT,low
0.56,4,169,2,0,0,0,IT,low
0.51,5,192,5,0,0,0,IT,low
0.72,5,203,2,1,0,0,product_mng,low
0.69,2,123,4,0,0,0,product_mng,low
0.68,1,181,4,0,0,0,product_mng,low
0.8,3,193,4,0,0,0,product_mng,low
0.59,4,313,2,0,0,0,IT,low
0.75,5,171,2,1,0,0,RandD,low
0.63,4,226,2,0,0,0,RandD,low
0.5,4,209,2,0,0,0,RandD,high
0.89,4,165,4,0,0,0,RandD,low
0.78,6,285,2,0,0,0,RandD,low
0.83,5,229,2,0,0,0,marketing,low
1.0,2,166,3,0,0,0,sales,low
0.66,4,138,5,0,0,0,accounting,high
0.96,4,208,5,0,0,0,support,low
0.95,4,229,1,1,0,0,technical,low
0.76,3,182,3,0,0,0,management,low
0.49,4,108,2,0,0,0,marketing,high
0.73,5,275,2,0,0,0,marketing,low
0.66,4,209,3,0,0,0,marketing,medium
0.55,2,92,6,0,0,0,sales,high
0.52,5,188,3,0,0,0,sales,medium
0.98,2,312,5,0,0,0,sales,high
0.48,4,243,3,0,0,0,sales,medium
0.67,3,209,3,0,0,0,sales,medium
0.6,3,165,4,0,0,0,sales,medium
0.67,3,275,3,0,0,0,sales,medium
0.78,5,156,1,0,0,0,sales,medium
0.88,4,173,1,1,0,0,sales,medium
1.0,5,274,2,0,0,0,sales,medium
0.53,3,193,2,0,0,0,sales,medium
0.43,3,273,1,0,0,0,sales,high
0.67,1,192,4,0,0,0,sales,low
0.92,2,237,2,0,0,0,sales,medium
0.71,4,132,3,0,0,0,sales,medium
0.52,3,53,1,0,0,0,sales,medium
0.96,2,272,5,0,0,0,sales,medium
0.57,5,167,2,1,0,0,sales,medium
0.57,6,225,4,0,0,0,sales,medium
0.67,4,138,4,0,0,0,accounting,medium
0.44,5,271,2,1,0,0,accounting,medium
0.58,3,226,4,0,0,0,accounting,medium
0.66,4,296,3,0,0,0,hr,high
0.71,5,202,2,0,0,0,hr,low
0.48,3,243,6,0,0,0,hr,low
0.56,3,301,1,0,0,0,hr,low
0.86,4,182,3,1,0,0,technical,high
0.98,3,162,2,0,0,0,technical,low
0.81,4,139,4,0,0,0,technical,low
0.89,3,130,2,0,0,0,technical,low
0.7,2,229,2,0,0,0,technical,high
0.52,3,277,4,0,0,0,technical,low
1.0,2,184,3,0,0,0,technical,low
0.84,4,206,3,0,0,0,technical,low
0.97,4,280,2,0,0,0,technical,low
0.27,5,154,5,0,0,0,technical,low
0.65,3,178,1,1,0,0,technical,low
0.55,1,145,3,0,0,0,support,low
1.0,5,268,5,1,0,0,support,medium
0.72,5,158,5,0,0,0,support,medium
0.7,4,50,3,0,0,0,support,medium
0.61,5,212,1,0,0,0,support,medium
1.0,5,261,1,0,0,0,support,medium
0.54,5,145,5,0,0,0,support,medium
0.35,4,258,2,1,0,0,support,medium
0.56,3,244,4,0,0,0,support,medium
0.72,5,223,2,0,0,0,support,medium
0.62,3,103,2,0,0,0,support,medium
0.95,1,142,7,0,0,0,technical,medium
0.85,2,301,4,0,0,0,technical,medium
0.19,4,154,2,0,0,0,technical,high
0.86,5,200,6,0,0,0,management,low
0.76,3,190,5,0,0,0,IT,medium
0.59,3,237,3,0,0,0,IT,medium
0.44,4,286,4,0,0,0,IT,medium
0.54,4,278,3,1,0,0,IT,medium
0.6,2,137,3,0,0,0,IT,low
0.77,3,257,3,0,0,0,product_mng,low
0.36,2,144,2,0,0,0,product_mng,low
0.7,1,235,4,0,0,0,product_mng,low
0.47,4,266,4,0,0,0,product_mng,low
0.41,5,249,2,1,0,0,IT,low
1.0,5,219,3,0,0,0,RandD,low
0.62,6,196,2,0,0,0,RandD,low
0.74,2,190,1,0,0,0,RandD,low
1.0,6,178,5,1,0,0,RandD,low
0.78,4,209,6,0,0,0,RandD,low
0.91,3,167,1,0,0,0,marketing,low
0.4,2,220,4,0,0,0,marketing,low
1.0,3,169,2,0,0,0,sales,low
0.72,3,267,4,0,0,0,accounting,low
0.43,3,214,1,0,0,0,support,low
0.67,3,163,5,0,0,0,technical,low
0.6,2,165,2,1,0,0,management,low
1.0,3,231,1,0,0,0,marketing,low
0.62,3,246,3,1,0,0,marketing,low
0.71,7,258,6,0,0,0,marketing,low
0.68,3,249,2,1,0,0,sales,medium
0.97,4,284,4,0,0,0,sales,medium
0.63,3,244,3,0,0,0,sales,medium
0.78,6,69,2,0,0,0,sales,medium
0.51,3,255,5,0,0,0,sales,medium
0.93,3,195,2,0,0,0,sales,medium
0.73,5,102,2,0,0,0,sales,medium
0.76,2,139,2,0,0,0,sales,medium
0.67,4,293,3,0,0,0,sales,medium
0.99,3,224,3,0,0,0,sales,medium
0.75,5,110,4,0,0,0,sales,medium
0.44,5,166,5,0,0,0,sales,medium
0.63,5,181,5,0,0,0,sales,high
0.74,4,193,5,0,0,0,sales,low
0.63,1,270,4,0,0,0,sales,medium
0.96,2,80,2,0,0,0,sales,medium
1.0,3,110,2,0,0,0,sales,medium
0.75,5,196,3,0,0,0,sales,medium
0.21,2,152,5,0,0,0,sales,low
0.48,4,119,5,0,0,0,accounting,low
0.75,5,236,3,0,0,0,accounting,low
0.64,3,217,3,0,0,0,accounting,low
0.64,3,135,3,0,0,0,hr,low
1.0,5,296,3,0,0,0,hr,low
0.93,7,121,3,0,0,0,hr,low
0.86,4,266,1,1,0,0,hr,low
0.66,3,181,3,0,0,0,technical,low
0.64,4,211,3,1,0,0,technical,low
0.88,4,234,3,0,0,0,technical,low
1.0,4,136,2,0,0,0,technical,low
0.8,4,253,3,0,0,0,technical,low
0.64,2,266,2,0,0,0,technical,low
0.76,5,231,6,0,0,0,technical,low
0.32,1,187,4,0,0,0,technical,low
0.83,3,229,3,1,0,0,technical,low
0.76,3,255,2,0,0,0,technical,low
0.84,6,260,3,0,0,0,technical,low
0.9,4,222,3,0,0,0,support,low
0.69,4,242,4,0,0,0,support,low
0.6,5,262,3,0,0,0,support,medium
0.52,3,145,3,1,0,0,support,medium
0.95,4,119,3,0,0,0,support,medium
0.68,3,196,3,0,0,0,support,medium
0.97,3,128,1,0,0,0,support,medium
0.91,5,232,4,0,0,0,support,medium
0.65,2,248,5,0,0,0,support,medium
0.62,5,199,3,0,0,0,support,medium
0.47,4,269,2,0,0,0,support,medium
0.84,4,50,3,0,0,0,technical,medium
0.67,5,166,2,1,0,0,technical,medium
0.69,3,161,3,0,0,0,technical,medium
0.54,4,184,2,0,0,0,management,high
0.81,4,291,3,0,0,0,IT,low
0.55,4,327,3,1,0,0,IT,medium
0.97,4,197,2,0,0,0,IT,medium
0.38,3,241,2,0,0,0,IT,medium
0.45,2,255,2,1,0,0,IT,medium
0.5,2,117,2,0,0,0,product_mng,low
0.55,4,71,3,0,0,0,product_mng,low
1.0,4,219,3,0,0,0,product_mng,low
0.71,5,255,3,0,0,0,product_mng,low
0.67,6,167,4,0,0,0,IT,low
0.62,4,245,2,1,0,0,RandD,low
0.74,5,255,3,0,0,0,RandD,low
0.82,5,119,2,0,0,0,RandD,low
0.75,5,134,1,0,0,0,RandD,low
0.46,4,105,3,0,0,0,RandD,low
0.65,2,106,2,0,0,0,RandD,low
0.7,4,205,7,0,0,0,marketing,low
0.72,4,267,3,0,0,0,sales,low
0.7,4,204,3,0,0,0,accounting,low
1.0,5,227,3,1,0,0,support,low
0.63,3,144,1,0,0,0,technical,low
0.68,3,220,1,0,0,0,management,low
0.34,3,188,3,0,0,0,marketing,low
0.89,5,160,2,1,0,0,marketing,low
0.79,5,193,4,0,0,0,marketing,low
1.0,2,224,2,0,0,0,sales,low
0.71,4,80,4,0,0,0,sales,medium
0.64,3,212,2,0,0,0,sales,medium
0.64,4,214,3,0,0,0,sales,medium
1.0,3,209,5,1,0,0,sales,medium
0.27,1,184,6,0,0,0,sales,medium
0.71,6,145,5,0,0,0,sales,medium
0.67,5,278,1,0,0,0,sales,medium
0.56,4,198,3,0,0,0,sales,medium
0.96,2,242,3,1,0,0,sales,medium
0.41,1,212,4,0,0,0,sales,medium
0.48,3,151,1,1,0,0,sales,medium
0.69,7,102,6,0,0,0,sales,medium
0.7,5,167,3,0,0,0,sales,high
0.34,2,206,2,1,0,0,sales,low
1.0,4,271,4,0,0,0,sales,medium
0.54,3,245,2,1,0,0,sales,medium
0.62,5,252,2,0,0,0,sales,medium
1.0,3,153,3,1,0,0,sales,medium
0.46,4,267,3,0,0,0,accounting,low
0.44,2,213,5,1,0,0,accounting,low
0.47,4,196,6,0,0,0,accounting,low
0.69,6,174,2,0,0,0,hr,low
0.67,5,198,3,0,0,0,hr,low
1.0,4,151,4,0,0,0,hr,low
0.88,3,263,2,0,0,0,hr,low
0.68,5,230,1,0,0,0,technical,low
0.57,4,184,1,0,0,0,technical,low
0.63,6,189,1,0,0,0,technical,low
0.44,3,217,5,0,0,0,technical,low
0.76,4,229,4,0,0,0,technical,low
0.61,4,259,7,1,0,0,technical,low
0.7,2,120,3,1,0,0,technical,low
0.7,3,120,5,0,0,0,technical,low
0.66,4,145,5,0,0,0,technical,low
1.0,6,217,4,0,0,0,technical,low
0.69,4,269,2,0,0,0,technical,low
0.54,4,240,4,0,0,0,support,medium
0.66,3,119,3,0,0,0,support,medium
0.65,5,248,3,0,0,0,support,medium
0.92,3,68,5,0,0,0,support,medium
0.64,2,280,3,0,0,0,support,medium
0.99,3,99,3,0,0,0,support,medium
0.39,4,194,1,0,0,0,support,medium
0.6,3,233,1,0,0,0,support,medium
0.85,5,281,3,0,0,0,support,medium
0.88,5,341,4,0,0,0,support,medium
0.77,4,169,1,0,0,0,support,medium
0.57,6,236,2,0,0,0,technical,medium
0.68,3,140,5,0,0,0,technical,high
0.53,4,141,6,0,0,0,technical,low
0.47,2,267,5,0,0,0,management,medium
0.82,5,184,1,0,0,0,IT,medium
0.6,4,268,5,0,0,0,IT,medium
0.64,2,209,5,0,0,0,IT,medium
0.6,3,187,4,0,0,0,IT,low
0.88,3,229,2,1,0,0,IT,low
0.65,1,164,1,0,0,0,product_mng,low
0.97,4,108,3,0,0,0,product_mng,low
0.69,4,214,3,1,0,0,product_mng,low
0.45,3,112,3,0,0,0,product_mng,low
0.51,4,146,5,0,0,0,IT,low
0.88,1,117,1,0,0,0,RandD,low
0.63,3,113,1,0,0,0,RandD,low
0.95,2,170,3,0,0,0,RandD,low
0.88,3,254,5,1,0,0,RandD,low
0.69,6,119,4,0,0,0,RandD,low
0.4,5,270,3,0,0,0,RandD,low
0.79,2,155,5,0,0,0,marketing,low
0.6,3,173,4,0,0,0,sales,low
0.77,2,286,1,0,0,0,accounting,low
1.0,3,291,3,0,0,0,support,low
0.69,3,189,2,0,0,0,technical,low
0.96,2,167,5,0,0,0,management,low
0.59,4,189,4,0,0,0,marketing,low
1.0,5,119,5,0,0,0,marketing,low
0.71,6,125,3,1,0,0,marketing,medium
0.34,3,141,4,0,0,0,sales,medium
0.4,5,223,4,0,0,0,sales,medium
0.89,3,251,6,0,0,0,sales,medium
0.88,4,233,6,1,0,0,sales,medium
0.44,3,222,1,1,0,0,sales,medium
0.64,2,138,2,0,0,0,sales,medium
0.59,2,254,3,0,0,0,sales,medium
0.7,2,195,1,0,0,0,sales,medium
0.79,5,210,5,0,0,0,sales,medium
0.86,4,139,1,0,0,0,sales,medium
0.87,3,223,3,0,0,0,sales,medium
0.49,4,261,3,0,0,0,sales,high
0.91,3,169,5,0,0,0,sales,low
0.52,5,193,3,0,0,0,sales,medium
0.6,7,259,4,0,0,0,sales,medium
0.68,5,176,4,0,0,0,sales,medium
0.58,5,192,2,0,0,0,sales,medium
0.88,3,189,2,1,0,0,sales,low
0.43,4,59,5,0,0,0,sales,low
0.96,4,100,3,0,0,0,accounting,low
1.0,2,162,1,0,0,0,accounting,low
0.34,3,246,4,0,0,0,accounting,low
0.85,4,244,2,0,0,0,hr,low
1.0,5,200,5,0,0,0,hr,low
0.93,4,309,3,0,0,0,hr,low
0.75,3,227,3,0,0,0,hr,low
0.59,5,187,1,0,0,0,technical,low
0.89,2,214,2,1,0,0,technical,low
0.6,4,237,3,1,0,0,technical,low
0.72,3,215,3,0,0,0,technical,low
0.52,1,270,2,0,0,0,technical,low
0.73,2,211,2,0,0,0,technical,low
0.75,1,249,1,0,0,0,technical,low
1.0,4,275,2,1,0,0,technical,low
1.0,1,259,4,0,0,0,technical,low
0.62,5,199,2,0,0,0,technical,low
0.55,5,208,4,0,0,0,technical,low
0.55,3,163,3,0,0,0,support,low
0.97,2,278,6,0,0,0,support,medium
0.67,3,241,3,0,0,0,support,medium
0.45,4,50,3,0,0,0,support,medium
0.91,4,240,1,0,0,0,support,medium
1.0,4,357,1,0,0,0,support,medium
0.97,4,189,1,0,0,0,support,medium
0.6,5,202,5,1,0,0,support,medium
0.54,3,159,5,0,0,0,support,medium
0.85,2,213,5,0,0,0,support,medium
0.95,5,170,4,0,0,0,support,medium
0.65,4,178,2,0,0,0,technical,medium
0.75,4,197,1,0,0,0,technical,medium
0.86,4,268,3,0,0,0,technical,high
0.82,2,170,1,0,0,0,management,low
0.89,2,197,1,0,0,0,IT,medium
0.92,3,149,2,0,0,0,IT,medium
0.58,2,196,2,1,0,0,IT,medium
0.62,4,173,3,0,0,0,IT,medium
0.61,4,321,3,0,0,0,IT,low
0.68,5,245,2,0,0,0,product_mng,low
0.9,4,102,3,1,0,0,product_mng,low
0.77,3,253,2,1,0,0,product_mng,low
0.65,1,243,3,0,0,0,product_mng,low
0.71,5,120,1,0,0,0,IT,low
0.41,3,111,3,1,0,0,RandD,low
1.0,5,86,4,0,0,0,RandD,low
0.41,4,219,7,0,0,0,RandD,medium
0.64,4,220,3,1,0,0,RandD,medium
0.54,5,141,4,0,0,0,RandD,medium
0.41,4,236,3,0,0,0,RandD,medium
0.54,3,263,3,0,0,0,marketing,medium
0.53,4,175,6,0,0,0,sales,medium
0.74,5,297,2,0,0,0,accounting,medium
0.68,5,180,3,0,0,0,support,medium
0.84,3,169,3,0,0,0,technical,medium
0.8,3,232,2,0,0,0,management,medium
0.63,4,179,3,0,0,0,marketing,medium
0.46,5,207,5,0,0,0,marketing,medium
0.71,4,218,2,0,0,0,marketing,medium
1.0,3,227,4,0,0,0,sales,medium
0.68,3,215,2,0,0,0,sales,medium
0.46,4,220,2,0,0,0,sales,medium
0.83,5,195,3,0,0,0,sales,medium
0.91,5,50,1,1,0,0,sales,medium
0.87,3,248,1,0,0,0,sales,medium
1.0,5,242,2,0,0,0,sales,medium
0.76,3,169,4,0,0,0,sales,medium
0.53,6,74,3,0,0,0,sales,medium
0.75,3,199,3,0,0,0,sales,medium
0.43,2,222,3,0,0,0,sales,medium
0.8,4,128,5,0,0,0,sales,medium
0.9,5,278,4,0,0,0,sales,high
0.63,3,231,5,1,0,1,sales,high
0.39,4,118,3,0,0,1,sales,high
0.48,3,147,2,0,0,1,sales,high
0.67,2,215,3,0,0,1,sales,high
0.92,4,203,2,0,0,1,sales,high
0.36,3,84,4,0,0,1,sales,high
0.28,4,196,6,1,0,1,accounting,high
0.43,5,277,3,0,0,1,accounting,high
0.91,4,193,1,0,0,1,accounting,high
0.61,6,218,2,0,0,1,hr,high
0.69,5,241,2,0,0,1,hr,high
0.76,3,166,2,0,0,1,hr,low
0.69,2,210,4,1,0,1,hr,low
0.67,5,140,5,0,0,1,technical,low
1.0,3,159,4,0,0,1,technical,low
0.58,4,236,3,0,0,0,technical,low
0.85,4,270,2,0,0,0,technical,low
1.0,3,243,2,0,0,0,technical,low
0.71,3,233,2,0,0,0,technical,low
0.37,6,236,4,0,0,0,technical,low
0.42,3,251,3,0,0,0,technical,low
0.6,6,155,3,1,0,0,technical,low
0.68,2,165,3,0,0,0,technical,low
0.94,4,120,5,1,0,0,technical,low
0.92,5,321,3,0,0,0,support,low
0.81,3,246,1,0,0,0,support,low
0.82,5,228,4,0,0,0,support,medium
0.72,3,229,2,0,0,0,support,medium
1.0,3,140,2,0,0,0,support,medium
0.86,5,250,2,0,0,0,support,medium
0.57,5,244,4,0,0,0,support,medium
0.69,4,274,3,0,0,0,support,medium
0.65,2,118,5,0,0,0,support,medium
0.82,5,123,1,0,0,0,support,medium
0.92,4,253,1,0,0,0,support,medium
0.49,2,193,5,0,0,0,technical,medium
0.89,5,137,4,0,0,0,technical,medium
0.78,3,143,4,0,0,0,technical,medium
0.57,5,171,4,0,0,0,management,high
0.65,3,289,4,1,0,0,IT,high
0.97,4,179,1,0,0,0,IT,high
0.63,3,166,5,1,0,0,IT,high
0.72,5,255,2,0,0,0,IT,high
0.97,5,50,4,0,0,0,IT,high
0.61,1,210,4,0,0,0,product_mng,high
0.87,5,172,2,0,0,0,product_mng,high
0.96,3,199,2,0,0,0,product_mng,low
0.92,8,271,5,0,0,0,product_mng,low
0.73,4,206,3,0,0,0,IT,low
0.86,6,275,4,0,0,0,RandD,low
0.88,4,244,2,0,0,0,RandD,low
0.57,2,211,4,0,0,0,RandD,low
0.81,2,114,7,1,0,0,RandD,low
0.8,5,258,1,1,0,0,RandD,low
0.72,3,130,2,0,0,0,RandD,medium
0.75,1,149,5,0,0,0,marketing,medium
0.53,6,216,4,0,0,0,sales,medium
0.46,4,238,3,0,0,0,accounting,medium
0.75,5,182,1,0,0,0,support,medium
0.93,4,156,4,0,0,0,technical,medium
0.39,3,173,3,0,0,0,management,medium
0.75,4,241,3,1,0,0,marketing,medium
0.94,5,199,3,0,0,0,marketing,medium
1.0,4,237,3,0,0,0,marketing,medium
1.0,3,274,3,0,0,0,sales,medium
0.55,2,152,3,0,0,0,sales,medium
1.0,1,239,5,0,0,0,sales,medium
0.68,4,285,2,0,0,0,sales,medium
0.91,3,130,5,0,0,0,sales,medium
0.21,4,169,4,1,0,0,sales,medium
1.0,3,214,4,1,0,0,sales,medium
0.68,4,300,5,0,0,0,sales,medium
0.68,6,243,5,0,0,0,sales,medium
0.52,3,213,1,0,0,0,sales,medium
0.9,2,190,3,0,0,0,sales,medium
0.97,3,272,3,0,0,0,sales,medium
0.58,7,50,6,1,0,0,sales,medium
0.54,3,164,1,1,0,0,sales,high
1.0,3,129,1,0,0,0,sales,low
0.65,5,263,3,0,0,0,sales,medium
0.74,5,277,2,0,0,0,sales,medium
0.46,6,193,4,0,0,0,sales,medium
0.56,2,225,4,0,0,0,sales,medium
0.78,4,239,3,1,0,0,accounting,medium
0.5,3,130,5,0,0,0,accounting,medium
0.61,3,100,2,1,0,0,accounting,medium
0.57,6,254,6,0,0,0,hr,medium
0.85,3,224,2,0,0,0,hr,medium
0.77,4,201,2,0,0,0,hr,medium
0.32,2,237,2,1,0,0,hr,low
0.51,3,123,1,0,0,0,technical,low
0.77,5,232,4,1,0,0,technical,low
0.76,1,168,5,1,0,0,technical,low
0.85,3,110,5,1,0,0,technical,low
1.0,2,254,2,1,0,0,technical,low
0.55,3,182,3,1,0,0,technical,low
0.52,3,178,1,1,0,0,technical,high
0.39,3,161,3,0,0,0,technical,low
0.97,6,154,5,0,0,0,technical,high
0.56,3,188,3,0,0,0,technical,high
0.71,4,147,4,0,0,0,technical,low
0.86,2,158,2,1,0,0,support,low
0.81,5,155,1,0,0,0,support,high
0.45,2,281,2,0,0,0,support,low
0.4,5,248,1,0,0,0,support,medium
0.83,2,164,7,0,0,0,support,high
0.96,2,206,4,0,0,0,support,medium
0.56,3,177,1,0,0,0,support,medium
0.98,4,216,1,1,0,0,support,medium
0.97,2,239,1,0,0,0,support,medium
0.74,2,203,1,0,0,0,support,high
0.62,5,168,4,0,0,0,support,medium
0.27,3,170,3,0,0,0,technical,medium
0.54,5,60,4,0,0,0,technical,medium
0.5,2,55,1,0,0,0,technical,high
0.68,3,131,2,1,0,0,management,medium
0.4,6,265,6,0,0,0,IT,high
0.87,3,244,6,0,0,0,IT,low
1.0,4,144,2,0,0,0,IT,medium
0.36,3,188,4,0,0,0,IT,medium
0.44,4,144,4,0,0,0,IT,medium
0.74,2,227,3,0,0,0,product_mng,medium
0.85,5,196,8,1,0,0,product_mng,low
0.85,4,199,2,0,0,0,product_mng,low
0.25,4,181,6,0,0,0,product_mng,low
0.85,5,169,2,1,0,0,IT,low
0.79,6,223,1,1,0,0,RandD,low
0.57,7,194,4,0,0,0,RandD,low
0.81,3,152,4,0,0,0,RandD,low
0.82,5,117,4,1,0,0,RandD,low
0.86,5,243,3,0,0,0,RandD,low
0.51,6,154,5,1,0,0,marketing,low
0.8,6,154,4,1,0,0,sales,high
0.77,5,333,5,0,0,0,accounting,low
0.94,4,204,6,0,0,0,support,low
0.85,4,318,3,0,0,0,technical,low
0.48,2,212,6,0,0,0,management,low
0.76,3,349,5,0,0,0,marketing,high
0.83,4,206,2,0,0,0,marketing,low
0.9,3,227,3,1,0,0,marketing,low
0.72,4,208,2,0,0,0,sales,low
0.74,4,290,2,0,0,0,sales,high
0.51,5,217,2,1,0,0,sales,low
0.44,4,191,1,0,0,0,sales,medium
0.87,2,152,4,0,0,0,sales,high
0.72,5,222,3,0,0,0,sales,medium
0.5,4,198,1,0,0,0,sales,high
0.35,4,193,2,0,0,0,sales,medium
0.74,5,262,3,0,0,0,sales,medium
0.62,4,249,5,0,0,0,sales,medium
0.34,4,170,3,0,0,0,sales,medium
1.0,4,208,3,0,0,0,sales,medium
1.0,3,166,7,0,0,0,sales,medium
0.97,7,256,3,0,0,0,sales,medium
0.72,4,160,2,0,0,0,sales,medium
1.0,4,211,3,0,0,0,sales,high
0.6,5,246,2,0,0,0,sales,low
0.74,4,220,3,0,0,0,sales,medium
0.56,4,115,4,0,0,0,sales,medium
0.72,5,147,5,0,0,0,accounting,medium
0.47,3,142,6,1,0,0,accounting,medium
0.47,3,211,4,0,0,0,accounting,medium
0.63,4,117,4,1,0,0,hr,medium
0.83,4,145,5,0,0,0,hr,medium
0.47,4,224,3,0,0,0,hr,medium
0.77,4,224,2,0,0,0,hr,medium
0.41,5,211,1,0,0,0,technical,high
0.77,4,250,4,0,0,0,technical,low
0.82,2,215,1,0,0,0,technical,low
0.71,4,75,4,0,0,0,technical,low
0.82,2,229,2,0,0,0,technical,high
0.56,5,104,5,0,0,0,technical,low
0.63,4,252,5,0,0,0,technical,low
0.54,4,165,2,0,0,0,technical,low
0.64,4,161,3,0,0,0,technical,high
0.45,5,202,5,0,0,0,technical,low
1.0,4,98,2,0,0,0,technical,low
0.78,2,53,3,0,0,0,support,low
0.49,3,58,3,1,0,0,support,low
0.89,4,216,2,0,0,0,support,low
0.73,4,231,2,0,0,0,support,low
0.6,3,259,3,0,0,0,support,low
0.71,4,199,5,0,0,0,support,medium
0.52,7,131,2,0,0,0,support,medium
0.95,2,293,2,0,0,0,support,medium
0.48,2,120,6,0,0,0,support,medium
0.66,2,185,1,0,0,0,support,medium
0.33,5,173,1,0,0,0,support,medium
1.0,3,286,2,0,0,0,technical,medium
0.59,3,205,4,0,0,0,technical,medium
0.8,4,98,4,0,0,0,technical,medium
0.82,2,185,3,0,0,0,management,medium
0.54,4,221,4,0,0,0,IT,medium
0.84,2,224,4,0,0,0,IT,medium
0.79,4,86,1,0,0,0,IT,high
0.64,2,139,1,0,0,0,IT,low
0.87,4,275,2,0,0,0,IT,medium
0.82,5,283,3,0,0,0,product_mng,medium
0.66,7,163,3,0,0,0,product_mng,medium
0.54,3,189,5,0,0,0,product_mng,medium
0.91,2,292,2,0,0,0,product_mng,low
0.77,4,167,2,0,0,0,IT,low
0.73,5,189,4,0,0,0,RandD,low
1.0,4,282,6,0,0,0,RandD,low
0.65,2,280,2,1,0,0,RandD,low
0.55,5,211,1,0,0,0,RandD,low
0.55,3,214,3,0,0,0,RandD,low
0.46,4,232,4,0,0,0,marketing,low
0.5,6,105,4,0,0,0,marketing,low
0.61,3,212,1,0,0,0,sales,low
0.47,6,279,5,0,0,0,accounting,low
0.66,6,240,1,1,0,0,support,low
0.6,4,233,5,1,0,0,technical,low
0.67,2,166,2,1,0,0,management,low
1.0,2,179,4,0,0,0,marketing,low
0.49,4,189,2,0,0,0,marketing,low
0.47,6,255,4,1,0,0,marketing,low
0.7,5,227,2,0,0,0,sales,low
0.96,3,275,3,0,0,0,sales,low
0.66,3,222,6,1,0,0,sales,low
0.6,2,162,3,0,0,0,sales,low
0.88,3,222,3,0,0,0,sales,medium
1.0,2,215,4,0,0,0,sales,medium
0.27,3,223,5,0,0,0,sales,medium
0.86,6,196,1,0,0,0,sales,medium
0.5,6,208,2,0,0,0,sales,medium
0.48,3,246,1,0,0,0,sales,medium
0.42,3,224,2,0,0,0,sales,medium
0.55,3,201,3,0,0,0,sales,medium
0.83,2,181,2,0,0,0,sales,medium
0.58,4,200,3,0,0,0,sales,medium
0.53,3,274,4,0,0,0,sales,medium
0.7,5,201,3,0,0,0,sales,medium
0.66,6,193,3,0,0,0,sales,high
0.95,2,258,4,0,0,0,sales,low
0.37,1,240,2,0,0,0,sales,medium
0.55,2,182,4,0,0,0,accounting,medium
0.8,4,312,4,1,0,0,accounting,medium
0.93,5,246,5,0,0,0,accounting,medium
0.48,4,240,5,0,0,0,hr,low
0.7,3,247,5,0,0,0,hr,low
0.93,6,196,4,0,0,0,hr,low
0.78,3,194,1,0,0,0,hr,low
0.59,3,170,4,0,0,0,technical,low
0.78,5,181,5,0,0,0,technical,low
0.49,4,221,4,0,0,0,technical,low
0.56,6,180,4,0,0,0,technical,low
0.86,5,220,3,0,0,0,technical,low
0.63,4,193,2,0,0,0,technical,low
0.86,4,199,2,0,0,0,technical,low
0.7,2,169,4,0,0,0,technical,low
0.67,4,195,7,0,0,0,technical,low
1.0,3,249,3,0,0,0,technical,low
0.58,6,178,3,0,0,0,technical,low
0.91,8,265,2,0,0,0,support,low
0.52,7,134,4,0,0,0,support,low
0.82,4,266,3,0,0,0,support,low
0.53,4,162,5,0,0,0,support,low
0.63,3,252,2,0,0,0,support,low
0.59,4,155,4,0,0,0,support,low
0.92,2,118,3,1,0,0,support,medium
0.72,4,202,4,1,0,0,support,medium
0.77,4,177,4,0,0,0,support,medium
0.84,5,127,3,0,0,0,support,medium
0.82,5,259,3,0,0,0,support,medium
1.0,5,133,3,0,0,0,technical,medium
0.38,2,292,3,0,0,0,technical,medium
1.0,5,242,6,1,0,0,technical,medium
0.96,3,238,1,0,0,0,management,medium
1.0,4,155,5,1,0,0,IT,medium
0.69,6,207,2,0,0,0,IT,medium
1.0,3,268,4,1,0,0,IT,medium
0.38,4,279,3,0,0,0,IT,high
0.57,3,322,2,0,0,0,IT,low
0.72,5,119,6,0,0,0,product_mng,medium
0.74,4,272,3,0,0,0,product_mng,medium
0.85,3,112,1,0,0,0,product_mng,medium
0.51,5,206,3,0,0,0,product_mng,medium
1.0,3,157,1,0,0,0,IT,low
0.96,4,161,4,1,0,0,RandD,low
0.88,3,208,4,0,0,0,RandD,low
0.92,3,180,2,0,0,0,RandD,low
0.94,3,115,3,0,0,0,RandD,low
0.46,3,323,3,1,0,0,RandD,low
0.88,4,170,2,0,0,0,marketing,low
0.89,5,153,3,0,0,0,sales,low
0.99,3,212,3,0,0,0,accounting,low
0.66,2,191,4,0,0,0,support,low
0.43,5,229,1,0,0,0,technical,low
0.47,5,313,3,0,0,0,management,low
0.92,1,292,2,0,0,0,marketing,low
0.78,6,210,3,0,0,0,marketing,low
1.0,5,186,5,0,0,0,marketing,low
0.87,1,226,5,0,0,0,sales,low
1.0,4,154,1,0,0,0,sales,low
0.57,2,195,2,0,0,0,sales,low
0.36,4,238,3,0,0,0,sales,low
0.78,7,280,5,0,0,0,sales,low
0.4,4,309,2,0,0,0,sales,low
0.64,4,177,3,0,0,0,sales,medium
0.34,6,145,1,0,0,0,sales,medium
0.64,4,189,3,1,0,0,sales,medium
0.55,5,167,1,1,0,0,sales,medium
0.87,3,140,4,0,0,0,sales,medium
0.4,6,178,3,0,0,0,sales,medium
0.94,3,233,4,0,0,0,sales,medium
0.58,4,249,2,1,0,0,sales,medium
0.63,2,236,5,0,0,0,sales,medium
0.89,4,266,2,0,0,0,sales,medium
0.93,7,102,4,1,0,0,sales,medium
0.64,4,163,2,1,0,0,sales,medium
1.0,3,90,5,0,0,0,sales,high
0.78,2,264,5,0,0,0,accounting,low
0.45,5,284,1,0,0,0,accounting,medium
0.66,5,177,4,0,0,0,accounting,medium
0.69,2,224,3,1,0,0,hr,medium
0.53,5,255,4,0,0,0,hr,medium
0.54,3,164,2,0,0,0,hr,low
0.3,4,128,3,0,0,0,hr,low
1.0,4,144,5,0,0,0,technical,low
0.32,3,194,5,0,0,0,technical,low
0.33,3,69,5,1,0,0,technical,low
0.95,5,279,5,0,0,0,technical,low
0.36,4,225,2,0,0,0,technical,low
0.76,5,197,5,0,0,0,technical,low
0.52,5,234,2,1,0,0,technical,low
1.0,5,265,2,0,0,0,technical,low
0.89,6,198,4,1,0,0,technical,low
1.0,4,234,3,0,0,0,technical,low
0.73,6,185,6,0,0,0,technical,low
0.46,2,116,3,0,0,0,support,low
0.33,2,313,4,0,0,0,support,low
0.78,3,151,2,0,0,0,support,low
0.89,2,317,1,0,0,0,support,low
0.53,2,223,2,1,0,0,support,low
0.87,4,195,2,0,0,0,support,medium
0.42,5,247,2,1,0,0,support,medium
0.46,3,238,1,1,0,0,support,medium
0.43,4,158,6,0,0,0,support,medium
0.44,4,160,3,0,0,0,support,medium
0.59,2,193,3,0,0,0,support,medium
0.71,6,220,3,0,0,0,technical,medium
0.77,5,223,6,0,0,0,technical,medium
0.89,6,162,5,0,0,0,technical,medium
0.65,3,173,3,0,0,0,management,medium
0.32,3,124,2,0,0,0,IT,medium
0.8,3,254,2,0,0,0,IT,medium
0.84,5,243,5,0,0,0,IT,high
0.83,3,327,3,0,0,0,IT,low
0.82,3,287,2,0,0,0,IT,medium
0.87,5,262,6,0,0,0,product_mng,medium
0.89,4,292,3,0,0,0,product_mng,medium
0.71,4,165,3,0,0,0,product_mng,medium
0.83,1,260,4,1,0,0,product_mng,low
0.78,6,245,4,0,0,0,IT,low
0.7,5,251,3,1,0,0,RandD,low
0.97,4,234,5,0,0,0,RandD,low
0.87,8,163,4,0,0,0,RandD,low
0.71,3,194,3,1,0,0,RandD,low
0.61,3,116,5,1,0,0,RandD,low
0.51,2,227,2,1,0,0,marketing,low
0.6,2,166,3,0,0,0,sales,low
0.6,6,243,4,0,0,0,accounting,low
0.79,3,326,2,0,0,0,support,low
1.0,4,118,2,0,0,0,technical,low
0.51,6,201,3,0,0,0,management,low
0.56,4,223,2,1,0,0,marketing,low
1.0,3,142,3,0,0,0,marketing,low
0.54,4,195,3,0,0,0,marketing,low
0.83,2,292,3,0,0,0,sales,low
0.24,4,284,3,0,0,0,sales,low
0.48,4,113,5,0,0,0,sales,low
0.64,4,174,3,0,0,0,sales,low
0.98,3,153,1,0,0,0,sales,low
0.31,4,162,3,0,0,0,sales,medium
0.47,5,86,2,0,0,0,sales,medium
1.0,3,129,4,0,0,0,sales,medium
0.97,3,273,6,0,0,0,sales,medium
0.69,1,289,2,0,0,0,sales,medium
0.76,4,167,3,0,0,0,sales,medium
0.73,3,220,5,0,0,0,sales,medium
1.0,5,182,4,0,0,0,sales,medium
0.91,4,121,3,0,0,0,sales,medium
0.29,2,192,3,0,0,0,sales,medium
0.6,4,237,2,0,0,0,sales,medium
1.0,4,161,6,1,0,0,sales,medium
0.37,4,191,1,0,0,0,sales,high
0.61,4,157,3,0,0,0,sales,low
0.94,2,206,3,0,0,0,accounting,medium
0.55,3,148,1,0,0,0,accounting,medium
0.77,3,93,5,0,0,0,accounting,medium
0.72,4,193,4,0,0,0,hr,medium
0.43,3,146,5,0,0,0,hr,low
0.49,4,157,1,1,0,0,hr,low
0.75,4,124,1,0,0,0,hr,low
0.55,4,255,3,0,0,0,technical,low
0.89,3,120,3,0,0,0,technical,low
0.46,3,189,2,0,0,0,technical,low
0.73,2,171,2,1,0,0,technical,low
0.49,4,243,3,0,0,0,technical,low
0.75,2,157,1,0,0,0,technical,low
0.56,3,125,4,0,0,0,technical,low
0.77,3,215,5,1,0,0,technical,low
0.97,6,261,1,0,0,0,technical,low
0.76,4,278,5,0,0,0,technical,low
0.78,3,235,7,0,0,0,technical,low
0.6,5,245,3,1,0,0,support,low
0.76,4,253,2,0,0,0,support,low
0.51,4,128,4,1,0,0,support,low
0.41,4,102,6,0,0,0,support,low
0.88,1,136,6,0,0,0,support,low
0.85,3,150,6,0,0,0,support,low
0.83,4,302,1,1,0,0,support,low
0.46,3,120,2,1,0,0,support,medium
0.64,5,244,2,0,0,0,support,medium
0.62,1,250,4,0,0,0,support,medium
0.8,4,199,3,1,0,0,support,medium
0.62,4,181,3,0,0,0,technical,medium
0.69,4,165,3,0,0,0,technical,medium
0.31,3,173,3,0,0,0,technical,medium
0.74,6,189,4,1,0,0,management,medium
1.0,3,266,4,0,0,0,IT,medium
0.83,5,246,4,0,0,0,IT,medium
0.79,2,116,5,0,0,0,IT,medium
0.9,4,182,4,0,0,0,IT,medium
0.73,3,267,2,0,0,0,IT,high
0.66,1,129,3,0,0,0,product_mng,low
0.84,6,153,3,0,0,0,product_mng,medium
0.77,4,171,3,0,0,0,product_mng,medium
0.71,4,200,3,1,0,0,product_mng,medium
0.63,4,185,2,0,0,0,IT,medium
0.28,2,131,4,0,0,0,RandD,low
0.65,6,324,5,0,0,0,RandD,low
0.79,7,142,5,0,0,0,RandD,low
0.83,5,159,1,0,0,0,RandD,low
0.64,3,188,4,0,0,0,RandD,low
0.85,4,217,4,0,0,0,marketing,low
1.0,3,149,2,0,0,0,sales,low
0.85,5,224,1,1,0,0,accounting,low
0.92,4,282,2,0,0,0,support,medium
0.56,4,250,4,0,0,0,technical,medium
0.96,2,237,4,0,0,0,management,medium
0.61,2,311,2,0,0,0,marketing,medium
0.98,2,183,6,0,0,0,marketing,medium
0.99,3,216,3,0,0,0,marketing,medium
0.39,3,124,2,1,0,0,sales,medium
0.83,7,238,4,0,0,0,sales,medium
0.7,4,83,4,0,0,0,sales,medium
0.58,5,256,2,0,0,0,sales,medium
0.54,2,112,6,0,0,0,sales,medium
0.63,3,186,1,0,0,0,sales,medium
0.83,5,80,1,0,0,0,sales,medium
0.95,6,342,3,0,0,0,sales,medium
0.91,1,114,2,0,0,0,sales,medium
0.69,3,257,3,0,0,0,sales,medium
0.48,4,137,2,0,0,0,sales,medium
0.95,5,249,2,0,0,0,sales,medium
0.78,3,97,2,1,0,0,sales,medium
0.91,6,172,2,0,0,0,sales,medium
0.56,2,182,2,0,0,0,sales,medium
0.86,5,294,1,0,0,0,sales,medium
0.68,5,195,2,0,0,0,sales,medium
0.58,2,311,3,0,0,0,sales,medium
0.78,5,191,5,1,0,0,sales,medium
0.97,5,326,2,0,0,0,accounting,high
0.66,4,316,1,0,0,0,accounting,high
0.78,2,203,2,1,0,0,accounting,high
0.89,5,259,3,0,0,0,hr,high
0.6,3,146,3,0,0,0,hr,high
0.87,3,291,2,0,0,0,hr,high
1.0,5,199,2,0,0,0,hr,high
0.41,4,178,5,0,0,0,technical,high
0.63,5,185,4,0,0,0,technical,high
0.9,3,207,2,0,0,0,technical,high
0.54,4,149,3,0,0,0,technical,high
0.43,2,310,2,0,0,0,technical,high
1.0,5,222,5,1,0,0,technical,low
0.59,4,246,2,0,0,0,technical,low
1.0,3,194,3,0,0,0,technical,low
0.6,5,118,4,0,0,0,technical,low
0.57,7,147,6,0,0,0,technical,low
0.84,4,272,3,0,0,0,technical,low
0.83,3,253,1,1,0,0,support,low
0.43,6,250,4,1,0,0,support,low
0.75,3,146,3,0,0,0,support,low
0.48,3,141,2,0,0,0,support,low
0.85,4,273,1,0,0,0,support,low
0.96,4,208,1,0,0,0,support,low
0.47,6,209,4,0,0,0,support,low
0.39,6,149,4,1,0,0,support,low
0.99,2,234,3,0,0,0,support,low
0.7,4,246,2,0,0,0,support,medium
0.58,5,236,4,1,0,0,support,medium
0.81,3,198,3,0,0,0,technical,medium
0.96,5,234,5,0,0,0,technical,medium
1.0,1,147,6,0,0,0,technical,medium
0.68,5,172,5,0,0,0,management,medium
0.44,4,156,3,1,0,0,IT,medium
0.85,4,244,7,1,0,0,IT,medium
0.61,3,223,3,0,0,0,IT,medium
0.64,3,161,4,0,0,0,IT,medium
0.6,5,261,4,0,0,0,IT,medium
0.52,4,221,4,1,0,0,product_mng,medium
0.68,3,308,5,1,0,0,product_mng,high
0.96,4,200,3,0,0,0,product_mng,high
0.35,4,120,3,0,0,0,product_mng,high
0.58,4,254,2,0,0,0,IT,high
0.92,2,213,2,0,0,0,RandD,high
0.59,2,136,1,0,0,0,RandD,high
0.29,4,252,6,0,0,0,RandD,high
0.7,3,313,4,0,0,0,RandD,high
0.91,5,196,1,0,0,0,RandD,low
0.62,3,331,2,1,0,0,marketing,low
0.83,5,108,2,0,0,0,sales,low
1.0,2,182,1,0,0,0,accounting,low
0.74,7,274,2,1,0,0,support,low
0.41,3,185,3,0,0,0,technical,low
0.81,5,120,4,0,0,0,management,low
0.57,4,208,3,0,0,0,marketing,low
0.8,4,180,5,0,0,0,marketing,medium
0.72,3,108,4,0,0,0,marketing,medium
0.81,2,161,1,1,0,0,sales,medium
0.59,5,243,2,0,0,0,sales,medium
0.83,5,210,3,1,0,0,sales,medium
1.0,2,286,3,1,0,0,sales,medium
0.58,3,202,3,0,0,0,sales,medium
0.68,6,269,6,0,0,0,sales,medium
0.52,4,225,2,0,0,0,sales,medium
0.73,5,262,2,0,0,0,sales,medium
0.73,3,284,1,0,0,0,sales,medium
0.83,3,165,2,0,0,0,sales,medium
0.31,1,185,2,0,0,0,sales,medium
0.91,4,180,3,0,0,0,sales,medium
0.69,6,176,4,0,0,0,sales,medium
0.65,2,132,4,0,0,0,sales,medium
0.95,5,211,3,0,0,0,sales,medium
0.54,3,232,4,0,0,0,sales,medium
0.85,1,215,2,0,0,0,sales,medium
0.48,4,193,3,0,0,0,sales,medium
0.61,4,235,1,0,0,0,sales,medium
0.9,4,87,2,0,0,0,accounting,medium
1.0,3,228,3,0,0,0,accounting,medium
0.52,3,162,3,0,0,0,accounting,high
1.0,6,167,3,0,0,0,hr,low
0.76,3,114,3,0,0,0,hr,medium
1.0,3,246,5,0,0,0,hr,medium
0.61,3,177,6,0,0,0,hr,medium
0.7,2,126,2,0,0,0,technical,medium
0.78,6,256,4,0,0,0,technical,medium
0.74,5,207,4,1,0,0,technical,medium
1.0,2,213,3,0,0,0,technical,medium
0.58,6,252,3,0,0,0,technical,medium
0.54,4,125,2,0,0,0,technical,medium
0.67,2,245,3,0,0,0,technical,medium
0.58,5,185,3,0,0,0,technical,low
0.89,5,111,2,0,0,0,technical,low
0.93,3,202,3,0,0,0,technical,low
0.65,7,201,4,0,0,0,technical,low
0.39,3,155,3,0,0,0,support,low
0.66,5,238,2,0,0,0,support,low
0.49,3,131,3,0,0,0,support,low
0.82,5,296,4,0,0,0,support,high
0.8,3,109,1,0,0,0,support,low
0.54,5,275,5,0,0,0,support,high
0.55,5,193,4,1,0,0,support,high
0.78,4,107,6,0,0,0,support,low
0.64,5,131,2,1,0,0,support,low
0.92,3,187,3,0,0,0,support,high
0.86,5,327,3,0,0,0,support,low
0.48,5,242,2,0,0,0,technical,medium
0.44,3,85,3,0,0,0,technical,high
0.81,6,231,4,0,0,0,technical,medium
0.84,2,249,2,0,0,0,management,medium
0.55,2,241,3,0,0,0,IT,medium
0.65,2,109,5,0,0,0,IT,medium
0.58,3,186,3,0,0,0,IT,high
0.51,6,163,2,0,0,0,IT,medium
0.63,6,174,4,0,0,0,IT,medium
0.59,5,151,2,0,0,0,product_mng,medium
0.71,4,228,1,0,0,0,product_mng,high
0.56,6,215,2,0,0,0,product_mng,medium
0.89,3,277,3,1,0,0,product_mng,high
0.82,7,245,1,0,0,0,IT,low
0.8,4,253,4,0,0,0,RandD,medium
0.41,4,207,6,0,0,0,RandD,medium
0.84,3,201,3,0,0,0,RandD,medium
0.74,4,236,3,0,0,0,RandD,medium
0.97,6,194,1,0,0,0,RandD,low
0.8,5,175,3,0,0,0,marketing,low
0.82,4,223,1,0,0,0,sales,low
0.85,2,133,3,0,0,0,accounting,low
0.67,3,174,2,1,0,0,support,low
0.68,5,229,3,0,0,0,technical,low
0.29,3,193,1,0,0,0,management,low
1.0,3,138,3,0,0,0,marketing,low
0.88,5,200,2,0,0,0,marketing,low
0.68,4,122,4,0,0,0,marketing,low
0.74,3,190,3,0,0,0,sales,high
0.85,2,143,2,0,0,0,sales,low
0.5,4,280,3,0,0,0,sales,low
0.94,6,213,4,0,0,0,sales,low
0.82,2,287,5,0,0,0,sales,low
0.51,4,109,1,0,0,0,sales,high
0.96,6,137,3,0,0,0,sales,low
0.36,3,141,2,0,0,0,sales,low
0.95,3,294,2,0,0,0,sales,low
0.8,2,252,3,0,0,0,sales,high
0.39,6,229,2,0,0,0,sales,low
0.7,5,121,4,0,0,0,sales,medium
0.82,4,172,2,0,0,0,sales,high
0.62,3,153,3,0,0,0,sales,medium
0.37,4,144,6,0,0,0,sales,high
0.74,3,169,1,0,0,0,sales,medium
0.56,2,281,1,0,0,0,sales,medium
0.59,3,129,5,0,0,0,sales,medium
0.58,2,246,1,0,0,0,sales,medium
0.69,4,233,2,0,0,0,accounting,medium
0.69,3,126,1,0,0,0,accounting,medium
0.85,2,291,4,0,0,0,accounting,medium
0.43,5,210,2,0,0,0,hr,medium
0.85,3,227,3,0,0,0,hr,high
1.0,2,165,1,0,0,0,hr,low
0.71,3,155,2,0,0,0,hr,medium
0.59,4,160,2,0,0,0,technical,medium
0.83,4,247,3,0,0,0,technical,medium
0.81,3,291,4,0,0,0,technical,medium
0.84,3,224,5,0,0,0,technical,medium
0.82,4,255,4,0,0,0,technical,medium
0.6,2,288,2,0,0,0,technical,medium
0.93,5,273,3,0,0,0,technical,medium
0.74,2,137,2,0,0,0,technical,medium
0.94,5,244,4,0,0,0,technical,high
0.89,2,203,3,0,0,0,technical,low
0.26,4,244,3,0,0,0,technical,low
0.53,4,118,2,0,0,0,support,low
0.5,3,126,3,0,0,0,support,high
0.89,3,232,2,1,0,0,support,low
0.8,7,264,8,0,0,0,support,low
0.8,5,175,1,1,0,0,support,low
0.58,3,286,5,0,0,0,support,high
0.8,5,104,2,0,0,0,support,low
0.78,5,78,3,0,0,0,support,low
0.79,4,171,1,0,0,0,support,low
0.63,2,142,1,0,0,0,support,low
0.35,4,212,6,0,0,0,support,low
0.66,5,229,3,0,0,0,technical,low
0.74,3,154,4,0,0,0,technical,low
0.32,3,208,3,0,0,0,technical,medium
0.88,1,142,4,0,0,0,management,medium
0.57,4,311,3,0,0,0,IT,medium
0.48,4,175,3,0,0,0,IT,medium
0.56,5,304,6,0,0,0,IT,medium
0.61,3,198,4,0,0,0,IT,medium
0.74,4,131,4,0,0,0,IT,medium
0.9,3,139,4,1,0,0,product_mng,medium
0.69,3,158,2,1,0,0,product_mng,medium
1.0,4,213,2,0,0,0,product_mng,medium
0.89,5,235,2,1,0,0,product_mng,medium
0.46,6,174,4,0,0,0,IT,medium
0.44,5,232,3,0,0,0,RandD,high
1.0,3,161,2,1,0,0,RandD,low
0.82,4,147,1,0,0,0,RandD,medium
1.0,4,97,3,0,0,0,RandD,medium
0.75,6,214,2,0,0,0,RandD,medium
0.31,3,177,2,0,0,0,marketing,medium
0.85,3,212,3,1,0,0,sales,low
0.69,5,164,3,0,0,0,accounting,low
0.66,5,258,2,0,0,0,support,low
0.65,5,135,3,0,0,0,technical,low
0.96,6,115,4,1,0,0,management,low
0.99,4,169,1,0,0,0,marketing,low
1.0,6,320,2,0,0,0,marketing,low
0.7,6,214,7,1,0,0,marketing,low
0.54,3,177,5,0,0,0,sales,low
0.55,3,189,2,0,0,0,sales,low
1.0,4,185,3,0,0,0,sales,low
0.39,4,109,3,0,0,0,sales,low
0.72,3,275,4,0,0,0,sales,low
0.36,2,309,1,0,0,0,sales,low
0.33,4,283,4,0,0,0,sales,low
0.5,4,222,1,0,0,0,sales,low
0.47,5,232,1,0,0,0,sales,low
0.44,5,219,3,0,0,0,sales,low
0.6,6,200,3,0,0,0,sales,low
0.76,3,123,6,0,0,0,sales,low
1.0,3,202,6,0,0,0,sales,low
0.54,3,179,4,0,0,0,sales,medium
1.0,3,273,5,0,0,0,sales,medium
0.79,3,130,1,1,0,0,sales,medium
1.0,4,193,3,0,0,0,sales,medium
0.68,3,223,1,0,0,0,sales,medium
0.79,4,273,2,0,0,0,sales,medium
1.0,3,259,6,1,0,0,accounting,medium
0.74,3,205,3,0,0,0,accounting,medium
0.6,2,179,2,0,0,0,accounting,medium
0.64,4,211,2,0,0,0,hr,medium
0.48,3,227,1,1,0,0,hr,medium
0.78,4,127,1,0,0,0,hr,medium
0.59,6,184,2,1,0,0,hr,high
0.41,4,276,2,0,0,0,technical,low
0.73,3,64,5,0,0,0,technical,medium
0.94,2,155,3,0,0,0,technical,medium
0.93,3,233,2,0,0,0,technical,medium
0.76,4,184,2,0,0,0,technical,medium
0.62,6,177,2,0,0,0,technical,low
0.91,4,337,4,0,0,0,technical,low
1.0,4,206,2,0,0,0,technical,low
0.68,3,171,3,0,0,0,technical,low
0.65,2,199,5,0,0,0,technical,low
1.0,1,199,4,0,0,0,technical,low
0.9,4,165,5,0,0,0,support,low
0.58,2,239,2,0,0,0,support,low
0.84,3,164,4,0,0,0,support,low
0.87,4,149,3,0,0,0,support,low
0.77,3,253,4,0,0,0,support,low
0.39,5,169,2,0,0,0,support,low
0.48,3,208,1,0,0,0,support,low
1.0,4,130,2,0,0,0,support,low
0.3,3,265,6,0,0,0,support,low
0.59,4,114,3,0,0,0,support,low
0.86,4,281,5,0,0,0,support,low
1.0,4,165,2,0,0,0,technical,low
0.55,5,281,5,0,0,0,technical,low
0.57,4,163,2,0,0,0,technical,low
0.92,2,193,2,1,0,0,management,low
0.99,6,181,5,0,0,0,IT,medium
0.86,3,63,5,0,0,0,IT,medium
0.79,4,165,2,1,0,0,IT,medium
0.74,4,173,2,0,0,0,IT,medium
0.81,4,183,4,0,0,0,IT,medium
0.36,4,153,3,0,0,0,product_mng,medium
0.9,5,184,2,1,0,0,product_mng,medium
0.87,5,178,4,0,0,0,product_mng,medium
0.71,5,123,2,0,0,0,product_mng,medium
1.0,4,294,2,1,0,0,IT,medium
1.0,5,184,4,1,0,0,RandD,medium
0.84,4,221,3,1,0,0,RandD,medium
0.16,3,107,5,0,0,0,RandD,high
1.0,5,216,1,0,0,0,RandD,low
0.47,5,223,5,0,0,0,RandD,medium
0.52,4,181,2,0,0,0,marketing,medium
0.64,4,187,3,1,0,0,sales,medium
1.0,3,233,6,0,0,0,accounting,medium
0.93,3,224,4,0,0,0,support,low
0.65,3,234,2,0,0,0,technical,low
0.91,4,267,5,0,0,0,management,low
0.89,1,260,2,0,0,0,marketing,low
0.57,3,175,4,0,0,0,marketing,low
0.82,5,153,2,0,0,0,marketing,low
0.81,6,156,5,0,0,0,sales,low
0.63,5,213,3,0,0,0,sales,low
0.75,5,237,3,0,0,0,sales,low
0.45,4,109,2,1,0,0,sales,low
1.0,6,197,2,0,0,0,sales,low
0.77,3,180,2,0,0,0,sales,low
0.69,3,251,2,0,0,0,sales,low
0.82,5,253,5,1,0,0,sales,low
0.51,3,199,1,0,0,0,sales,low
0.84,4,188,3,0,0,0,sales,low
0.73,6,160,4,0,0,0,sales,low
0.54,3,156,2,0,0,0,sales,low
0.98,4,136,3,0,0,0,sales,low
0.49,4,244,4,1,0,0,sales,low
0.59,4,309,3,0,0,0,sales,low
0.77,4,147,3,0,0,0,sales,medium
0.89,2,231,3,0,0,0,sales,medium
0.6,3,171,3,1,0,0,sales,medium
0.62,6,256,3,0,0,0,sales,medium
0.55,3,117,2,0,0,0,accounting,medium
0.7,4,284,2,1,0,0,accounting,medium
1.0,4,128,4,0,0,0,accounting,medium
0.65,3,292,5,0,0,0,hr,medium
0.54,2,102,3,0,0,0,hr,medium
0.9,1,148,2,0,0,0,hr,medium
0.62,3,224,6,0,0,0,hr,medium
0.61,2,234,3,0,0,0,technical,medium
0.65,3,298,3,0,0,0,technical,high
0.61,4,262,4,0,0,0,technical,low
0.57,5,134,3,1,0,0,technical,medium
0.46,5,222,3,0,0,0,technical,medium
0.81,4,136,3,0,0,0,technical,medium
0.65,5,249,1,0,0,0,technical,medium
0.57,4,220,5,0,0,0,technical,low
0.39,5,118,7,0,0,0,technical,low
0.9,6,153,6,0,0,0,technical,low
1.0,5,197,4,1,0,0,technical,low
0.41,3,188,2,1,0,0,support,low
1.0,1,210,2,0,0,0,support,low
0.71,2,122,5,0,0,0,support,low
0.97,5,223,2,1,0,0,support,low
0.7,4,171,4,0,0,0,support,low
0.66,5,268,3,0,0,0,support,low
0.52,2,180,4,0,0,0,support,low
1.0,4,160,4,0,0,0,support,low
0.73,4,224,2,0,0,0,support,low
0.8,3,285,5,0,0,0,support,low
1.0,3,245,1,0,0,0,support,low
0.74,6,237,4,0,0,0,technical,low
0.78,4,104,4,0,0,0,technical,low
0.85,4,166,1,0,0,0,technical,low
0.75,5,217,1,0,0,0,management,medium
0.8,4,301,6,0,0,0,IT,medium
0.96,2,289,3,0,0,0,IT,medium
0.75,4,92,3,0,0,0,IT,medium
0.34,3,104,3,0,0,0,IT,medium
0.8,3,201,3,0,0,0,IT,medium
0.54,4,199,4,0,0,0,product_mng,medium
0.38,3,115,1,0,0,0,product_mng,medium
0.68,4,194,3,0,0,0,product_mng,medium
0.91,3,154,4,0,0,0,product_mng,medium
0.93,4,356,3,0,0,0,IT,medium
0.38,4,217,4,0,0,0,RandD,medium
0.72,2,197,2,0,0,0,RandD,high
0.33,4,150,3,1,0,0,RandD,low
0.48,6,331,3,0,0,0,RandD,medium
0.69,6,146,4,0,0,0,RandD,medium
0.91,2,162,2,0,0,0,marketing,medium
0.82,4,122,3,0,0,0,sales,medium
0.86,2,298,4,0,0,0,accounting,low
0.68,3,192,6,0,0,0,support,low
0.56,5,222,1,1,0,0,technical,low
0.96,4,194,1,0,0,0,management,low
0.63,5,173,4,0,0,0,marketing,low
0.57,3,187,1,0,0,0,marketing,low
0.76,6,241,3,1,0,0,marketing,low
0.94,6,208,2,0,0,0,sales,low
0.79,3,130,3,1,0,0,sales,low
0.57,2,237,2,0,0,0,sales,low
0.54,2,230,2,0,0,0,sales,low
0.6,3,115,3,0,0,0,sales,low
0.49,4,292,5,0,0,0,sales,low
0.72,6,165,2,1,0,0,sales,low
0.93,4,201,2,0,0,0,sales,low
0.56,4,115,2,0,0,0,sales,low
0.81,3,277,2,0,0,0,sales,low
0.98,3,91,2,0,0,0,sales,low
0.36,2,252,1,0,0,0,sales,low
0.7,3,112,2,1,0,0,sales,low
0.98,4,204,4,1,0,0,sales,low
0.63,5,172,2,0,0,0,sales,medium
0.74,6,256,7,0,0,0,sales,medium
0.51,4,231,1,0,0,0,sales,medium
0.62,4,137,3,0,0,0,sales,medium
0.75,3,217,1,0,0,0,sales,medium
0.47,4,223,3,0,0,0,accounting,medium
0.85,5,219,2,0,0,0,accounting,medium
0.71,4,257,6,0,0,0,accounting,medium
0.93,2,155,5,0,0,0,hr,medium
0.88,3,149,5,0,0,0,hr,medium
0.16,3,115,1,0,0,0,hr,medium
0.85,3,205,5,0,0,0,hr,medium
0.76,5,201,2,0,0,0,technical,high
0.56,6,280,5,0,0,0,technical,low
0.71,6,303,1,1,0,0,technical,medium
0.72,3,184,2,0,0,0,technical,medium
0.71,6,195,3,0,0,0,technical,medium
0.95,6,236,5,0,0,0,technical,medium
0.6,2,241,5,1,0,0,technical,low
0.95,6,260,2,0,0,0,technical,low
0.46,1,175,3,0,0,0,technical,low
0.94,3,270,4,0,0,0,technical,low
0.58,4,58,2,0,0,0,technical,low
0.88,4,272,4,0,0,0,support,low
0.45,5,161,3,0,0,0,support,low
0.83,2,229,1,0,0,0,support,low
0.93,4,163,3,1,0,0,support,low
0.83,5,147,4,0,0,0,support,low
0.72,3,166,4,1,0,0,support,low
0.86,4,155,2,1,0,0,support,low
0.45,2,208,2,1,0,0,support,low
0.74,5,173,3,0,0,0,support,low
0.82,4,194,5,0,0,0,support,low
0.39,5,191,5,0,0,0,support,low
0.59,5,263,2,0,0,0,technical,low
0.73,4,151,3,0,0,0,technical,low
0.57,2,219,3,0,0,0,technical,low
0.59,2,252,1,0,0,0,management,low
0.62,4,174,2,1,0,0,IT,low
0.51,4,278,4,0,0,0,IT,medium
0.6,2,166,3,0,0,0,IT,medium
0.81,3,242,4,0,0,0,IT,medium
0.38,5,242,6,0,0,0,IT,medium
0.71,4,196,2,0,0,0,product_mng,medium
0.66,3,249,2,0,0,0,product_mng,medium
0.81,4,124,1,0,0,0,product_mng,medium
0.76,5,187,4,0,0,0,product_mng,medium
0.63,4,281,2,0,0,0,IT,medium
1.0,3,148,2,0,0,0,RandD,medium
0.61,3,218,2,0,0,0,RandD,medium
0.62,2,271,4,1,0,0,RandD,medium
0.55,3,188,4,0,0,0,RandD,high
0.77,5,250,5,0,0,0,RandD,low
0.55,3,254,1,1,0,0,marketing,medium
0.74,5,115,3,0,0,0,sales,medium
0.55,4,95,6,0,0,0,accounting,medium
0.64,4,186,2,0,0,0,support,medium
0.53,4,208,3,0,0,0,technical,low
0.29,3,262,3,0,0,0,management,low
0.28,2,162,4,0,0,0,marketing,low
0.98,4,183,2,0,0,0,marketing,low
0.76,4,276,3,1,0,0,marketing,low
0.45,7,204,5,1,0,0,sales,low
0.4,1,279,3,1,0,0,sales,low
0.81,5,222,7,0,0,0,sales,low
0.75,1,155,2,0,0,0,sales,medium
0.71,4,139,2,0,0,0,sales,medium
0.82,4,198,5,1,0,0,sales,medium
1.0,4,251,3,1,0,0,sales,medium
0.46,5,161,1,0,0,0,sales,medium
0.81,4,140,2,0,0,0,sales,medium
1.0,4,100,2,0,0,0,sales,medium
0.45,3,145,7,0,0,0,sales,medium
0.54,3,171,3,0,0,0,sales,medium
0.64,4,233,3,0,0,0,sales,medium
0.49,2,140,4,0,0,0,sales,medium
0.41,2,279,1,0,0,0,sales,medium
0.99,2,217,1,1,0,0,sales,medium
0.62,1,245,3,0,0,0,sales,medium
0.7,4,253,4,0,0,0,sales,medium
0.6,4,254,3,0,0,0,sales,medium
0.82,3,284,3,0,0,0,accounting,medium
0.98,7,246,5,0,0,0,accounting,medium
0.51,4,115,7,0,0,0,accounting,medium
0.64,3,171,3,0,0,0,hr,medium
0.72,3,179,7,0,0,0,hr,medium
0.67,3,147,2,0,0,0,hr,medium
0.84,6,178,3,0,0,0,hr,medium
0.41,6,171,3,1,0,0,technical,medium
0.84,4,207,4,0,0,0,technical,medium
0.45,3,162,6,0,0,0,technical,high
0.23,2,132,2,0,0,0,technical,high
1.0,3,204,4,0,0,0,technical,high
0.84,3,230,3,1,0,0,technical,high
0.92,2,189,2,0,0,0,technical,high
0.77,4,219,3,0,0,0,technical,high
0.71,5,206,2,0,0,0,technical,high
0.74,5,284,3,0,0,0,technical,high
0.75,5,76,5,0,0,0,technical,high
0.71,4,149,4,0,0,0,support,high
0.63,1,191,3,0,0,0,support,high
0.68,5,238,3,0,0,0,support,high
0.65,6,143,3,1,0,0,support,low
0.68,4,180,2,0,0,0,support,low
0.7,3,88,3,0,0,0,support,low
0.97,3,206,2,0,0,0,support,low
0.63,4,204,5,1,0,0,support,low
0.83,4,240,4,0,0,0,support,low
0.8,4,129,3,0,0,0,support,low
0.47,3,121,5,0,0,0,support,low
0.69,2,237,3,0,0,0,technical,low
1.0,5,200,2,1,0,0,technical,low
0.59,3,150,3,0,0,0,technical,low
0.72,5,80,6,0,0,0,management,low
0.78,5,144,2,0,0,0,IT,low
1.0,6,205,5,0,0,0,IT,low
0.51,3,248,1,0,0,0,IT,low
0.69,4,247,2,0,0,0,IT,medium
0.56,2,228,4,1,0,0,IT,medium
1.0,5,220,2,0,0,0,product_mng,medium
0.43,2,204,5,0,0,0,product_mng,medium
0.8,3,283,4,1,0,0,product_mng,medium
0.79,5,129,3,1,0,0,product_mng,medium
0.77,5,161,2,0,0,0,IT,medium
0.5,1,207,6,0,0,0,RandD,medium
0.7,4,272,2,0,0,0,RandD,medium
0.52,6,195,1,0,0,0,RandD,medium
0.86,4,176,8,0,0,0,RandD,medium
1.0,6,278,4,0,0,0,RandD,medium
0.8,2,152,2,0,0,0,marketing,high
0.38,4,199,5,0,0,0,sales,high
0.78,5,184,5,0,0,0,accounting,high
1.0,3,298,3,0,0,0,support,high
0.62,1,216,4,1,0,0,technical,high
0.66,3,163,2,0,0,0,management,high
0.68,5,238,2,0,0,0,marketing,high
0.65,5,178,1,0,0,0,marketing,high
0.43,4,298,4,0,0,0,marketing,low
0.76,3,196,1,0,0,0,sales,low
0.99,4,143,4,0,0,0,sales,low
0.69,3,80,5,0,0,0,sales,low
0.74,5,209,4,1,0,0,sales,low
0.69,5,302,4,0,0,0,sales,low
1.0,4,257,5,0,0,0,sales,low
0.65,6,173,2,0,0,0,sales,low
0.64,7,178,6,0,0,0,sales,medium
0.41,4,235,2,0,0,0,sales,medium
0.63,2,130,3,1,0,0,sales,medium
0.93,3,204,3,0,0,0,sales,medium
1.0,4,149,3,0,0,0,sales,medium
0.69,3,239,4,1,0,0,sales,medium
0.55,4,161,2,0,0,0,sales,medium
1.0,4,315,2,1,0,0,sales,medium
0.96,2,284,1,0,0,0,sales,medium
1.0,2,264,4,1,0,0,sales,medium
0.65,5,213,6,0,0,0,sales,medium
0.95,5,229,3,0,0,0,sales,medium
0.9,4,161,5,0,0,0,accounting,medium
0.29,2,188,2,0,0,0,accounting,medium
0.87,5,203,5,0,0,0,accounting,medium
0.61,4,116,2,0,0,0,hr,medium
0.35,6,251,8,0,0,0,hr,medium
0.8,3,103,2,0,0,0,hr,medium
0.66,3,240,4,0,0,0,hr,medium
0.82,3,107,2,0,0,0,technical,medium
0.89,5,104,6,0,0,0,technical,medium
0.89,4,181,3,0,0,0,technical,medium
1.0,4,282,1,0,0,0,technical,medium
0.88,3,284,3,0,0,0,technical,high
0.74,4,132,1,0,0,0,technical,low
0.86,5,172,4,0,0,0,technical,medium
0.95,3,241,2,0,0,0,technical,medium
0.57,4,241,3,1,0,0,technical,medium
0.79,6,294,5,0,0,0,technical,medium
0.95,2,236,3,0,0,0,technical,medium
0.97,4,206,5,1,0,0,support,medium
0.73,3,116,4,1,0,0,support,medium
0.57,4,160,3,0,0,0,support,medium
0.78,3,147,1,1,0,0,support,medium
0.46,1,174,3,1,0,0,support,medium
0.71,4,232,4,0,0,0,support,low
0.78,4,135,4,1,0,0,support,low
0.46,4,129,5,0,0,0,support,low
0.78,4,296,3,1,0,0,support,low
0.33,5,230,3,0,0,0,support,low
0.39,2,249,4,0,0,0,support,low
0.71,3,194,1,0,0,0,technical,low
0.37,3,192,2,0,0,0,technical,high
0.48,4,97,2,0,0,0,technical,low
0.46,3,162,1,0,0,0,management,high
0.68,6,279,3,0,0,0,IT,high
0.92,4,276,1,0,0,0,IT,low
0.98,5,304,2,0,0,0,IT,low
0.67,3,178,5,0,0,0,IT,high
0.85,3,234,3,0,0,0,IT,low
0.6,4,219,2,0,0,0,product_mng,medium
0.46,4,185,5,1,0,0,product_mng,high
0.87,2,153,3,1,0,0,product_mng,medium
0.63,5,237,7,0,0,0,product_mng,medium
0.52,4,140,3,0,0,0,IT,medium
0.93,3,171,1,0,0,0,RandD,medium
0.92,4,216,4,0,0,0,RandD,high
0.84,5,162,5,0,0,0,RandD,medium
0.55,4,191,1,0,0,0,RandD,medium
0.89,5,296,1,0,0,0,RandD,medium
0.48,5,124,1,0,0,0,marketing,high
0.72,2,97,1,0,0,0,sales,medium
0.89,2,225,3,0,0,0,accounting,high
0.77,4,102,4,0,0,0,support,low
1.0,4,294,2,0,0,0,technical,medium
0.95,2,184,5,1,0,0,management,medium
1.0,3,181,3,0,0,0,marketing,medium
0.51,1,139,4,1,0,0,marketing,medium
0.7,4,215,1,0,0,0,marketing,low
0.37,3,215,5,0,0,0,sales,low
1.0,7,264,3,0,0,0,sales,low
0.59,3,152,1,1,0,0,sales,low
0.57,4,247,3,0,0,0,sales,low
0.81,6,161,1,0,0,0,sales,low
0.43,4,145,2,0,0,0,sales,low
0.43,5,245,4,0,0,0,sales,low
0.65,4,212,4,0,0,0,sales,low
0.42,4,227,2,0,0,0,sales,low
0.79,4,185,3,1,0,0,sales,high
0.57,4,190,5,0,0,0,sales,low
0.65,5,232,5,0,0,0,sales,low
0.76,3,277,3,1,0,0,sales,low
1.0,5,265,4,0,0,0,sales,low
0.63,3,235,2,1,0,0,sales,high
0.91,7,184,5,0,0,0,sales,low
0.69,5,211,3,0,0,0,sales,low
0.6,2,292,5,0,0,0,sales,low
0.67,3,225,5,1,0,0,sales,high
0.73,2,161,2,0,0,0,accounting,low
0.77,5,224,1,1,0,0,accounting,medium
0.7,3,218,1,0,0,0,accounting,high
0.91,2,187,3,0,0,0,hr,medium
0.76,4,235,1,0,0,0,hr,high
1.0,4,342,3,0,0,0,hr,medium
0.55,4,203,3,0,0,0,hr,medium
0.9,4,260,5,0,0,0,technical,medium
0.62,4,197,2,1,0,0,technical,medium
0.83,6,129,2,0,0,0,technical,medium
0.8,4,288,3,0,0,0,technical,medium
0.96,5,150,2,0,0,0,technical,medium
0.74,4,223,4,0,0,0,technical,medium
0.43,6,155,3,0,0,0,technical,high
0.84,6,105,3,0,0,0,technical,low
0.4,3,160,7,1,0,0,technical,medium
0.4,4,146,1,1,0,0,technical,medium
0.91,5,271,3,0,0,0,technical,medium
0.87,4,280,4,0,0,0,support,medium
0.58,4,145,4,0,0,0,support,medium
1.0,5,275,2,0,0,0,support,medium
0.65,3,114,2,0,0,0,support,medium
0.64,3,259,1,1,0,0,support,medium
1.0,3,194,3,1,0,0,support,medium
0.92,4,299,3,1,0,0,support,high
0.98,4,298,4,0,0,0,support,low
0.78,2,182,5,1,0,0,support,low
1.0,4,160,3,0,0,0,support,low
0.48,4,236,3,0,0,0,support,high
0.82,4,260,3,0,0,0,technical,low
0.65,6,139,2,0,0,0,technical,low
0.85,8,232,4,0,0,0,technical,low
0.7,4,185,5,0,0,0,management,high
0.66,6,186,3,0,0,0,IT,low
0.65,4,219,2,1,0,0,IT,low
0.24,3,170,2,0,0,0,IT,low
0.45,4,159,3,0,0,0,IT,low
0.76,4,161,5,1,0,0,IT,low
0.9,3,157,6,0,0,0,product_mng,low
0.6,3,282,4,0,0,0,product_mng,low
0.58,3,91,3,0,0,0,product_mng,medium
0.84,3,95,2,0,0,0,product_mng,medium
0.69,2,150,4,0,0,0,IT,medium
0.51,4,298,3,1,0,0,RandD,medium
0.69,5,148,4,0,0,0,RandD,medium
0.36,3,137,6,1,0,0,RandD,medium
0.65,2,198,4,0,0,0,RandD,medium
0.73,2,203,4,0,0,0,RandD,medium
0.71,3,188,3,0,0,0,marketing,medium
0.71,4,158,2,0,0,0,marketing,medium
0.62,4,239,4,0,0,0,sales,medium
0.6,5,139,7,0,0,0,accounting,medium
0.66,1,215,1,0,0,0,support,high
0.51,4,147,2,0,0,0,technical,low
0.78,6,329,5,0,0,0,management,medium
1.0,5,242,1,1,0,0,marketing,medium
0.63,5,225,3,0,0,0,marketing,medium
0.43,5,297,2,0,0,0,marketing,medium
0.99,5,267,4,0,0,0,sales,low
0.52,5,314,3,0,0,0,sales,low
0.86,3,185,5,0,0,0,sales,low
0.74,2,213,1,0,0,0,sales,low
0.79,2,191,4,0,0,0,sales,low
0.7,4,243,1,0,0,0,sales,low
0.75,3,199,2,0,0,0,sales,low
0.71,2,135,1,0,0,0,sales,low
0.77,5,228,5,1,0,0,sales,low
0.74,3,201,2,0,0,0,sales,low
0.66,4,112,1,0,0,0,sales,low
0.66,5,290,4,1,0,0,sales,low
0.82,3,177,4,0,0,0,sales,low
0.61,2,235,2,0,0,0,sales,low
0.85,4,175,1,0,0,0,sales,low
0.64,4,200,2,0,0,0,sales,low
0.42,4,163,1,0,0,0,sales,low
0.75,5,130,4,0,0,0,sales,low
0.42,3,193,3,0,0,0,sales,low
0.89,6,142,3,0,0,0,accounting,low
0.68,3,91,4,0,0,0,accounting,low
0.93,5,232,3,0,0,0,accounting,medium
0.49,3,235,6,1,0,0,hr,medium
0.34,3,196,4,1,0,0,hr,medium
0.56,3,269,3,0,0,0,hr,medium
0.76,4,256,2,0,0,0,hr,medium
0.65,3,266,3,0,0,0,technical,medium
0.95,3,276,5,0,0,0,technical,medium
0.53,5,225,1,0,0,0,technical,medium
0.57,5,221,2,0,0,0,technical,medium
0.41,2,249,4,0,0,0,technical,medium
0.54,6,233,3,0,0,0,technical,medium
0.68,5,278,3,0,0,0,technical,medium
0.93,1,205,2,0,0,0,technical,high
0.55,3,227,3,0,0,0,technical,low
0.49,2,210,2,0,0,0,technical,medium
0.86,5,200,6,0,0,0,technical,medium
0.88,4,137,1,0,0,0,support,medium
0.76,3,182,3,1,0,0,support,medium
0.55,4,113,4,0,0,0,support,low
0.74,3,168,2,1,0,0,support,low
0.86,2,198,3,0,0,0,support,low
0.8,1,145,2,0,0,0,support,low
0.64,5,254,4,0,0,0,support,low
0.35,4,223,6,0,0,0,support,low
0.78,5,177,4,0,0,0,support,low
0.66,1,189,1,1,0,0,support,low
0.34,7,159,4,0,0,0,support,low
1.0,2,170,2,0,0,0,technical,low
0.86,6,305,2,0,0,0,technical,low
0.77,2,203,4,0,0,0,technical,low
0.76,4,310,2,0,0,0,management,low
0.62,4,233,2,0,0,0,IT,low
0.7,4,228,2,0,0,0,IT,low
0.38,4,235,2,0,0,0,IT,low
0.57,5,300,4,0,0,0,IT,low
0.96,5,208,2,0,0,0,IT,low
0.65,4,165,7,0,0,0,product_mng,low
0.81,3,215,2,0,0,0,product_mng,low
0.98,5,138,2,0,0,0,product_mng,low
1.0,6,115,2,1,0,0,product_mng,medium
0.87,3,224,4,0,0,0,IT,medium
1.0,4,244,1,0,0,0,RandD,medium
0.79,6,170,4,0,0,0,RandD,medium
0.69,3,233,3,0,0,0,RandD,medium
0.89,4,137,3,0,0,0,RandD,medium
0.45,4,264,4,0,0,0,RandD,medium
0.73,3,216,2,0,0,0,RandD,medium
0.81,4,259,2,0,0,0,marketing,medium
0.48,2,283,4,0,0,0,sales,medium
0.96,3,209,3,0,0,0,accounting,medium
0.51,1,142,1,0,0,0,support,medium
0.56,4,183,2,1,0,0,technical,high
0.94,5,164,2,0,0,0,management,low
0.92,5,269,3,0,0,0,marketing,medium
0.66,5,240,1,1,0,0,marketing,medium
0.79,2,150,3,0,0,0,marketing,medium
0.71,7,221,2,0,0,0,sales,medium
0.85,2,230,3,0,0,0,sales,low
0.82,3,195,3,0,0,0,sales,low
0.38,3,172,5,0,0,0,sales,low
1.0,5,187,4,0,0,0,sales,low
0.69,3,299,5,1,0,0,sales,low
0.35,4,240,5,0,0,0,sales,low
0.73,6,172,3,0,0,0,sales,low
0.54,5,157,4,0,0,0,sales,low
0.57,3,181,4,0,0,0,sales,low
0.65,5,194,5,0,0,0,sales,low
0.67,2,203,3,0,0,0,sales,low
0.4,6,214,1,0,0,0,sales,low
1.0,5,174,3,0,0,0,sales,low
0.65,4,246,2,0,0,0,sales,low
0.5,3,142,1,0,0,0,sales,low
0.85,6,246,3,1,0,0,sales,low
0.45,4,171,1,0,0,0,sales,low
0.8,5,173,4,0,0,0,sales,low
0.62,3,294,4,1,0,0,accounting,low
0.76,2,185,4,0,0,0,accounting,low
0.86,3,66,4,0,0,0,accounting,low
1.0,3,207,4,0,0,0,hr,medium
0.68,3,154,4,0,0,0,hr,medium
0.83,4,204,3,0,0,0,hr,medium
0.86,4,177,2,0,0,0,hr,medium
0.82,3,116,2,0,0,0,technical,medium
0.83,3,317,3,0,0,0,technical,medium
0.61,2,162,4,0,0,0,technical,medium
0.43,5,262,4,0,0,0,technical,medium
0.63,4,130,3,0,0,0,technical,medium
0.54,3,276,4,0,0,0,technical,medium
0.56,4,173,3,1,0,0,technical,medium
0.66,3,182,5,0,0,0,technical,medium
0.59,6,165,5,0,0,0,technical,high
0.7,5,205,1,0,0,0,technical,low
0.95,3,301,3,1,0,0,technical,medium
0.84,4,230,3,0,0,0,support,medium
0.82,2,115,3,0,0,0,support,medium
0.28,2,113,3,0,0,0,support,medium
1.0,4,158,4,0,0,0,support,low
0.87,5,250,3,1,0,0,support,low
0.98,3,135,1,0,0,0,support,low
0.95,4,159,1,0,0,0,support,low
0.43,4,186,4,0,0,0,support,low
0.91,3,210,4,1,0,0,support,low
0.8,5,357,3,0,0,0,support,low
0.27,3,242,4,0,0,0,support,low
0.81,2,145,3,0,0,0,technical,low
0.62,4,270,2,0,0,0,technical,low
0.74,7,247,1,0,0,0,technical,low
0.81,3,187,2,0,0,0,management,low
0.93,2,219,1,0,0,0,IT,low
0.77,5,121,5,1,0,0,IT,low
0.9,5,240,4,0,0,0,IT,low
0.85,4,271,2,1,0,0,IT,low
0.73,4,178,4,0,0,0,IT,low
0.86,4,249,4,0,0,0,product_mng,low
0.36,4,113,4,1,0,0,product_mng,medium
0.6,4,251,2,0,0,0,product_mng,medium
0.89,4,134,1,0,0,0,product_mng,medium
0.8,2,154,4,0,0,0,IT,medium
0.71,4,210,4,0,0,0,RandD,medium
0.69,4,212,1,0,0,0,RandD,medium
0.89,5,222,2,0,0,0,RandD,medium
0.7,4,189,5,0,0,0,RandD,medium
0.67,5,167,3,1,0,0,RandD,medium
0.77,4,283,4,0,0,0,RandD,medium
0.56,3,162,2,0,0,0,marketing,medium
0.98,4,88,4,0,0,0,sales,medium
0.94,2,176,1,0,0,0,accounting,high
0.94,2,233,1,1,0,0,support,low
0.68,6,230,6,0,0,0,technical,medium
0.97,5,227,4,1,0,0,management,medium
0.63,5,225,3,0,0,0,marketing,medium
0.5,3,250,4,0,0,0,marketing,medium
0.52,4,313,2,1,0,0,marketing,low
0.55,3,132,3,0,0,0,sales,low
1.0,3,193,2,0,0,0,sales,low
0.32,5,116,2,0,0,0,sales,low
0.62,3,351,2,0,0,0,sales,low
0.35,2,148,4,0,0,0,sales,low
1.0,5,229,5,0,0,0,sales,low
0.94,4,120,2,1,0,0,sales,low
0.84,2,164,1,0,0,0,sales,low
0.95,5,204,4,0,0,0,sales,low
0.28,1,195,3,0,0,0,sales,low
0.55,3,176,2,0,0,0,sales,low
0.32,5,304,2,0,0,0,sales,low
0.33,5,208,1,0,0,0,sales,low
0.52,3,180,3,1,0,0,sales,low
0.62,5,119,1,0,0,0,sales,low
0.27,5,162,1,0,0,0,sales,low
0.92,4,139,5,0,0,0,sales,low
0.4,5,146,4,0,0,0,sales,low
1.0,5,214,3,0,0,0,sales,low
0.99,4,214,3,1,0,0,accounting,low
0.53,2,236,4,0,0,0,accounting,medium
0.68,4,101,2,0,0,0,accounting,medium
0.94,4,230,3,0,0,0,hr,medium
0.85,4,168,2,0,0,0,hr,medium
0.2,3,160,3,0,0,0,hr,medium
0.82,3,115,3,0,0,0,hr,medium
0.6,3,198,1,0,0,0,technical,medium
0.46,4,209,3,0,0,0,technical,medium
0.82,5,252,4,0,0,0,technical,medium
0.62,5,252,1,0,0,0,technical,medium
0.41,4,251,5,0,0,0,technical,medium
0.58,3,164,2,0,0,0,technical,medium
0.68,2,255,6,1,0,0,technical,high
0.48,2,166,3,0,0,0,technical,low
0.92,4,239,6,1,0,0,technical,medium
0.76,5,109,1,0,0,0,technical,medium
0.43,3,177,3,0,0,0,technical,medium
0.71,4,292,3,0,0,0,support,medium
0.62,4,178,1,0,0,0,support,low
0.41,3,228,3,0,0,0,support,low
1.0,3,196,1,0,0,0,support,low
0.56,2,180,4,0,0,0,support,low
1.0,5,274,4,0,0,0,support,low
0.77,3,198,3,0,0,0,support,low
0.83,4,147,3,0,0,0,support,low
0.74,4,211,1,0,0,0,support,low
1.0,4,167,2,0,0,0,support,low
0.52,4,112,2,0,0,0,support,low
0.36,3,186,3,0,0,0,technical,low
0.47,3,282,4,0,0,0,technical,low
0.77,3,293,3,0,0,0,technical,low
0.61,4,152,3,0,0,0,management,low
0.46,2,50,3,0,0,0,IT,low
0.89,4,254,2,0,0,0,IT,low
0.66,4,183,4,0,0,0,IT,low
0.6,2,139,4,0,0,0,IT,low
0.64,5,238,3,0,0,0,IT,low
0.84,3,261,2,0,0,0,product_mng,low
0.83,3,173,6,1,0,0,product_mng,low
1.0,4,223,3,0,0,0,product_mng,medium
0.79,4,231,2,0,0,0,product_mng,medium
1.0,2,185,3,0,0,0,IT,medium
0.51,5,188,5,1,0,0,RandD,medium
1.0,5,226,7,0,0,0,RandD,medium
0.64,5,179,3,0,0,0,RandD,medium
0.7,4,186,2,1,0,0,RandD,medium
0.68,3,259,4,0,0,0,RandD,medium
0.65,4,265,4,0,0,0,RandD,medium
0.71,3,186,2,0,0,0,marketing,medium
0.88,3,297,2,0,0,0,sales,medium
0.7,4,79,5,0,0,0,accounting,medium
0.91,4,177,3,0,0,0,support,high
0.8,4,157,1,0,0,0,technical,low
0.63,4,155,4,1,0,0,management,medium
0.91,6,115,1,1,0,0,marketing,medium
0.85,5,306,5,0,0,0,marketing,medium
0.76,4,224,2,0,0,0,marketing,medium
0.81,6,275,2,0,0,0,sales,low
0.73,1,155,5,0,0,0,sales,low
0.86,5,207,2,0,0,0,sales,low
0.43,5,231,3,0,0,0,sales,low
0.78,4,307,5,0,0,0,sales,low
0.4,2,63,4,0,0,0,sales,low
0.66,5,179,3,1,0,0,sales,low
0.67,4,172,3,0,0,0,sales,low
1.0,4,168,5,0,0,0,sales,medium
0.55,4,205,4,0,0,0,sales,medium
0.92,3,266,4,0,0,0,sales,medium
0.94,3,213,3,0,0,0,sales,medium
1.0,5,243,5,1,0,0,sales,medium
0.42,3,201,3,0,0,0,sales,medium
0.99,3,289,3,0,0,0,sales,medium
0.91,4,299,1,1,0,0,sales,medium
0.85,3,107,3,1,0,0,sales,medium
0.91,2,214,7,0,0,0,sales,medium
0.41,2,189,3,0,0,0,sales,medium
0.4,3,165,4,0,0,0,accounting,medium
0.82,4,140,2,1,0,0,accounting,medium
0.85,4,225,1,0,0,0,accounting,medium
0.53,4,102,4,0,0,0,hr,medium
0.93,3,219,6,0,0,0,hr,medium
0.59,5,235,3,1,0,0,hr,medium
0.58,3,162,1,0,0,0,hr,medium
0.81,3,135,4,0,0,0,technical,medium
0.77,3,166,2,0,0,0,technical,medium
0.77,6,215,3,0,0,0,technical,medium
0.48,4,236,5,0,0,0,technical,medium
0.36,4,179,2,0,0,0,technical,medium
0.75,4,83,5,0,0,0,technical,medium
0.59,5,211,4,1,0,0,technical,medium
0.59,4,248,3,0,0,0,technical,high
0.62,5,165,3,1,0,0,technical,high
1.0,5,263,2,0,0,0,technical,high
0.42,3,281,4,0,0,0,technical,high
0.35,5,236,2,0,0,0,support,high
1.0,6,90,3,0,0,0,support,high
1.0,4,149,1,0,0,0,support,high
0.49,4,214,4,0,0,0,support,high
0.99,4,192,3,1,0,0,support,high
0.59,5,280,4,0,0,0,support,high
0.46,6,269,3,0,0,0,support,high
0.64,3,311,4,0,0,0,support,high
0.69,3,112,5,0,0,0,support,low
0.38,4,174,3,0,0,0,support,low
0.62,3,267,1,0,0,0,support,low
0.36,4,143,2,0,0,0,technical,low
0.95,4,171,7,1,0,0,technical,low
0.51,5,155,4,0,0,0,technical,low
0.69,4,227,2,0,0,0,management,low
0.77,3,124,5,0,0,0,IT,low
0.69,6,268,3,1,0,0,IT,low
0.97,5,148,3,0,0,0,IT,low
0.82,5,252,3,0,0,0,IT,low
0.61,4,221,3,0,0,0,IT,low
0.9,4,306,2,0,0,0,product_mng,low
0.9,3,140,2,0,0,0,product_mng,low
0.52,2,242,2,1,0,0,product_mng,low
0.71,3,279,4,0,0,0,product_mng,medium
0.68,5,192,1,0,0,0,IT,medium
0.92,4,206,1,0,0,0,RandD,medium
0.97,5,96,3,0,0,0,RandD,medium
0.84,4,219,4,1,0,0,RandD,medium
0.27,4,157,1,0,0,0,RandD,medium
0.71,2,154,2,0,0,0,RandD,medium
0.53,1,126,2,0,0,0,RandD,medium
0.86,5,122,4,0,0,0,marketing,medium
0.79,3,184,4,0,0,0,sales,medium
0.65,3,118,1,0,0,0,accounting,medium
0.45,2,274,1,0,0,0,support,medium
1.0,3,252,4,1,0,0,technical,high
0.4,5,194,7,1,0,0,management,high
0.73,3,156,3,0,0,0,marketing,high
0.43,4,111,1,0,0,0,marketing,high
0.74,3,126,4,0,0,0,marketing,high
0.76,3,193,2,0,0,0,sales,high
0.59,4,143,3,0,0,0,sales,high
0.99,2,179,3,0,0,0,sales,high
0.85,3,155,4,0,0,0,sales,low
0.92,2,239,2,0,0,0,sales,low
0.56,4,127,2,0,0,0,sales,low
0.92,3,223,6,0,0,0,sales,low
0.55,4,109,4,0,0,0,sales,low
0.83,2,191,2,0,0,0,sales,low
0.64,7,76,3,0,0,0,sales,low
0.42,5,110,3,0,0,0,sales,low
0.53,4,294,3,1,0,0,sales,medium
0.96,4,238,2,0,0,0,sales,medium
0.68,3,192,1,0,0,0,sales,medium
0.44,4,267,1,0,0,0,sales,medium
0.76,4,153,5,0,0,0,sales,medium
0.89,2,180,2,0,0,0,sales,medium
0.71,4,218,3,1,0,0,sales,medium
0.65,3,168,3,0,0,0,sales,medium
0.84,4,180,2,1,0,0,accounting,medium
0.68,3,154,3,1,0,0,accounting,medium
0.98,5,160,3,0,0,0,accounting,medium
0.93,3,192,2,0,0,0,hr,medium
0.58,4,209,2,0,0,0,hr,medium
0.82,3,212,3,1,0,0,hr,medium
1.0,3,296,3,0,0,0,hr,medium
0.51,6,131,4,0,0,0,technical,medium
0.66,3,234,1,0,0,0,technical,medium
0.79,4,190,3,0,0,0,technical,medium
0.5,6,136,1,0,0,0,technical,medium
0.27,6,145,3,1,0,0,technical,medium
1.0,4,150,4,0,0,0,technical,medium
0.97,5,213,3,0,0,0,technical,medium
0.54,5,165,2,1,0,0,technical,medium
0.74,5,224,2,0,0,0,technical,high
0.85,4,216,3,0,0,0,technical,low
1.0,4,104,2,0,0,0,technical,medium
1.0,5,180,5,0,0,0,support,medium
0.47,3,223,3,0,0,0,support,medium
0.42,5,194,5,0,0,0,support,medium
0.64,6,309,2,0,0,0,support,medium
0.55,1,260,4,0,0,0,support,medium
0.77,2,153,3,0,0,0,support,medium
0.74,3,262,3,0,0,0,support,medium
0.85,3,236,2,0,0,0,support,medium
0.6,2,180,1,0,0,0,support,medium
0.84,5,201,2,1,0,0,support,low
0.51,4,212,5,0,0,0,support,low
0.95,6,231,5,0,0,0,technical,low
0.75,5,134,2,0,0,0,technical,low
0.58,1,225,4,0,0,0,technical,low
1.0,3,134,4,0,0,0,management,low
0.84,4,124,1,0,0,0,IT,low
1.0,3,211,3,0,0,0,IT,high
0.88,4,202,1,0,0,0,IT,low
0.94,2,180,3,0,0,0,IT,high
0.94,6,123,4,0,0,0,IT,high
0.76,4,257,1,0,0,0,product_mng,low
0.58,5,282,3,1,0,0,product_mng,low
0.48,2,204,5,0,0,0,product_mng,high
0.51,2,160,4,0,0,0,product_mng,low
0.74,4,167,3,0,0,0,IT,medium
0.79,1,190,5,0,0,0,RandD,high
0.82,3,169,2,0,0,0,RandD,medium
0.98,3,185,3,0,0,0,RandD,medium
0.31,3,115,3,1,0,0,RandD,medium
0.92,4,216,3,0,0,0,RandD,medium
0.61,4,153,3,0,0,0,marketing,high
1.0,5,179,5,0,0,0,sales,medium
1.0,3,116,3,0,0,0,accounting,medium
0.93,3,226,5,0,0,0,support,medium
0.45,2,138,3,0,0,0,technical,high
0.6,7,263,5,0,0,0,management,medium
0.65,5,224,6,0,0,0,marketing,high
0.8,5,122,3,1,0,0,marketing,low
0.62,4,140,3,0,0,0,marketing,medium
0.58,5,204,2,0,0,0,sales,medium
0.49,3,96,5,0,0,0,sales,medium
0.6,2,109,2,1,0,0,sales,medium
0.97,5,148,2,0,0,0,sales,low
0.63,4,139,2,0,0,0,sales,low
0.36,2,238,7,0,0,0,sales,low
0.66,3,172,5,0,0,0,sales,low
0.36,6,121,1,0,0,0,sales,low
0.74,4,98,5,0,0,0,sales,low
0.77,4,211,2,1,0,0,sales,low
1.0,4,167,4,0,0,0,sales,low
0.68,3,291,3,0,0,0,sales,low
0.58,4,252,4,0,0,0,sales,low
0.52,3,201,4,0,0,0,sales,high
0.86,6,161,2,1,0,0,sales,low
0.81,3,225,5,0,0,0,sales,low
0.55,6,146,2,0,0,0,sales,low
0.38,3,215,2,0,0,0,sales,low
0.96,2,162,3,0,0,0,sales,high
0.8,4,239,3,0,0,0,accounting,low
0.76,3,136,4,1,0,0,accounting,low
0.45,5,205,2,0,0,0,accounting,low
0.66,6,223,4,0,0,0,hr,high
0.62,4,127,3,1,0,0,hr,low
0.97,4,273,3,1,0,0,hr,medium
0.97,4,238,3,0,0,0,hr,high
0.64,4,126,5,0,0,0,technical,medium
0.74,5,240,3,0,0,0,technical,high
0.8,4,124,3,0,0,0,technical,medium
0.56,4,151,3,0,0,0,technical,medium
0.53,5,146,1,0,0,0,technical,medium
0.53,2,169,3,0,0,0,technical,medium
0.66,4,208,2,0,0,0,technical,medium
0.72,4,304,6,0,0,0,technical,medium
0.62,4,164,3,0,0,0,technical,medium
0.68,4,59,2,0,0,0,technical,medium
0.85,3,147,5,1,0,0,technical,high
0.62,4,209,2,0,0,0,support,low
0.68,3,255,2,0,0,0,support,medium
0.62,2,133,3,0,0,0,support,medium
0.78,3,155,4,0,0,0,support,medium
1.0,4,174,4,0,0,0,support,medium
0.66,4,129,3,0,0,0,support,medium
0.62,6,143,2,1,0,0,support,medium
0.8,3,204,2,0,0,0,support,medium
1.0,4,261,5,0,0,0,support,medium
0.86,5,293,4,1,0,0,support,medium
0.62,6,132,4,0,0,0,support,high
0.99,4,205,4,0,0,0,technical,low
1.0,4,283,3,0,0,0,technical,low
0.64,5,226,6,0,0,0,technical,low
0.5,4,183,3,0,0,0,management,high
0.53,5,288,4,0,0,0,IT,low
0.35,2,127,2,0,0,0,IT,low
0.93,2,264,4,0,0,0,IT,low
0.57,4,145,4,0,0,0,IT,high
0.59,2,250,4,0,0,0,IT,low
0.59,6,307,5,0,0,0,product_mng,low
0.51,2,263,4,1,0,0,product_mng,low
1.0,5,163,4,0,0,0,product_mng,low
0.78,5,50,4,0,0,0,product_mng,low
0.83,2,137,1,0,0,0,IT,low
0.72,4,238,2,1,0,0,RandD,low
0.28,6,236,5,1,0,0,RandD,medium
1.0,5,235,2,0,0,0,RandD,medium
0.95,4,210,5,0,0,0,RandD,medium
0.49,5,59,7,0,0,0,RandD,medium
0.36,5,208,2,0,0,0,marketing,medium
0.62,2,217,3,0,0,0,marketing,medium
0.8,3,316,3,0,0,0,sales,medium
0.5,3,215,5,0,0,0,accounting,medium
0.74,3,194,4,0,0,0,support,medium
0.86,2,202,3,0,0,0,technical,medium
0.64,3,117,1,0,0,0,management,medium
0.36,3,181,1,0,0,0,marketing,medium
0.77,3,257,5,0,0,0,marketing,high
0.65,3,159,2,0,0,0,marketing,low
0.95,3,248,1,0,0,0,sales,medium
0.36,6,212,1,0,0,0,sales,medium
0.97,7,181,3,1,0,0,sales,medium
1.0,4,183,3,1,0,0,sales,medium
0.71,3,257,2,0,0,0,sales,low
0.96,3,244,2,0,0,0,sales,low
0.59,3,218,4,0,0,0,sales,low
0.72,4,100,7,0,0,0,sales,low
0.46,3,149,4,1,0,0,sales,low
0.57,3,241,1,1,0,0,sales,low
0.87,2,101,4,0,0,0,sales,low
0.9,2,273,6,0,0,0,sales,low
0.9,4,142,5,0,0,0,sales,low
0.62,6,164,1,0,0,0,sales,low
0.99,5,251,3,1,0,0,sales,low
0.94,3,287,2,0,0,0,sales,low
0.28,5,298,4,1,0,0,sales,low
0.78,3,204,2,0,0,0,sales,low
0.6,6,176,5,0,0,0,sales,low
1.0,6,222,2,1,0,0,accounting,low
0.9,4,210,4,0,0,0,accounting,low
0.81,3,162,3,0,0,0,accounting,low
0.63,4,120,2,0,0,0,hr,low
0.65,2,128,4,0,0,0,hr,low
0.56,5,262,6,0,0,0,hr,low
0.83,3,211,4,0,0,0,hr,medium
0.67,3,166,3,0,0,0,technical,medium
0.78,5,186,4,0,0,0,technical,medium
0.56,4,249,4,0,0,0,technical,medium
0.92,4,203,3,0,0,0,technical,medium
0.69,5,185,4,0,0,0,technical,medium
0.1,2,153,2,0,0,0,technical,medium
0.57,4,272,4,0,0,0,technical,medium
0.59,2,160,3,1,0,0,technical,medium
0.58,1,205,3,1,0,0,technical,medium
0.78,5,268,2,0,0,0,technical,medium
0.57,6,269,4,0,0,0,technical,medium
0.57,3,169,3,0,0,0,support,high
0.63,7,218,1,0,0,0,support,low
0.54,3,182,4,0,0,0,support,medium
0.38,3,215,3,0,0,0,support,medium
0.98,2,191,4,0,0,0,support,medium
0.54,4,229,6,0,0,0,support,medium
0.55,2,142,1,0,0,0,support,low
1.0,6,210,3,1,0,0,support,low
0.49,4,233,2,0,0,0,support,low
0.53,4,203,2,1,0,0,support,low
0.92,3,166,1,0,0,0,support,low
0.66,1,150,1,0,0,0,technical,low
0.77,3,61,3,0,0,0,technical,low
0.61,5,256,3,0,0,0,technical,low
0.56,3,149,3,0,0,0,management,low
0.55,5,141,3,0,0,0,IT,low
0.78,4,243,3,0,0,0,IT,low
0.6,5,295,2,0,0,0,IT,low
0.9,3,217,3,0,0,0,IT,low
0.55,3,170,2,0,0,0,IT,low
0.8,6,199,4,1,0,0,product_mng,low
0.56,2,227,1,0,0,0,product_mng,low
0.81,7,224,3,0,0,0,product_mng,low
0.98,6,239,6,1,0,0,product_mng,low
0.54,2,233,5,0,0,0,IT,low
0.57,2,103,1,0,0,0,RandD,low
0.93,2,240,5,0,0,0,RandD,low
0.68,5,237,1,0,0,0,RandD,medium
0.7,5,123,1,0,0,0,RandD,medium
0.91,3,153,2,0,0,0,RandD,medium
0.83,4,136,2,0,0,0,marketing,medium
0.87,2,144,5,0,0,0,sales,medium
0.92,5,239,3,0,0,0,accounting,medium
0.41,6,261,6,0,0,0,support,medium
0.78,4,190,4,0,0,0,technical,medium
0.84,4,139,4,0,0,0,management,medium
0.96,4,243,1,0,0,0,marketing,medium
0.47,3,243,4,0,0,0,marketing,medium
0.7,4,174,6,0,0,0,marketing,medium
0.7,5,252,1,0,0,0,sales,high
0.36,6,134,4,0,0,0,sales,low
0.87,6,203,3,0,0,0,sales,medium
0.75,2,196,4,0,0,0,sales,medium
0.39,4,123,2,0,0,0,sales,medium
0.98,2,261,3,0,0,0,sales,medium
0.96,2,285,4,0,0,0,sales,low
0.71,5,143,3,1,0,0,sales,low
1.0,4,225,5,1,0,0,sales,low
0.78,3,227,4,0,0,0,sales,low
0.62,4,186,1,0,0,0,sales,low
0.88,3,117,3,0,0,0,sales,low
0.93,5,211,3,1,0,0,sales,low
0.91,4,126,3,0,0,0,sales,low
0.56,3,240,2,1,0,0,sales,low
0.78,2,192,1,1,0,0,sales,low
0.65,3,245,4,0,0,0,sales,low
0.85,4,181,3,0,0,0,sales,low
0.8,3,272,2,0,0,0,sales,low
0.76,3,232,2,0,0,0,accounting,low
0.67,1,219,4,0,0,0,accounting,low
0.77,4,241,5,0,0,0,accounting,low
0.99,4,224,4,0,0,0,hr,low
0.67,2,131,4,0,0,0,hr,low
1.0,3,185,3,0,0,0,hr,low
1.0,7,182,3,0,0,0,hr,low
0.58,4,246,3,0,0,0,technical,low
0.81,4,187,1,0,0,0,technical,medium
0.68,5,257,1,0,0,0,technical,medium
0.98,2,178,4,1,0,0,technical,medium
0.56,4,213,2,0,0,0,technical,medium
0.55,5,288,2,1,0,0,technical,medium
0.67,5,175,3,1,0,0,technical,medium
0.52,5,134,1,0,0,0,technical,medium
0.73,4,178,1,1,0,0,technical,medium
1.0,2,178,4,0,0,0,technical,medium
0.24,1,103,3,0,0,0,technical,medium
0.54,3,268,3,0,0,0,support,medium
1.0,5,232,7,0,0,0,support,medium
0.73,4,152,4,0,0,0,support,high
0.69,4,264,3,0,0,0,support,low
0.52,4,247,2,1,0,0,support,medium
0.89,4,102,7,0,0,0,support,medium
0.71,1,188,4,0,0,0,support,medium
0.74,4,180,3,0,0,0,support,medium
0.85,4,202,5,0,0,0,support,low
1.0,2,142,2,0,0,0,support,low
0.7,4,174,3,0,0,0,support,low
0.8,4,183,4,0,0,0,technical,low
0.52,3,157,2,0,0,0,technical,low
0.86,3,154,3,0,0,0,technical,low
0.58,2,249,3,1,0,0,management,low
1.0,4,160,3,0,0,0,IT,low
0.44,4,263,5,0,0,0,IT,low
0.87,4,116,3,0,0,0,IT,low
0.84,4,189,4,0,0,0,IT,low
0.88,5,249,6,0,0,0,IT,low
0.59,4,234,3,0,0,0,product_mng,low
0.91,2,185,2,0,0,0,product_mng,low
1.0,5,255,4,0,0,0,product_mng,low
0.88,4,107,2,0,0,0,product_mng,low
0.62,2,279,4,0,0,0,IT,low
0.52,6,260,3,0,0,0,RandD,low
0.52,6,265,4,0,0,0,RandD,medium
0.37,5,251,4,0,0,0,RandD,medium
0.98,3,214,2,0,0,0,RandD,medium
0.56,2,169,2,0,0,0,RandD,medium
0.72,3,203,4,0,0,0,marketing,medium
0.7,2,110,4,0,0,0,sales,medium
1.0,4,191,2,1,0,0,accounting,medium
0.72,5,185,4,0,0,0,support,medium
0.86,4,206,2,0,0,0,technical,medium
1.0,3,223,3,0,0,0,management,medium
0.83,4,226,3,0,0,0,marketing,medium
1.0,3,204,3,0,0,0,marketing,medium
1.0,3,186,1,1,0,0,marketing,high
0.86,4,215,3,0,0,0,sales,low
0.65,4,154,5,0,0,0,sales,medium
0.83,3,186,2,0,0,0,sales,medium
0.92,4,98,4,0,0,0,sales,medium
0.71,3,171,1,0,0,0,sales,medium
0.68,4,190,2,0,0,0,sales,low
0.56,4,268,2,1,0,0,sales,low
0.56,3,262,2,0,0,0,sales,low
0.74,1,167,4,0,0,0,sales,low
0.65,2,186,4,0,0,0,sales,low
1.0,2,155,1,0,0,0,sales,low
1.0,2,187,4,0,0,0,sales,low
0.48,5,340,5,0,0,0,sales,low
1.0,4,235,4,1,0,0,sales,low
0.62,3,139,3,0,0,0,sales,low
0.7,4,183,3,0,0,0,sales,low
0.67,2,193,2,0,0,0,sales,low
0.63,6,174,1,0,0,0,sales,low
0.5,4,158,5,0,0,0,sales,low
0.73,3,180,2,0,0,0,accounting,low
1.0,5,103,3,0,0,0,accounting,low
1.0,3,271,4,0,0,0,accounting,low
0.82,2,106,4,0,0,0,hr,low
1.0,2,183,3,1,0,0,hr,low
0.4,3,136,2,0,0,0,hr,low
0.89,6,246,2,1,0,0,hr,low
0.85,2,233,4,0,0,0,technical,medium
0.53,2,83,6,0,0,0,technical,medium
0.9,3,164,3,0,0,0,technical,medium
0.52,4,205,1,1,0,0,technical,medium
0.64,3,265,4,0,0,0,technical,medium
0.8,3,257,3,0,0,0,technical,medium
0.52,3,132,1,0,0,0,technical,medium
0.59,5,174,3,0,0,0,technical,medium
0.58,3,194,4,0,0,0,technical,medium
0.3,3,167,2,1,0,0,technical,medium
0.44,3,150,3,0,0,0,technical,medium
0.8,2,102,3,0,0,0,support,medium
0.92,5,297,3,1,0,0,support,high
0.59,4,143,4,0,0,0,support,low
0.57,2,232,4,0,0,0,support,medium
0.63,6,260,2,0,0,0,support,medium
0.75,4,142,3,1,0,0,support,medium
0.83,4,311,3,0,0,0,support,medium
0.31,2,131,1,0,0,0,support,low
1.0,4,292,2,0,0,0,support,low
0.77,3,131,6,0,0,0,support,low
0.78,3,224,2,1,0,0,support,low
0.37,4,242,3,0,0,0,technical,low
0.86,3,235,3,0,0,0,technical,low
0.8,5,102,5,0,0,0,technical,low
0.81,3,159,2,0,0,0,management,low
0.19,1,186,6,0,0,0,IT,low
0.55,2,253,3,0,0,0,IT,low
0.71,3,271,3,0,0,0,IT,low
0.74,3,165,5,0,0,0,IT,low
1.0,4,132,2,0,0,0,IT,low
0.53,3,199,2,0,0,0,product_mng,low
0.73,3,238,1,0,0,0,product_mng,low
1.0,2,152,5,0,0,0,product_mng,low
0.72,1,274,4,0,0,0,product_mng,low
0.68,4,183,1,0,0,0,IT,low
0.43,2,76,3,0,0,0,RandD,low
0.61,4,244,2,0,0,0,RandD,low
0.95,3,195,6,0,0,0,RandD,low
0.7,6,277,2,0,0,0,RandD,medium
0.83,5,321,4,0,0,0,RandD,medium
0.8,3,225,6,0,0,0,marketing,medium
0.94,3,204,2,0,0,0,sales,medium
1.0,4,222,7,0,0,0,accounting,medium
0.72,4,246,1,0,0,0,support,medium
0.82,4,176,4,0,0,0,technical,medium
1.0,2,246,2,0,0,0,management,medium
1.0,2,243,2,0,0,0,marketing,medium
0.71,4,113,4,1,0,0,marketing,medium
0.75,3,298,4,0,0,0,marketing,medium
0.51,6,194,3,0,0,0,sales,medium
0.76,4,245,4,0,0,0,sales,high
0.74,3,213,3,0,0,0,sales,low
0.88,2,277,4,0,0,0,sales,medium
0.7,3,189,2,1,0,0,sales,medium
0.86,3,266,4,0,0,0,sales,medium
0.5,4,130,3,0,0,0,sales,medium
0.66,2,145,3,0,0,0,sales,low
0.54,3,215,4,0,0,0,sales,low
0.59,4,55,1,0,0,0,sales,low
0.32,6,141,5,0,0,0,sales,low
0.52,4,121,5,1,0,0,sales,low
0.87,4,255,2,0,0,0,sales,low
0.88,4,140,3,0,0,0,sales,low
0.63,2,275,4,0,0,0,sales,low
0.94,4,116,5,0,0,0,sales,medium
0.83,3,103,3,0,0,0,sales,medium
0.94,3,200,1,0,0,0,sales,medium
1.0,2,275,6,0,0,0,sales,medium
0.6,2,253,3,0,0,0,accounting,medium
0.53,4,257,3,1,0,0,accounting,medium
0.48,4,176,2,0,0,0,accounting,medium
0.73,1,226,4,1,0,0,hr,medium
0.82,4,151,1,0,0,0,hr,medium
1.0,3,311,2,0,0,0,hr,medium
0.73,4,158,5,0,0,0,hr,medium
0.41,4,301,3,0,0,0,technical,medium
0.91,3,190,4,0,0,0,technical,medium
0.62,3,244,2,0,0,0,technical,medium
0.8,3,232,2,0,0,0,technical,medium
0.72,1,236,3,0,0,0,technical,medium
0.76,3,235,2,1,0,0,technical,medium
0.84,4,240,5,0,0,0,technical,medium
0.55,5,203,2,0,0,0,technical,medium
0.86,6,169,5,0,0,0,technical,medium
0.64,2,219,2,0,0,0,technical,medium
0.29,4,301,3,0,0,0,technical,medium
0.92,4,211,4,1,0,0,support,medium
1.0,2,165,1,0,0,0,support,medium
0.44,7,152,4,0,0,0,support,medium
0.84,3,275,2,0,0,0,support,high
0.49,2,178,1,0,0,0,support,high
0.72,4,255,4,0,0,0,support,high
0.91,6,156,2,1,0,0,support,high
0.61,3,149,4,0,0,0,support,high
0.67,5,268,4,1,0,0,support,high
0.88,5,216,4,0,0,0,support,high
0.4,1,126,3,0,0,0,support,high
0.76,2,172,1,1,0,0,technical,high
0.55,4,216,5,0,0,0,technical,high
0.75,3,294,3,0,0,0,technical,high
0.7,2,80,5,0,0,0,management,high
0.56,6,237,6,1,0,0,IT,low
0.72,2,214,3,0,0,0,IT,low
0.91,3,233,3,0,0,0,IT,low
0.54,2,185,2,0,0,0,IT,low
0.76,2,274,1,1,0,0,IT,low
0.56,4,181,4,0,0,0,product_mng,low
0.61,5,264,4,0,0,0,product_mng,low
0.78,3,198,1,0,0,0,product_mng,low
0.66,4,144,4,0,0,0,product_mng,low
0.81,5,207,4,0,0,0,IT,low
0.89,3,244,3,0,0,0,RandD,low
0.28,2,263,1,1,0,0,RandD,low
0.87,5,220,3,0,0,0,RandD,low
0.57,6,190,4,0,0,0,RandD,low
0.61,4,199,2,0,0,0,RandD,low
0.81,3,286,4,0,0,0,marketing,medium
1.0,3,112,1,0,0,0,sales,medium
0.8,2,140,2,0,0,0,accounting,medium
0.67,4,193,2,0,0,0,support,medium
0.39,3,219,2,0,0,0,technical,medium
0.84,5,211,1,0,0,0,management,medium
0.94,4,191,6,0,0,0,marketing,medium
0.61,4,105,2,0,0,0,marketing,medium
0.71,3,229,3,1,0,0,marketing,medium
0.72,3,277,3,0,0,0,sales,medium
0.75,1,96,1,0,0,0,sales,medium
0.28,5,280,4,0,0,0,sales,medium
0.88,3,270,5,0,0,0,sales,high
0.27,6,246,4,0,0,0,sales,high
0.57,4,225,4,0,0,0,sales,high
0.54,5,225,1,0,0,0,sales,high
0.51,3,175,2,0,0,0,sales,high
0.5,4,251,2,0,0,0,sales,high
0.39,4,225,2,0,0,0,sales,high
0.82,6,201,2,0,0,0,sales,high
0.78,5,208,4,1,0,0,sales,low
0.81,3,128,1,0,0,0,sales,low
0.59,5,241,4,0,0,0,sales,low
0.49,2,250,2,0,0,0,sales,low
0.97,4,203,3,0,0,0,sales,low
0.39,4,227,1,0,0,0,sales,low
0.77,6,223,6,0,0,0,sales,low
0.35,2,132,2,0,0,0,sales,low
1.0,6,150,1,0,0,0,accounting,medium
0.69,4,265,5,0,0,0,accounting,medium
0.57,4,102,4,0,0,0,accounting,medium
0.5,4,288,5,1,0,0,hr,medium
0.88,3,108,2,0,0,0,hr,medium
0.79,3,243,2,0,0,0,hr,medium
0.52,4,201,3,0,0,0,hr,medium
0.69,6,195,5,0,0,0,technical,medium
0.85,4,197,4,0,0,0,technical,medium
1.0,6,199,2,0,0,0,technical,medium
0.44,5,76,7,1,0,0,technical,medium
1.0,3,269,5,0,0,0,technical,medium
0.56,4,241,1,0,0,0,technical,medium
0.73,6,161,6,0,0,0,technical,medium
1.0,3,154,4,0,0,0,technical,medium
0.66,2,171,4,0,0,0,technical,medium
1.0,4,106,3,0,0,0,technical,medium
0.94,5,203,5,1,0,0,technical,medium
0.46,3,159,3,0,0,0,support,medium
0.66,3,242,4,0,0,0,support,medium
0.43,4,130,7,0,0,0,support,medium
0.88,4,233,3,0,0,0,support,medium
0.44,3,150,4,0,0,0,support,medium
0.77,4,142,5,1,0,0,support,high
0.75,5,180,2,0,0,0,support,low
0.88,4,205,2,0,0,0,support,medium
0.72,4,243,1,0,0,0,support,medium
0.49,3,264,3,0,0,0,support,medium
0.59,6,270,3,0,0,0,support,medium
0.61,6,210,4,0,0,0,technical,medium
0.27,2,127,3,1,0,0,technical,medium
0.64,4,220,3,1,0,0,technical,medium
0.97,2,58,5,1,0,0,management,medium
0.71,6,257,3,0,0,0,IT,medium
0.38,2,257,4,0,0,0,IT,medium
0.79,5,194,2,0,0,0,IT,low
0.91,2,285,3,1,0,0,IT,low
0.48,3,297,4,0,0,0,IT,low
0.81,3,67,4,0,0,0,product_mng,low
0.73,1,275,3,0,0,0,product_mng,low
0.64,4,280,4,0,0,0,product_mng,low
1.0,4,149,7,1,0,0,product_mng,low
0.62,3,103,4,0,0,0,IT,high
0.78,3,174,1,1,0,0,RandD,low
0.21,3,185,2,0,0,0,RandD,high
0.62,3,263,4,1,0,0,RandD,high
1.0,2,241,2,1,0,0,RandD,low
0.93,3,245,4,0,0,0,RandD,low
0.46,3,239,5,0,0,0,marketing,high
0.62,3,183,2,0,0,0,sales,low
0.65,5,136,3,0,0,0,accounting,medium
0.85,2,185,4,0,0,0,support,high
0.84,6,185,3,0,0,0,technical,medium
0.42,3,239,2,0,0,0,management,medium
1.0,2,159,3,0,0,0,marketing,medium
0.56,2,131,3,0,0,0,marketing,medium
0.96,4,166,3,0,0,0,marketing,high
1.0,2,217,4,0,0,0,sales,medium
0.75,6,166,2,0,0,0,sales,medium
0.51,4,175,4,1,0,0,sales,medium
0.91,1,77,3,0,0,0,sales,high
0.63,5,112,3,0,0,0,sales,medium
0.74,3,264,4,0,0,0,sales,high
0.9,1,297,3,0,0,0,sales,low
0.33,2,131,3,0,0,0,sales,medium
1.0,4,263,4,0,0,0,sales,medium
0.61,2,235,1,0,0,0,sales,medium
0.56,5,255,1,0,0,0,sales,medium
0.81,4,153,3,0,0,0,sales,low
0.52,4,231,2,1,0,0,sales,low
0.7,5,237,2,0,0,0,sales,low
0.97,5,193,3,0,0,0,sales,low
0.49,4,247,3,0,0,0,sales,low
0.5,5,289,3,0,0,0,sales,low
0.43,7,123,4,0,0,0,sales,low
0.29,6,107,6,0,0,0,sales,low
0.71,4,234,5,1,0,0,accounting,low
0.52,1,145,3,1,0,0,accounting,low
0.93,5,228,2,0,0,0,accounting,high
1.0,3,253,4,0,0,0,hr,low
0.65,7,191,3,0,0,0,hr,low
0.45,5,174,4,0,0,0,hr,low
0.61,3,229,3,0,0,0,hr,low
0.83,5,241,4,0,0,0,technical,high
1.0,3,251,3,0,0,0,technical,low
0.5,3,127,3,1,0,0,technical,low
0.26,5,71,2,0,0,0,technical,low
0.94,6,306,2,0,0,0,technical,high
0.86,7,285,2,0,0,0,technical,low
0.64,2,146,5,0,0,0,technical,medium
0.61,5,119,4,1,0,0,technical,high
0.84,4,231,3,0,0,0,technical,medium
0.83,2,180,3,1,0,0,technical,high
0.79,5,167,4,0,0,0,technical,medium
0.68,5,165,1,0,0,0,support,medium
0.86,3,271,3,0,0,0,support,medium
0.56,3,271,4,1,0,0,support,medium
0.64,6,233,5,0,0,0,support,medium
0.91,4,271,3,0,0,0,support,medium
0.59,4,216,2,0,0,0,support,medium
0.57,5,205,4,0,0,0,support,medium
0.64,3,128,2,1,0,0,support,high
0.46,5,106,5,1,0,0,support,low
0.63,4,87,1,1,0,0,support,medium
0.88,5,175,5,0,0,0,support,medium
0.28,2,175,6,0,0,0,technical,medium
0.55,4,298,3,0,0,0,technical,medium
0.62,2,129,3,0,0,0,technical,medium
1.0,6,203,4,0,0,0,management,medium
0.68,5,293,6,1,0,0,IT,medium
0.99,4,101,3,0,0,0,IT,medium
0.82,2,180,1,0,0,0,IT,medium
0.9,3,186,5,0,0,0,IT,high
0.86,3,224,2,0,0,0,IT,low
0.72,3,204,2,0,0,0,product_mng,low
0.61,5,164,2,0,0,0,product_mng,low
0.87,3,206,1,0,0,0,product_mng,high
0.93,5,227,2,0,0,0,product_mng,low
0.66,6,141,3,0,0,0,IT,low
0.72,3,143,1,0,0,0,RandD,low
0.53,1,145,3,0,0,0,RandD,high
0.31,4,285,3,0,0,0,RandD,low
0.78,2,145,3,0,0,0,RandD,low
0.58,2,202,2,0,0,0,RandD,low
0.79,3,194,1,0,0,0,marketing,low
0.62,4,130,3,0,0,0,sales,low
0.55,4,138,4,1,0,0,accounting,low
0.67,3,273,3,0,0,0,support,low
0.44,2,118,2,0,0,0,technical,medium
0.45,5,208,1,0,0,0,management,medium
0.97,3,320,3,0,0,0,marketing,medium
1.0,5,195,4,0,0,0,marketing,medium
0.94,2,76,5,0,0,0,marketing,medium
0.56,4,157,3,0,0,0,sales,medium
0.81,4,212,4,0,0,0,sales,medium
0.57,2,155,1,1,0,0,sales,medium
0.99,6,208,3,0,0,0,sales,medium
0.72,4,109,1,0,0,0,sales,medium
0.81,5,224,7,0,0,0,sales,medium
0.58,4,240,4,0,0,0,sales,medium
0.68,5,140,2,0,0,0,sales,high
0.92,4,249,5,0,0,0,sales,low
0.41,4,145,2,0,0,0,sales,medium
0.54,4,318,4,1,0,0,sales,medium
0.57,6,269,4,0,0,0,sales,medium
0.56,2,197,3,0,0,0,sales,medium
0.55,2,215,1,0,0,0,sales,low
0.58,4,245,2,0,0,0,sales,low
1.0,3,190,4,0,0,0,sales,low
0.63,4,190,3,0,0,0,sales,low
0.97,5,183,3,0,0,0,sales,low
0.87,5,157,4,0,0,0,sales,low
1.0,4,284,2,0,0,0,accounting,low
0.8,3,287,3,0,0,0,accounting,low
0.75,6,272,2,0,0,0,accounting,low
0.97,3,198,4,0,0,0,hr,low
0.6,6,228,4,1,0,0,hr,low
0.5,6,50,2,1,0,0,hr,low
0.54,3,189,2,0,0,0,hr,low
0.7,3,162,2,0,0,0,technical,low
0.56,4,196,3,0,0,0,technical,low
0.55,4,198,2,0,0,0,technical,low
0.75,5,166,2,1,0,0,technical,low
0.42,5,238,3,1,0,0,technical,low
0.35,5,110,2,0,0,0,technical,low
0.54,4,152,1,0,0,0,technical,low
0.85,5,195,4,1,0,0,technical,low
0.7,3,231,1,0,0,0,technical,medium
0.97,3,132,4,0,0,0,technical,medium
0.53,4,128,4,0,0,0,technical,medium
0.91,4,147,1,0,0,0,support,medium
0.85,2,219,4,0,0,0,support,medium
0.56,2,119,3,1,0,0,support,medium
0.86,3,213,1,0,0,0,support,medium
0.87,3,148,6,0,0,0,support,medium
0.65,3,225,1,0,0,0,support,medium
0.81,1,266,1,0,0,0,support,medium
0.74,2,208,4,0,0,0,support,medium
0.86,3,171,5,0,0,0,support,medium
0.1,4,258,7,0,0,0,support,high
0.89,4,162,3,0,0,0,support,low
0.69,3,153,1,0,0,0,technical,medium
0.93,3,259,3,0,0,0,technical,medium
0.66,1,223,5,1,0,0,technical,medium
0.82,6,204,4,0,0,0,management,medium
0.74,7,193,5,0,0,0,IT,low
0.58,2,231,4,1,0,0,IT,low
0.87,3,208,3,0,0,0,IT,low
0.55,3,140,4,0,0,0,IT,low
0.48,4,235,1,0,0,0,IT,low
0.55,4,186,2,0,0,0,product_mng,low
0.81,2,164,3,0,0,0,product_mng,low
0.82,4,134,5,0,0,0,product_mng,low
0.5,2,66,4,0,0,0,product_mng,low
0.81,2,149,4,0,0,0,IT,low
0.92,3,166,3,0,0,0,RandD,low
0.31,1,195,6,0,0,0,RandD,low
0.68,2,190,2,0,0,0,RandD,low
1.0,4,190,1,0,0,0,RandD,low
0.52,5,189,2,0,0,0,RandD,low
0.73,3,221,4,1,0,0,marketing,low
0.85,3,222,4,0,0,0,sales,low
1.0,4,243,4,0,0,0,accounting,low
0.83,4,226,3,0,0,0,support,low
0.81,5,219,3,0,0,0,technical,low
0.94,4,261,2,1,0,0,management,low
0.53,6,288,8,1,0,0,marketing,medium
0.7,2,230,6,0,0,0,marketing,medium
0.39,3,154,6,1,0,0,marketing,medium
0.78,2,173,2,0,0,0,sales,medium
0.73,4,234,3,0,0,0,sales,medium
0.53,5,207,3,0,0,0,sales,medium
0.65,1,295,1,1,0,0,sales,medium
0.79,5,318,4,0,0,0,sales,medium
0.62,2,247,4,0,0,0,sales,medium
0.79,2,190,2,1,0,0,sales,medium
0.75,3,68,3,0,0,0,sales,medium
0.72,3,201,4,0,0,0,sales,medium
0.9,6,142,1,0,0,0,sales,high
0.53,6,235,3,0,0,0,sales,low
0.66,2,130,4,1,0,0,sales,medium
0.78,3,177,3,0,0,0,sales,medium
0.63,5,236,1,0,0,0,sales,medium
0.44,3,119,3,1,0,0,sales,medium
0.89,2,133,1,1,0,0,sales,low
0.5,4,170,3,0,0,0,sales,low
1.0,4,192,3,0,0,0,sales,low
0.55,5,207,4,0,0,0,sales,low
0.8,3,179,5,0,0,0,accounting,low
0.88,4,241,3,0,0,0,accounting,low
0.84,1,252,2,0,0,0,accounting,low
0.85,5,182,4,1,0,0,hr,low
1.0,4,264,5,0,0,0,hr,low
0.55,5,73,6,0,0,0,hr,low
0.47,4,251,1,0,0,0,hr,low
0.49,1,192,2,1,0,0,technical,low
0.68,4,296,4,0,0,0,technical,low
0.51,3,154,2,0,0,0,technical,low
0.65,3,290,3,0,0,0,technical,low
0.37,3,249,1,0,0,0,technical,low
0.66,4,167,3,0,0,0,technical,low
0.65,2,244,2,0,0,0,technical,low
0.55,5,188,1,1,0,0,technical,low
0.9,2,156,3,0,0,0,technical,low
0.54,5,176,4,1,0,0,technical,low
0.1,5,211,2,0,0,0,technical,medium
0.71,4,222,5,0,0,0,support,medium
0.86,3,108,3,0,0,0,support,medium
0.95,4,189,2,0,0,0,support,medium
0.73,3,302,1,0,0,0,support,medium
0.53,2,251,3,0,0,0,support,medium
0.86,2,156,2,1,0,0,support,medium
0.67,4,136,5,0,0,0,support,medium
0.99,5,299,1,0,0,0,support,medium
0.86,4,190,3,0,0,0,support,medium
0.77,4,190,6,0,0,0,support,medium
0.87,5,217,5,0,0,0,support,medium
0.76,3,205,6,0,0,0,technical,high
0.76,5,165,2,0,0,0,technical,low
0.45,2,138,6,0,0,0,technical,medium
0.95,4,247,2,0,0,0,management,medium
0.8,4,264,5,1,0,0,IT,medium
0.83,3,215,5,0,0,0,IT,medium
0.98,4,117,1,0,0,0,IT,low
1.0,6,212,5,0,0,0,IT,low
0.38,1,215,3,0,0,0,IT,low
0.65,3,152,4,1,0,0,product_mng,low
0.9,4,233,3,0,0,0,product_mng,low
1.0,5,253,2,0,0,0,product_mng,low
0.74,5,271,3,0,0,0,product_mng,low
0.59,4,236,3,0,0,0,IT,low
0.91,5,286,5,0,0,0,RandD,low
0.49,4,198,1,0,0,0,RandD,low
0.57,4,112,4,0,0,0,RandD,low
0.78,3,293,2,0,0,0,RandD,low
0.96,3,161,2,0,0,0,RandD,low
0.45,5,265,3,0,0,0,marketing,low
0.77,3,193,2,0,0,0,sales,low
0.82,3,279,4,0,0,0,accounting,low
0.41,1,257,3,0,0,0,support,low
0.83,5,256,3,0,0,0,technical,low
0.82,5,146,4,0,0,0,management,medium
0.96,5,236,2,0,0,0,marketing,medium
0.61,3,237,5,0,0,0,marketing,medium
0.86,5,224,3,1,0,0,marketing,medium
0.94,6,238,2,0,0,0,sales,medium
0.72,3,224,3,0,0,0,sales,medium
0.33,2,276,4,0,0,0,sales,medium
0.61,4,206,2,0,0,0,sales,medium
0.77,3,212,4,0,0,0,sales,medium
0.92,6,212,7,0,0,0,sales,medium
0.84,4,266,2,0,0,0,sales,medium
0.71,2,276,6,0,0,0,sales,medium
0.55,4,154,5,0,0,0,sales,high
0.41,3,203,5,0,0,0,sales,low
0.28,3,165,3,0,0,0,sales,medium
0.55,3,269,1,0,0,0,sales,medium
0.87,4,157,3,0,0,0,sales,medium
0.9,3,220,1,0,0,0,sales,medium
0.65,4,162,3,0,0,0,sales,low
0.63,1,107,3,1,0,0,sales,low
0.8,4,145,3,0,0,0,sales,low
0.79,5,59,3,0,0,0,sales,low
0.31,4,216,3,1,0,0,sales,low
0.97,4,177,3,0,0,0,accounting,low
0.75,3,203,3,1,0,0,accounting,low
0.56,5,129,2,0,0,0,accounting,low
1.0,4,144,2,0,0,0,hr,low
0.62,2,173,2,1,0,0,hr,low
0.94,4,125,5,0,0,0,hr,low
0.71,4,187,5,0,0,0,hr,low
0.59,5,199,3,0,0,0,technical,low
0.91,3,122,3,0,0,0,technical,low
0.57,2,130,3,0,0,0,technical,low
0.66,2,151,6,1,0,0,technical,low
0.88,5,149,2,0,0,0,technical,low
0.74,2,247,5,0,0,0,technical,low
0.71,3,185,4,1,0,0,technical,low
0.5,4,215,3,1,0,0,technical,low
0.92,5,174,3,0,0,0,technical,low
0.84,8,105,5,1,0,0,technical,medium
0.54,4,130,4,0,0,0,technical,medium
0.75,6,201,4,1,0,0,support,medium
0.74,4,127,3,0,0,0,support,medium
0.61,3,204,2,0,0,0,support,medium
0.76,3,303,5,0,0,0,support,medium
0.78,5,243,3,1,0,0,support,medium
0.66,2,230,1,0,0,0,support,medium
0.66,3,105,1,0,0,0,support,medium
0.88,6,163,2,0,0,0,support,medium
0.75,4,252,5,0,0,0,support,medium
0.72,3,158,5,0,0,0,support,medium
1.0,7,121,2,1,0,0,support,high
0.61,3,157,4,0,0,0,technical,low
1.0,4,269,2,1,0,0,technical,medium
0.44,4,189,5,0,0,0,technical,medium
0.53,4,180,3,1,0,0,management,medium
0.83,2,199,1,0,0,0,IT,medium
0.6,4,204,3,0,0,0,IT,low
0.37,6,174,4,0,0,0,IT,low
0.67,4,82,7,0,0,0,IT,low
0.67,5,74,6,0,0,0,IT,low
0.86,3,168,2,0,0,0,product_mng,low
1.0,2,196,1,0,0,0,product_mng,low
1.0,4,175,3,1,0,0,product_mng,low
0.78,3,234,3,0,0,0,product_mng,low
0.53,4,167,5,0,0,0,IT,low
0.85,4,219,3,0,0,0,RandD,low
0.54,5,140,2,0,0,0,RandD,low
0.96,7,161,3,0,0,0,RandD,low
0.52,2,152,2,0,0,0,RandD,low
1.0,4,142,4,0,0,0,RandD,low
0.87,1,242,1,0,0,0,marketing,low
0.75,5,247,1,1,0,0,sales,low
0.82,3,162,4,0,0,0,accounting,low
0.89,4,188,2,0,0,0,support,low
0.75,4,217,4,0,0,0,technical,low
0.92,2,269,3,0,0,0,management,low
0.67,3,175,2,0,0,0,marketing,low
0.3,7,213,6,0,0,0,marketing,medium
0.57,4,175,4,0,0,0,marketing,medium
0.68,2,228,1,0,0,0,sales,medium
0.61,7,284,3,0,0,0,sales,medium
0.78,5,266,2,0,0,0,sales,medium
0.69,6,174,1,0,0,0,sales,medium
0.85,3,261,3,0,0,0,sales,medium
0.91,1,168,4,1,0,0,sales,medium
0.28,5,183,4,0,0,0,sales,medium
0.5,3,107,2,0,0,0,sales,medium
0.66,5,203,3,0,0,0,sales,medium
0.29,3,167,3,0,0,0,sales,medium
0.69,1,95,4,0,0,0,sales,high
0.73,2,138,4,1,0,0,sales,low
0.38,4,53,5,0,0,0,sales,medium
0.87,5,175,5,1,0,0,sales,medium
0.99,5,256,1,0,0,0,sales,medium
1.0,5,166,2,0,0,0,sales,medium
0.21,5,159,2,0,0,0,sales,low
0.72,3,235,2,0,0,0,sales,low
0.53,4,162,5,0,0,0,sales,low
0.78,4,143,1,0,0,0,accounting,low
0.7,4,195,2,0,0,0,accounting,low
1.0,2,208,4,0,0,0,accounting,low
0.71,2,254,3,0,0,0,hr,low
0.81,4,290,8,0,0,0,hr,low
0.42,3,245,5,0,0,0,hr,medium
0.85,2,283,3,0,0,0,hr,medium
0.99,6,240,3,0,0,0,technical,medium
0.91,3,196,5,0,0,0,technical,medium
0.51,6,228,3,0,0,0,technical,medium
0.7,3,110,2,0,0,0,technical,medium
0.99,4,177,1,0,0,0,technical,medium
0.74,3,171,2,1,0,0,technical,medium
0.64,1,275,1,0,0,0,technical,medium
0.81,5,155,3,1,0,0,technical,medium
0.59,4,244,3,0,0,0,technical,medium
0.8,1,238,4,1,0,0,technical,medium
0.75,5,224,1,0,0,0,technical,medium
0.73,4,229,4,0,0,0,support,medium
0.51,1,199,1,0,0,0,support,medium
0.86,4,230,3,0,0,0,support,medium
0.6,2,265,3,0,0,0,support,medium
0.82,2,303,5,0,0,0,support,medium
0.8,4,213,1,0,0,0,support,medium
0.79,2,186,1,0,0,0,support,medium
0.97,6,177,6,0,0,0,support,medium
0.83,4,161,2,0,0,0,support,medium
0.78,5,187,1,1,0,0,support,medium
0.54,4,257,2,0,0,0,support,medium
0.7,3,310,3,0,0,0,technical,medium
0.6,3,179,1,0,0,0,technical,high
0.45,4,248,3,0,0,0,technical,high
0.84,7,180,6,0,0,0,management,high
1.0,7,256,5,0,0,0,IT,high
0.51,5,104,4,0,0,0,IT,high
0.64,5,133,5,0,0,0,IT,high
0.65,5,108,4,1,0,0,IT,high
0.49,3,249,4,0,0,0,IT,high
1.0,5,169,2,0,0,0,product_mng,high
0.5,4,124,1,0,0,0,product_mng,high
0.52,5,169,4,0,0,0,product_mng,high
0.7,4,180,3,1,0,0,product_mng,high
0.27,3,161,1,1,0,0,IT,low
0.28,5,234,1,0,0,0,RandD,low
0.64,3,229,3,0,0,0,RandD,low
0.52,2,236,3,0,0,0,RandD,low
0.27,3,127,4,0,0,0,RandD,low
0.65,4,207,2,0,0,0,RandD,low
0.98,4,160,6,0,0,0,marketing,low
0.69,3,90,4,0,0,0,sales,low
0.83,3,187,1,0,0,0,accounting,low
0.51,4,213,4,0,0,0,support,low
0.49,3,252,4,0,0,0,technical,low
0.57,4,200,4,0,0,0,management,low
0.7,2,85,2,0,0,0,marketing,low
0.62,5,258,3,0,0,0,marketing,low
0.58,2,194,4,0,0,0,marketing,low
0.57,5,145,2,1,0,0,sales,medium
0.81,3,151,2,0,0,0,sales,medium
1.0,4,229,5,0,0,0,sales,medium
0.86,6,231,3,0,0,0,sales,medium
0.62,4,204,5,0,0,0,sales,medium
0.98,4,238,3,0,0,0,sales,medium
0.55,5,163,5,0,0,0,sales,medium
0.69,7,211,7,0,0,0,sales,medium
0.5,3,263,5,1,0,0,sales,medium
0.56,2,255,4,1,0,0,sales,medium
0.72,3,176,3,0,0,0,sales,medium
0.39,5,237,3,1,0,0,sales,medium
0.42,5,125,5,0,0,0,sales,high
0.72,3,220,1,0,0,0,sales,high
0.82,6,305,3,0,0,0,sales,high
0.66,5,158,5,0,0,0,sales,high
0.66,3,286,2,1,0,0,sales,high
0.71,3,191,3,0,0,0,sales,high
0.37,4,182,4,0,0,0,sales,high
0.86,4,140,7,1,0,0,accounting,high
0.82,3,229,4,0,0,0,accounting,low
0.5,4,236,5,0,0,0,accounting,low
0.89,5,196,1,0,0,0,hr,low
0.42,6,147,4,0,0,0,hr,low
0.69,2,169,5,0,0,0,hr,low
0.69,5,124,3,0,0,0,hr,low
0.4,1,261,2,0,0,0,technical,low
0.78,4,220,2,0,0,0,technical,low
0.86,5,131,4,0,0,0,technical,medium
0.61,3,246,1,0,0,0,technical,medium
0.7,2,249,3,0,0,0,technical,medium
0.53,6,207,3,0,0,0,technical,medium
0.42,3,213,3,0,0,0,technical,medium
0.83,6,157,1,0,0,0,technical,medium
0.71,1,204,1,1,0,0,technical,medium
0.89,1,85,1,0,0,0,technical,medium
0.61,1,138,1,0,0,0,technical,medium
0.81,6,160,4,0,0,0,support,medium
0.78,5,152,4,1,0,0,support,medium
0.87,4,155,8,1,0,0,support,medium
0.6,5,219,3,0,0,0,support,medium
0.64,6,262,4,0,0,0,support,medium
0.87,3,56,3,0,0,0,support,medium
0.57,4,144,5,0,0,0,support,medium
1.0,5,70,4,1,0,0,support,medium
0.75,1,236,4,0,0,0,support,medium
0.93,6,185,5,0,0,0,support,medium
0.54,5,252,3,0,0,0,support,medium
0.7,4,151,4,0,0,0,technical,medium
0.73,6,331,7,0,0,0,technical,medium
1.0,3,132,3,0,0,0,technical,medium
0.81,5,243,5,0,0,0,management,high
0.86,3,285,3,0,0,0,IT,low
0.79,2,196,4,1,0,0,IT,medium
1.0,5,107,4,0,0,0,IT,medium
0.92,3,104,4,0,0,0,IT,medium
0.6,4,184,3,0,0,0,IT,medium
0.78,3,80,3,0,0,0,product_mng,medium
1.0,5,164,3,0,0,0,product_mng,medium
0.46,6,113,4,0,0,0,product_mng,medium
0.69,3,256,2,0,0,0,product_mng,medium
0.58,3,155,3,0,0,0,IT,medium
0.64,5,187,3,0,0,0,RandD,medium
0.83,3,206,1,0,0,0,RandD,low
0.75,5,303,4,0,0,0,RandD,low
0.67,5,315,1,0,0,0,RandD,low
0.91,2,260,3,0,0,0,RandD,low
0.44,4,212,4,1,0,0,marketing,low
1.0,3,202,3,1,0,0,sales,low
0.81,3,213,1,0,0,0,accounting,low
0.56,3,240,4,0,0,0,support,high
0.28,1,155,2,0,0,0,technical,low
0.88,4,241,2,0,0,0,management,high
0.35,4,229,5,0,0,0,marketing,high
0.62,3,226,2,0,0,0,marketing,low
0.71,4,207,2,1,0,0,marketing,low
0.57,6,169,4,0,0,0,sales,high
0.81,6,136,3,0,0,0,sales,low
0.83,2,284,3,0,0,0,sales,medium
0.6,3,141,6,0,0,0,sales,high
0.99,2,170,2,0,0,0,sales,medium
0.76,5,212,1,1,0,0,sales,medium
0.75,4,280,2,0,0,0,sales,medium
0.53,1,95,2,0,0,0,sales,medium
0.39,4,110,5,0,0,0,sales,high
1.0,3,177,3,0,0,0,sales,medium
0.73,4,205,4,0,0,0,sales,medium
0.8,5,162,4,0,0,0,sales,medium
1.0,2,64,4,0,0,0,sales,high
0.62,3,146,3,0,0,0,sales,medium
0.64,6,158,3,0,0,0,sales,high
0.51,3,235,3,0,0,0,sales,low
0.82,6,274,1,0,0,0,sales,medium
0.45,4,125,2,0,0,0,sales,medium
0.85,6,214,3,1,0,0,sales,medium
0.54,3,255,2,0,0,0,accounting,medium
0.6,5,125,1,0,0,0,accounting,low
1.0,5,138,4,0,0,0,accounting,low
0.7,3,217,2,0,0,0,hr,low
0.56,4,157,5,0,0,0,hr,low
0.77,3,227,4,1,0,0,hr,low
0.92,3,155,6,1,0,0,hr,low
0.85,5,202,2,0,0,0,technical,low
0.62,5,229,4,0,0,0,technical,low
0.57,5,146,2,0,0,0,technical,low
1.0,4,235,2,0,0,0,technical,low
0.63,5,200,5,0,0,0,technical,high
0.45,6,107,3,1,0,0,technical,low
0.69,3,238,4,0,0,0,technical,low
0.64,4,259,1,0,0,0,technical,low
0.24,6,153,5,0,0,0,technical,low
0.47,3,253,3,0,0,0,technical,high
0.83,4,262,3,1,0,0,technical,low
0.44,5,124,6,0,0,0,support,low
1.0,3,204,5,0,0,0,support,low
0.64,4,245,1,0,0,0,support,high
0.41,3,139,1,1,0,0,support,low
0.7,3,269,3,0,0,0,support,medium
0.72,7,217,6,0,0,0,support,high
0.91,3,181,6,0,0,0,support,medium
0.52,1,220,3,1,0,0,support,high
0.72,1,193,2,0,0,0,support,medium
0.54,6,193,4,0,0,0,support,medium
0.92,5,179,2,1,0,0,support,medium
0.71,5,170,7,0,0,0,technical,medium
0.5,3,210,3,0,0,0,technical,medium
1.0,4,150,1,0,0,0,technical,medium
0.66,2,138,3,0,0,0,management,medium
0.76,4,178,6,0,0,0,IT,medium
1.0,5,132,1,0,0,0,IT,high
0.8,3,265,5,0,0,0,IT,low
0.9,4,190,3,0,0,0,IT,medium
0.6,6,231,1,0,0,0,IT,medium
0.45,2,172,3,0,0,0,product_mng,medium
0.78,3,273,5,0,0,0,product_mng,medium
0.83,5,158,2,0,0,0,product_mng,medium
0.66,7,136,2,0,0,0,product_mng,medium
0.56,1,180,3,0,0,0,IT,medium
0.92,3,188,2,1,0,0,RandD,medium
0.71,5,149,5,1,0,0,RandD,medium
0.67,4,213,1,1,0,0,RandD,high
0.64,2,85,4,0,0,0,RandD,low
0.98,4,165,3,0,0,0,RandD,low
0.89,4,177,4,0,0,0,marketing,low
0.52,5,137,1,0,0,0,marketing,high
0.95,6,193,2,0,0,0,sales,low
0.8,2,213,4,0,0,0,accounting,low
0.55,4,187,1,0,0,0,support,low
0.6,4,222,2,0,0,0,technical,high
0.84,4,251,2,0,0,0,management,low
0.73,4,281,1,0,0,0,marketing,low
0.41,3,209,3,0,0,0,marketing,low
0.88,4,161,3,0,0,0,marketing,low
0.76,3,225,6,0,0,0,sales,low
0.69,3,268,2,1,0,0,sales,low
0.1,3,126,3,0,0,0,sales,low
0.91,4,210,3,0,0,0,sales,medium
0.6,3,181,2,0,0,0,sales,medium
0.8,2,50,6,1,0,0,sales,medium
0.8,4,236,1,0,0,0,sales,medium
0.38,3,202,3,0,0,0,sales,medium
0.92,5,162,4,0,0,0,sales,medium
1.0,6,234,1,0,0,0,sales,medium
0.88,3,220,4,1,0,0,sales,medium
1.0,3,242,3,0,0,0,sales,medium
0.49,3,272,5,0,0,0,sales,medium
0.95,3,203,5,0,0,0,sales,medium
0.44,5,155,5,1,0,0,sales,medium
0.37,6,259,4,1,0,0,sales,high
0.56,4,196,3,0,0,0,sales,low
1.0,3,137,4,0,0,0,sales,medium
0.61,5,255,2,0,0,0,sales,medium
0.78,5,157,3,0,0,0,accounting,medium
0.42,3,147,1,0,0,0,accounting,medium
0.53,3,247,3,0,0,0,accounting,low
1.0,2,255,2,0,0,0,hr,low
0.92,5,120,4,0,0,0,hr,low
0.45,4,248,3,0,0,0,hr,low
0.86,5,174,3,0,0,0,hr,low
0.82,2,183,3,0,0,0,technical,low
0.56,3,149,4,0,0,0,technical,low
0.36,4,190,2,0,0,0,technical,low
0.65,6,237,5,0,0,0,technical,low
0.94,3,172,1,0,0,0,technical,low
0.53,3,280,4,0,0,0,technical,low
0.43,5,270,4,0,0,0,technical,low
0.6,4,193,2,0,0,0,technical,low
0.56,4,244,4,0,0,0,technical,low
0.92,6,229,3,0,0,0,technical,low
0.51,4,214,3,0,0,0,technical,low
0.61,5,50,4,0,0,0,support,low
1.0,4,134,3,0,0,0,support,low
0.93,4,200,1,0,0,0,support,low
0.73,4,232,6,0,0,0,support,low
0.7,3,158,4,0,0,0,support,low
0.77,3,133,4,0,0,0,support,medium
0.37,4,233,6,0,0,0,support,medium
0.91,3,132,3,0,0,0,support,medium
0.61,4,182,3,0,0,0,support,medium
0.49,4,265,2,1,0,0,support,medium
0.6,3,205,4,0,0,0,support,medium
1.0,4,210,3,0,0,0,technical,medium
1.0,2,180,3,0,0,0,technical,medium
0.5,3,207,3,0,0,0,technical,medium
0.53,2,274,4,0,0,0,management,medium
0.73,5,109,5,0,0,0,IT,medium
0.87,3,245,2,0,0,0,IT,medium
0.82,4,186,3,0,0,0,IT,high
1.0,2,172,4,0,0,0,IT,low
0.95,5,222,2,1,0,0,IT,medium
0.79,3,194,2,0,0,0,product_mng,medium
0.43,3,281,3,0,0,0,product_mng,medium
0.66,4,167,4,0,0,0,product_mng,medium
0.65,4,123,1,0,0,0,product_mng,low
0.62,2,356,5,0,0,0,IT,low
0.22,3,252,5,0,0,0,RandD,low
0.42,3,150,3,1,0,0,RandD,low
0.42,6,135,6,1,0,0,RandD,low
0.8,4,240,3,0,0,0,RandD,low
0.64,4,160,3,0,0,0,RandD,low
0.45,5,166,4,0,0,0,RandD,low
0.42,2,234,4,0,0,0,marketing,low
1.0,4,168,4,0,0,0,sales,low
0.89,6,216,4,0,0,0,accounting,low
0.71,3,171,3,0,0,0,support,low
0.61,3,165,2,0,0,0,technical,low
0.93,2,179,2,0,0,0,management,low
1.0,3,154,3,1,0,0,marketing,low
1.0,5,209,4,1,0,0,marketing,low
0.74,2,192,3,0,0,0,marketing,low
0.61,2,128,2,0,0,0,sales,low
0.24,5,147,3,0,0,0,sales,low
0.56,4,156,2,1,0,0,sales,low
0.87,1,258,2,0,0,0,sales,low
0.41,5,159,3,0,0,0,sales,medium
0.82,5,164,3,1,0,0,sales,medium
0.61,3,129,4,0,0,0,sales,medium
0.67,2,141,2,0,0,0,sales,medium
0.96,3,241,2,1,0,0,sales,medium
0.96,4,204,3,0,0,0,sales,medium
1.0,4,200,4,0,0,0,sales,medium
0.49,4,115,3,0,0,0,sales,medium
0.4,5,187,6,0,0,0,sales,medium
0.67,6,243,5,0,0,0,sales,medium
0.6,5,237,2,1,0,0,sales,medium
0.55,2,219,2,1,0,0,sales,medium
0.68,2,192,1,0,0,0,sales,high
0.38,3,152,1,0,0,0,sales,low
0.68,5,187,2,0,0,0,sales,medium
0.67,4,146,3,0,0,0,accounting,medium
0.64,5,171,4,0,0,0,accounting,medium
0.99,4,192,3,0,0,0,accounting,medium
0.83,3,244,5,0,0,0,hr,low
0.99,2,302,1,0,0,0,hr,low
0.94,3,131,2,0,0,0,hr,low
0.86,2,201,4,0,0,0,hr,low
0.75,5,154,4,1,0,0,technical,low
0.84,1,245,2,0,0,0,technical,low
0.77,4,247,2,0,0,0,technical,low
0.89,2,224,6,0,0,0,technical,low
0.81,3,163,4,1,0,0,technical,low
0.95,4,178,4,1,0,0,technical,low
0.63,7,174,5,0,0,0,technical,low
0.93,3,161,2,0,0,0,technical,low
0.95,1,144,4,0,0,0,technical,low
0.7,4,235,4,0,0,0,technical,low
0.77,5,160,3,0,0,0,technical,low
0.72,3,182,3,0,0,0,support,low
0.59,4,190,3,0,0,0,support,low
0.34,2,130,3,0,0,0,support,low
0.61,4,196,4,1,0,0,support,low
0.77,4,197,2,1,0,0,support,low
0.61,6,191,4,0,0,0,support,low
0.57,4,224,4,0,0,0,support,medium
0.45,4,167,3,0,0,0,support,medium
0.68,5,247,3,0,0,0,support,medium
0.57,3,223,2,0,0,0,support,medium
0.75,3,210,3,0,0,0,support,medium
1.0,3,177,4,0,0,0,technical,medium
0.63,6,276,1,0,0,0,technical,medium
0.82,4,149,4,0,0,0,technical,medium
1.0,5,138,3,0,0,0,management,medium
0.8,4,255,6,1,0,0,IT,medium
0.63,2,194,2,0,0,0,IT,medium
0.36,2,152,3,0,0,0,IT,medium
0.78,4,193,1,0,0,0,IT,high
0.76,3,207,5,0,0,0,IT,low
0.77,1,320,1,0,0,0,product_mng,medium
0.48,2,224,3,0,0,0,product_mng,medium
0.87,4,256,3,0,0,0,product_mng,medium
0.82,5,198,4,0,0,0,product_mng,medium
0.88,4,148,3,0,0,0,IT,low
0.57,3,179,2,0,0,0,RandD,low
0.68,2,162,3,0,0,0,RandD,low
0.69,4,179,1,0,0,0,RandD,low
0.66,4,159,1,0,0,0,RandD,low
0.95,6,214,4,0,0,0,RandD,low
1.0,7,243,6,0,0,0,RandD,low
0.92,4,184,2,0,0,0,marketing,low
0.73,2,184,4,0,0,0,sales,low
0.95,4,146,5,0,0,0,accounting,low
0.89,5,286,2,0,0,0,support,low
0.73,5,183,3,0,0,0,technical,low
0.77,7,237,2,0,0,0,management,low
0.9,4,235,2,0,0,0,marketing,low
0.79,4,220,2,0,0,0,marketing,low
0.61,5,95,2,0,0,0,marketing,low
0.88,4,244,2,0,0,0,sales,low
0.85,6,315,4,0,0,0,sales,low
0.64,3,132,2,0,0,0,sales,medium
0.88,5,197,3,0,0,0,sales,medium
0.28,5,144,2,0,0,0,sales,medium
0.75,4,233,1,0,0,0,sales,medium
0.77,4,292,3,0,0,0,sales,medium
0.89,3,173,1,0,0,0,sales,medium
0.73,2,173,2,0,0,0,sales,medium
0.33,4,175,3,0,0,0,sales,medium
0.96,3,131,3,0,0,0,sales,medium
0.74,5,166,3,0,0,0,sales,medium
0.69,5,286,3,0,0,0,sales,medium
0.8,3,189,3,0,0,0,sales,medium
0.57,8,281,5,0,0,0,sales,high
0.33,3,268,2,0,0,0,sales,low
0.99,2,214,2,0,0,0,sales,medium
0.86,7,237,5,0,0,0,sales,medium
0.53,3,142,1,1,0,0,sales,medium
1.0,2,250,1,1,0,0,accounting,medium
0.81,4,152,3,0,0,0,accounting,low
0.78,4,248,1,1,0,0,accounting,low
0.93,3,227,6,0,0,0,hr,low
0.91,3,287,3,1,0,0,hr,low
0.1,2,260,1,0,0,0,hr,low
0.72,4,126,4,0,0,0,hr,low
0.81,4,96,3,0,0,0,technical,low
0.65,4,236,2,0,0,0,technical,low
0.8,3,170,1,0,0,0,technical,low
0.65,3,152,2,0,0,0,technical,low
0.62,3,140,2,0,0,0,technical,low
0.52,6,169,1,0,0,0,technical,low
0.54,7,170,2,0,0,0,technical,low
0.84,4,275,3,0,0,0,technical,low
0.75,2,166,3,0,0,0,technical,low
0.88,4,276,1,0,0,0,technical,low
0.41,5,172,3,0,0,0,technical,low
0.7,6,275,4,0,0,0,support,low
0.91,5,272,5,0,0,0,support,low
0.55,5,218,2,0,0,0,support,low
1.0,4,142,7,0,0,0,support,low
0.49,5,191,3,1,0,0,support,medium
0.82,6,190,2,0,0,0,support,medium
0.67,3,266,3,0,0,0,support,medium
0.3,4,190,2,0,0,0,support,medium
1.0,6,263,1,0,0,0,support,medium
0.62,5,160,2,0,0,0,support,medium
0.74,3,272,1,0,0,0,support,medium
0.52,2,199,5,0,0,0,technical,medium
0.47,2,188,5,0,0,0,technical,medium
0.87,5,191,3,0,0,0,technical,medium
1.0,1,179,4,0,0,0,management,medium
0.61,4,205,3,0,0,0,IT,medium
0.65,2,262,3,0,0,0,IT,high
0.61,3,240,2,0,0,0,IT,low
0.29,7,179,6,0,0,0,IT,medium
0.41,3,246,1,0,0,0,IT,medium
0.44,4,222,5,0,0,0,product_mng,medium
0.93,6,249,2,1,0,0,product_mng,medium
1.0,5,180,1,1,0,0,product_mng,low
0.91,4,213,5,0,0,0,product_mng,low
0.77,4,200,4,1,0,0,IT,low
0.81,3,224,4,1,0,0,RandD,low
0.76,6,186,4,0,0,0,RandD,low
0.73,6,172,3,0,0,0,RandD,low
0.58,3,136,4,0,0,0,RandD,low
0.71,6,244,6,1,0,0,RandD,low
0.78,2,246,5,0,0,0,RandD,low
0.65,3,262,5,0,0,0,marketing,low
0.43,2,204,3,0,0,0,sales,low
0.7,3,150,4,0,0,0,accounting,low
0.6,3,256,1,1,0,0,support,low
1.0,5,289,2,0,0,0,technical,low
0.79,5,240,3,0,0,0,management,low
0.63,4,176,6,0,0,0,marketing,low
0.61,2,127,2,0,0,0,marketing,low
0.64,4,162,2,0,0,0,marketing,low
0.41,5,201,6,0,0,0,sales,low
0.82,5,188,3,0,0,0,sales,low
1.0,4,185,2,1,0,0,sales,low
0.78,5,166,2,0,0,0,sales,medium
0.46,3,180,5,0,0,0,sales,medium
0.8,2,215,2,1,0,0,sales,medium
0.81,2,305,1,1,0,0,sales,medium
0.74,3,269,5,0,0,0,sales,medium
0.82,5,180,3,0,0,0,sales,medium
0.69,4,262,2,0,0,0,sales,medium
0.71,3,274,4,1,0,0,sales,medium
0.47,3,233,2,1,0,0,sales,medium
0.6,3,162,5,0,0,0,sales,medium
1.0,5,157,4,0,0,0,sales,medium
0.8,5,184,3,0,0,0,sales,medium
0.65,5,164,4,0,0,0,sales,high
0.76,2,286,5,0,0,0,sales,low
0.24,3,92,4,0,0,0,sales,medium
0.64,4,125,2,1,0,0,sales,medium
0.74,4,269,4,1,0,0,accounting,medium
0.87,4,173,6,0,0,0,accounting,medium
0.63,4,269,1,1,0,0,accounting,low
0.93,2,228,2,0,0,0,hr,low
1.0,3,211,3,0,0,0,hr,low
1.0,3,191,3,0,0,0,hr,low
0.42,3,250,5,0,0,0,hr,low
0.82,6,223,1,0,0,0,technical,low
0.65,3,224,4,1,0,0,technical,low
0.71,2,101,4,0,0,0,technical,low
0.74,3,160,4,1,0,0,technical,medium
0.61,5,236,5,0,0,0,technical,medium
0.82,3,120,1,0,0,0,technical,medium
1.0,5,148,1,0,0,0,technical,medium
0.89,4,150,5,0,0,0,technical,medium
0.43,2,204,5,0,0,0,technical,medium
0.43,3,247,2,0,0,0,technical,medium
0.75,3,180,3,0,0,0,technical,medium
0.84,5,183,4,0,0,0,support,medium
1.0,6,183,3,0,0,0,support,medium
0.97,4,258,3,0,0,0,support,medium
0.9,4,243,1,0,0,0,support,medium
0.62,4,106,4,0,0,0,support,medium
1.0,3,262,2,1,0,0,support,medium
0.94,2,216,3,0,0,0,support,medium
0.92,3,128,2,0,0,0,support,medium
0.59,4,254,3,0,0,0,support,medium
0.88,3,189,5,0,0,0,support,medium
0.89,3,204,4,0,0,0,support,medium
0.32,3,82,5,0,0,0,technical,medium
0.31,5,212,3,0,0,0,technical,medium
0.5,4,200,3,0,0,0,technical,medium
1.0,4,272,4,0,0,0,management,medium
0.91,3,232,1,1,0,0,IT,medium
0.31,4,78,7,0,0,0,IT,medium
0.66,6,295,4,0,0,0,IT,high
0.6,6,130,3,0,0,0,IT,high
0.6,4,253,3,1,0,0,IT,high
0.41,2,170,3,0,0,0,product_mng,high
0.92,3,156,1,0,0,0,product_mng,high
0.54,5,184,4,0,0,0,product_mng,high
0.66,3,124,6,1,0,0,product_mng,high
0.57,2,226,2,0,0,0,IT,high
0.86,3,204,2,0,0,0,RandD,high
0.76,3,171,5,0,0,0,RandD,high
0.98,5,101,4,0,0,0,RandD,high
0.56,3,323,3,0,0,0,RandD,high
0.91,5,103,6,0,0,0,RandD,low
0.76,3,152,1,0,0,0,RandD,low
0.37,4,160,2,0,0,0,marketing,low
0.97,4,152,3,0,0,0,sales,low
1.0,4,240,3,0,0,0,accounting,low
0.79,4,222,1,0,0,0,support,low
1.0,2,221,2,0,0,0,technical,low
0.67,7,238,6,1,0,0,management,low
0.61,3,203,4,0,0,0,marketing,low
0.85,3,168,4,0,0,0,marketing,low
0.57,6,285,4,0,0,0,marketing,low
0.51,5,105,4,1,0,0,sales,low
1.0,6,161,4,1,0,0,sales,low
0.59,3,174,3,0,0,0,sales,low
1.0,3,128,4,0,0,0,sales,low
1.0,2,268,3,1,0,0,sales,medium
0.56,2,122,3,0,0,0,sales,medium
0.27,5,166,5,0,0,0,sales,medium
0.33,2,275,4,0,0,0,sales,medium
0.64,5,207,2,1,0,0,sales,medium
0.96,3,197,2,0,0,0,sales,medium
0.62,2,318,1,0,0,0,sales,medium
0.84,4,241,2,0,0,0,sales,medium
0.93,3,174,2,0,0,0,sales,medium
0.38,4,131,3,0,0,0,sales,medium
0.33,4,240,1,0,0,0,sales,medium
0.87,2,199,5,0,0,0,sales,medium
0.72,3,264,3,0,0,0,sales,high
0.64,5,141,4,1,0,0,sales,high
0.85,2,235,2,0,0,0,sales,high
0.7,1,141,2,0,0,0,accounting,high
0.7,3,159,5,0,0,0,accounting,high
0.69,7,164,3,1,0,0,accounting,high
1.0,2,220,2,1,0,0,hr,high
0.84,5,142,1,0,0,0,hr,high
0.96,4,231,3,0,0,0,hr,low
0.89,6,296,4,0,0,0,hr,low
0.42,9,283,1,0,0,0,technical,low
0.42,6,73,2,0,0,0,technical,low
0.73,4,256,5,1,0,0,technical,low
0.5,2,252,4,0,0,0,technical,low
0.99,2,220,2,0,0,0,technical,low
0.69,4,138,4,0,0,0,technical,low
0.78,3,174,7,0,0,0,technical,medium
0.54,4,179,8,0,0,0,technical,medium
0.76,1,150,1,0,0,0,technical,medium
0.85,4,248,2,0,0,0,technical,medium
0.91,4,158,4,0,0,0,technical,medium
1.0,4,155,3,1,0,0,support,medium
0.87,2,269,2,1,0,0,support,medium
0.55,1,195,2,0,0,0,support,medium
0.7,7,167,3,0,0,0,support,medium
0.4,5,261,2,0,0,0,support,medium
0.59,6,221,4,0,0,0,support,medium
0.54,5,230,3,0,0,0,support,medium
0.73,5,212,3,0,0,0,support,medium
0.97,3,275,4,0,0,0,support,medium
0.8,4,160,2,0,0,0,support,medium
0.61,6,128,5,0,0,0,support,medium
0.79,5,176,2,0,0,0,technical,medium
0.64,2,187,2,0,0,0,technical,medium
0.82,5,201,1,0,0,0,technical,medium
0.63,5,225,3,1,0,0,management,medium
0.58,4,168,4,0,0,0,IT,medium
0.77,4,155,3,0,0,0,IT,medium
0.88,3,141,2,0,0,0,IT,medium
0.34,7,119,4,0,0,0,IT,high
1.0,4,98,2,0,0,0,IT,low
0.59,2,229,3,1,0,0,product_mng,medium
0.72,2,218,5,0,0,0,product_mng,medium
0.7,7,158,4,0,0,0,product_mng,medium
0.97,5,195,1,0,0,0,product_mng,medium
0.78,5,294,6,0,0,0,IT,medium
1.0,4,221,5,0,0,0,RandD,medium
0.53,4,172,3,0,0,0,RandD,medium
0.89,5,256,6,0,0,0,RandD,medium
0.88,4,188,5,0,0,0,RandD,medium
0.98,3,192,3,0,0,0,RandD,medium
0.58,4,216,1,0,0,0,marketing,low
0.92,4,162,4,1,0,0,sales,low
0.72,5,185,1,0,0,0,accounting,low
0.4,4,105,3,1,0,0,support,low
0.66,3,163,2,0,0,0,technical,low
0.68,2,198,3,0,0,0,management,low
0.53,3,257,2,0,0,0,marketing,low
0.71,3,241,1,0,0,0,marketing,high
0.44,2,298,3,0,0,0,marketing,low
0.79,2,196,5,1,0,0,sales,high
0.49,3,260,4,0,0,0,sales,high
0.9,4,299,2,0,0,0,sales,low
0.92,3,155,4,0,0,0,sales,low
0.65,5,110,2,0,0,0,sales,high
0.73,7,288,3,0,0,0,sales,low
0.84,4,197,2,0,0,0,sales,medium
0.96,4,237,2,0,0,0,sales,high
0.7,3,239,4,0,0,0,sales,medium
0.46,3,160,3,0,0,0,sales,medium
0.38,1,80,3,0,0,0,sales,medium
0.65,5,187,3,0,0,0,sales,medium
0.41,4,243,2,0,0,0,sales,high
0.91,5,98,3,0,0,0,sales,medium
0.58,4,210,2,1,0,0,sales,medium
0.67,4,128,2,0,0,0,sales,medium
0.46,4,219,3,0,0,0,sales,high
0.41,2,237,1,0,0,0,sales,medium
0.94,3,315,2,0,0,0,sales,high
0.74,4,193,2,0,0,0,accounting,low
1.0,3,164,5,1,0,0,accounting,medium
0.4,5,246,4,0,0,0,accounting,medium
0.37,4,189,3,0,0,0,hr,medium
0.84,3,220,2,0,0,0,hr,medium
0.63,4,266,3,0,0,0,hr,low
0.54,6,263,4,1,0,0,hr,low
0.42,4,108,4,0,0,0,technical,low
0.62,4,197,2,0,0,0,technical,low
0.42,2,152,3,0,0,0,technical,low
0.39,3,100,4,0,0,0,technical,low
0.66,6,187,3,0,0,0,technical,low
0.42,3,102,3,1,0,0,technical,low
0.45,3,103,3,0,0,0,technical,low
0.56,6,122,1,1,0,0,technical,low
0.39,4,296,3,0,0,0,technical,high
0.77,5,199,2,0,0,0,technical,low
0.74,3,168,4,1,0,0,technical,low
0.68,4,299,5,0,0,0,support,low
0.7,4,312,1,1,0,0,support,low
0.7,7,288,3,0,0,0,support,high
0.62,4,149,2,0,0,0,support,low
0.75,3,247,2,1,0,0,support,low
0.7,4,218,4,0,0,0,support,low
0.77,3,242,1,1,0,0,support,high
0.36,4,160,3,0,0,0,support,low
0.94,6,252,6,1,0,0,support,medium
0.41,5,280,2,0,0,0,support,high
0.69,5,215,4,0,0,0,support,medium
0.55,4,177,3,0,0,0,technical,high
0.47,3,168,5,0,0,0,technical,medium
0.77,3,172,5,0,0,0,technical,medium
0.89,4,204,3,0,0,0,management,medium
0.81,6,121,6,0,0,0,IT,medium
0.94,3,222,2,0,0,0,IT,medium
0.75,3,128,5,1,0,0,IT,medium
0.51,4,105,2,0,0,0,IT,medium
1.0,3,282,2,0,0,0,IT,medium
0.6,4,295,3,0,0,0,product_mng,high
0.64,4,239,4,0,0,0,product_mng,low
0.43,3,234,2,0,0,0,product_mng,medium
0.72,3,294,5,0,0,0,product_mng,medium
0.97,4,152,2,0,0,0,IT,medium
0.5,7,225,5,0,0,0,RandD,medium
0.42,6,160,2,1,0,0,RandD,medium
0.79,5,232,3,0,0,0,RandD,medium
1.0,5,281,2,0,0,0,RandD,medium
0.39,5,271,5,0,0,0,RandD,medium
0.9,2,198,2,1,0,0,marketing,medium
0.71,4,315,5,0,0,0,marketing,high
0.65,2,173,3,0,0,0,sales,low
0.52,5,136,1,0,0,0,accounting,low
0.33,5,143,3,0,0,0,support,low
0.9,6,153,2,1,0,0,technical,high
0.56,5,193,2,0,0,0,management,low
0.63,5,220,2,0,0,0,marketing,low
0.57,3,139,4,0,0,0,marketing,low
1.0,4,172,2,0,0,0,marketing,high
0.52,4,274,2,0,0,0,sales,low
1.0,6,252,3,0,0,0,sales,low
0.78,5,167,4,0,0,0,sales,low
0.87,5,122,2,1,0,0,sales,low
0.75,5,186,2,1,0,0,sales,low
0.6,4,174,4,0,0,0,sales,low
0.89,5,295,4,1,0,0,sales,low
1.0,3,289,5,1,0,0,sales,medium
0.54,5,163,5,1,0,0,sales,medium
0.9,4,129,2,0,0,0,sales,medium
0.51,4,236,3,0,0,0,sales,medium
0.71,3,190,2,0,0,0,sales,medium
0.71,5,267,2,0,0,0,sales,medium
0.88,3,275,2,1,0,0,sales,medium
0.8,3,233,4,0,0,0,sales,medium
0.73,3,173,4,0,0,0,sales,medium
0.5,3,140,3,0,0,0,sales,medium
0.98,3,135,3,0,0,0,sales,medium
0.74,3,162,2,0,0,0,sales,medium
0.68,2,321,1,1,0,0,accounting,high
0.97,5,261,1,0,0,0,accounting,low
0.46,4,199,5,0,0,0,accounting,medium
0.86,5,227,4,0,0,0,hr,medium
1.0,6,214,5,0,0,0,hr,medium
0.87,3,278,1,0,0,0,hr,medium
0.91,4,231,1,0,0,0,hr,low
1.0,4,241,1,0,0,0,technical,low
0.95,4,293,4,0,0,0,technical,low
0.67,4,248,4,0,0,0,technical,low
0.91,4,215,2,1,0,0,technical,low
1.0,2,116,6,1,0,0,technical,low
0.54,3,343,3,0,0,0,technical,low
0.87,5,201,3,0,0,0,technical,low
0.53,4,143,4,0,0,0,technical,low
0.63,7,190,6,0,0,0,technical,low
0.67,5,102,2,0,0,0,technical,low
0.73,4,181,2,0,0,0,technical,low
0.65,6,279,3,0,0,0,support,low
0.6,6,195,2,0,0,0,support,low
0.47,2,64,3,1,0,0,support,low
0.43,4,163,2,0,0,0,support,low
0.74,3,212,6,0,0,0,support,low
0.51,6,210,3,0,0,0,support,low
0.54,4,270,2,0,0,0,support,low
0.71,4,223,2,0,0,0,support,low
0.74,4,224,1,1,0,0,support,low
0.43,3,189,2,1,0,0,support,medium
0.54,2,185,2,0,0,0,support,medium
0.68,2,210,4,0,0,0,technical,medium
0.94,2,179,4,1,0,0,technical,medium
1.0,5,231,3,0,0,0,technical,medium
0.65,5,205,1,1,0,0,management,medium
0.84,2,195,1,0,0,0,IT,medium
0.67,2,112,3,0,0,0,IT,medium
1.0,2,188,4,0,0,0,IT,medium
0.59,3,210,2,0,0,0,IT,medium
0.91,3,220,2,0,0,0,IT,medium
0.67,6,125,1,0,0,0,product_mng,medium
0.68,3,290,4,0,0,0,product_mng,high
0.68,4,50,2,1,0,0,product_mng,low
0.74,4,247,1,0,0,0,product_mng,medium
0.9,1,155,3,0,0,0,IT,medium
0.88,4,144,5,1,0,0,RandD,medium
0.9,3,249,1,0,0,0,RandD,medium
0.71,4,240,5,0,0,0,RandD,low
0.58,3,138,4,0,0,0,RandD,low
0.8,5,229,1,1,0,0,RandD,low
0.42,4,183,4,0,0,0,marketing,low
0.5,4,303,1,0,0,0,sales,low
0.6,6,174,2,0,0,0,accounting,low
0.44,1,96,2,0,0,0,support,low
0.96,4,271,4,0,0,0,technical,low
0.62,3,228,5,0,0,0,management,low
0.91,4,269,2,1,0,0,marketing,low
1.0,3,154,5,1,0,0,marketing,low
0.52,4,193,1,0,0,0,marketing,low
0.69,4,226,5,0,0,0,sales,low
0.73,5,150,6,1,0,0,sales,low
0.69,2,240,5,0,0,0,sales,low
0.65,3,230,2,0,0,0,sales,low
0.92,3,138,5,0,0,0,sales,low
0.36,4,163,1,1,0,0,sales,low
0.7,2,242,3,0,0,0,sales,low
0.8,3,150,3,0,0,0,sales,low
0.45,6,303,4,0,0,0,sales,low
0.66,6,254,4,0,0,0,sales,medium
0.27,3,246,3,0,0,0,sales,medium
0.55,5,255,5,0,0,0,sales,medium
0.7,4,197,3,0,0,0,sales,medium
0.89,3,151,5,0,0,0,sales,medium
0.71,3,258,3,0,0,0,sales,medium
0.96,3,204,2,0,0,0,sales,medium
0.64,4,244,4,0,0,0,sales,medium
0.54,5,187,1,0,0,0,sales,medium
0.64,3,164,2,0,0,0,sales,medium
0.68,6,189,5,0,0,0,accounting,medium
0.61,3,208,3,0,0,0,accounting,medium
0.97,5,226,3,0,0,0,accounting,high
0.77,5,88,2,0,0,0,hr,low
0.79,2,238,1,0,0,0,hr,medium
0.69,3,230,3,0,0,0,hr,medium
0.78,4,144,2,0,0,0,hr,medium
1.0,6,113,6,0,0,0,technical,medium
1.0,5,169,4,0,0,0,technical,low
0.58,5,191,4,0,0,0,technical,low
0.89,4,295,3,1,0,0,technical,low
0.75,3,131,4,0,0,0,technical,low
0.72,3,119,4,1,0,0,technical,low
0.28,2,194,2,1,0,0,technical,low
1.0,3,290,3,0,0,0,technical,low
0.41,2,98,3,0,0,0,technical,low
0.6,4,237,1,0,0,0,technical,low
0.66,3,274,2,0,0,0,technical,low
0.89,4,136,5,0,0,0,support,low
0.78,4,253,3,0,0,0,support,low
0.52,3,261,2,0,0,0,support,low
0.55,3,197,2,0,0,0,support,low
0.46,4,199,2,0,0,0,support,low
0.79,3,279,3,0,0,0,support,low
1.0,4,201,6,1,0,0,support,low
0.54,5,209,1,0,0,0,support,low
0.8,4,216,3,0,0,0,support,low
0.57,5,164,2,0,0,0,support,low
0.33,4,252,3,0,0,0,support,low
1.0,2,180,2,1,0,0,technical,medium
0.5,5,163,3,0,0,0,technical,medium
0.51,4,119,2,0,0,0,technical,medium
0.72,5,81,3,0,0,0,management,medium
0.64,5,294,5,1,0,0,IT,medium
0.52,2,118,1,0,0,0,IT,medium
0.96,2,297,7,0,0,0,IT,medium
0.69,3,190,4,1,0,0,IT,medium
0.52,4,236,4,1,0,0,IT,medium
0.3,3,55,4,0,0,0,product_mng,medium
0.85,6,244,2,0,0,0,product_mng,medium
0.93,6,179,1,1,0,0,product_mng,medium
0.93,3,130,4,0,0,0,product_mng,high
0.52,4,243,2,1,0,0,IT,low
0.82,5,121,2,0,0,0,RandD,medium
0.6,2,104,6,0,0,0,RandD,medium
0.57,2,239,2,1,0,0,RandD,medium
1.0,3,172,4,1,0,0,RandD,medium
0.8,2,110,2,0,0,0,RandD,low
0.91,3,153,3,0,0,0,marketing,low
0.7,3,180,3,0,0,0,sales,low
0.81,5,270,5,1,0,0,accounting,low
0.82,4,114,4,0,0,0,support,low
0.36,4,120,1,1,0,0,technical,low
0.88,5,179,4,0,0,0,management,low
0.71,3,150,4,0,0,0,marketing,low
1.0,4,156,3,0,0,0,marketing,low
0.76,5,206,4,0,0,0,marketing,low
0.44,2,194,4,0,0,0,sales,low
1.0,3,113,4,0,0,0,sales,low
0.72,3,233,1,0,0,0,sales,low
0.75,3,305,2,0,0,0,sales,low
0.89,5,130,3,0,0,0,sales,low
1.0,4,105,6,0,0,0,sales,low
0.56,5,233,4,1,0,0,sales,low
0.68,5,245,2,0,0,0,sales,low
0.98,4,234,3,0,0,0,sales,medium
0.72,4,198,3,0,0,0,sales,medium
0.51,4,261,3,0,0,0,sales,medium
0.47,5,192,3,0,0,0,sales,medium
0.81,3,202,3,0,0,0,sales,medium
0.7,4,246,2,0,0,0,sales,medium
0.75,6,178,5,0,0,0,sales,medium
0.85,3,246,3,1,0,0,sales,medium
0.71,7,300,5,1,0,0,sales,medium
0.79,4,204,3,1,0,0,sales,medium
0.48,3,204,2,0,0,0,sales,medium
0.51,2,128,3,0,0,0,accounting,medium
0.46,4,227,2,0,0,0,accounting,high
0.65,5,231,4,0,0,0,accounting,low
1.0,5,189,3,0,0,0,hr,medium
0.93,4,223,4,0,0,0,hr,medium
0.87,5,320,3,0,0,0,hr,medium
0.84,3,154,4,0,0,0,hr,medium
0.58,4,290,4,1,0,0,technical,low
0.84,4,157,3,1,0,0,technical,low
0.78,5,184,4,0,0,0,technical,low
0.83,5,270,3,0,0,0,technical,low
0.84,4,213,1,0,0,0,technical,low
0.65,3,197,4,0,0,0,technical,low
0.45,4,103,3,1,0,0,technical,low
0.94,3,129,4,0,0,0,technical,low
0.91,5,141,2,0,0,0,technical,low
0.63,5,69,1,0,0,0,technical,low
1.0,4,219,1,0,0,0,technical,low
0.49,4,175,1,0,0,0,support,low
0.89,4,276,2,1,0,0,support,low
0.68,5,272,5,0,0,0,support,low
0.9,2,225,5,0,0,0,support,low
0.9,3,189,3,0,0,0,support,low
1.0,2,112,5,0,0,0,support,low
0.65,3,174,5,0,0,0,support,low
0.71,2,229,2,0,0,0,support,low
0.83,5,209,6,0,0,0,support,low
0.99,5,130,2,0,0,0,support,low
0.31,2,203,2,0,0,0,support,medium
1.0,3,180,4,0,0,0,technical,medium
0.89,3,143,2,0,0,0,technical,medium
0.61,2,179,3,0,0,0,technical,medium
0.47,6,238,4,0,0,0,management,medium
0.91,6,161,1,0,0,0,IT,medium
1.0,4,90,3,1,0,0,IT,medium
0.72,4,194,2,1,0,0,IT,medium
0.85,6,242,2,0,0,0,IT,medium
0.59,2,156,3,0,0,0,IT,medium
0.81,4,226,3,0,0,0,product_mng,medium
0.99,6,315,2,0,0,0,product_mng,medium
0.39,4,180,5,0,0,0,product_mng,high
1.0,6,224,4,0,0,0,product_mng,low
1.0,5,199,1,0,0,0,IT,medium
0.32,3,258,2,0,0,0,RandD,medium
0.72,4,188,4,0,0,0,RandD,medium
0.52,6,194,4,0,0,0,RandD,medium
0.87,4,273,3,1,0,0,RandD,low
0.61,6,197,3,1,0,0,RandD,low
0.53,2,196,3,0,0,0,marketing,low
0.85,4,245,3,0,0,0,sales,low
1.0,7,217,5,0,0,0,accounting,low
0.93,3,239,4,1,0,0,support,low
0.81,3,273,2,1,0,0,technical,low
0.99,3,209,2,0,0,0,management,low
0.83,6,274,7,0,0,0,marketing,low
0.75,4,137,2,0,0,0,marketing,low
0.79,2,120,3,0,0,0,marketing,low
0.77,5,109,5,0,0,0,sales,low
0.61,2,203,2,1,0,0,sales,low
0.46,2,187,3,0,0,0,sales,low
0.95,4,163,3,0,0,0,sales,low
0.98,2,196,4,0,0,0,sales,low
1.0,4,268,1,0,0,0,sales,low
0.43,4,216,3,1,0,0,sales,low
0.67,3,156,2,0,0,0,sales,low
0.49,6,107,4,0,0,0,sales,low
0.84,3,94,2,0,0,0,sales,low
0.67,5,217,4,1,0,0,sales,medium
0.65,3,243,5,0,0,0,sales,medium
0.61,3,169,5,1,0,0,sales,medium
0.66,2,222,2,0,0,0,sales,medium
0.76,5,197,5,0,0,0,sales,medium
1.0,5,207,1,0,0,0,sales,medium
0.66,2,284,3,0,0,0,sales,medium
0.78,5,288,5,0,0,0,sales,medium
0.64,3,268,2,0,0,0,sales,medium
0.82,4,140,1,1,0,0,accounting,medium
0.59,4,135,2,0,0,0,accounting,medium
0.76,2,215,4,0,0,0,accounting,medium
0.35,3,231,2,0,0,0,hr,high
0.54,3,214,3,0,0,0,hr,low
0.43,4,240,3,0,0,0,hr,medium
0.87,2,164,3,1,0,0,hr,medium
0.84,1,171,1,0,0,0,technical,medium
0.68,3,264,1,0,0,0,technical,medium
0.64,3,182,1,1,0,0,technical,low
0.87,2,276,1,0,0,0,technical,low
0.85,1,141,5,0,0,0,technical,low
0.52,4,281,2,0,0,0,technical,low
0.59,5,113,5,0,0,0,technical,low
0.75,6,321,4,0,0,0,technical,low
0.5,3,127,1,0,0,0,technical,low
0.53,3,202,1,0,0,0,technical,low
0.97,4,241,3,0,0,0,technical,medium
0.58,6,188,3,0,0,0,support,medium
0.8,4,209,7,0,0,0,support,medium
0.66,3,197,7,0,0,0,support,medium
0.92,4,219,4,0,0,0,support,medium
0.71,3,97,1,0,0,0,support,medium
0.48,6,195,4,0,0,0,support,medium
0.61,4,182,2,0,0,0,support,medium
0.66,2,258,4,0,0,0,support,medium
0.86,4,252,3,0,0,0,support,medium
0.65,4,199,2,0,0,0,support,medium
0.9,6,237,4,0,0,0,support,medium
0.99,3,152,4,0,0,0,technical,medium
1.0,4,159,4,0,0,0,technical,medium
0.79,2,265,4,0,0,0,technical,medium
0.53,5,131,2,0,0,0,management,medium
0.69,4,309,1,0,0,0,IT,medium
0.79,4,175,2,0,0,0,IT,medium
0.46,3,175,2,1,0,0,IT,medium
0.96,3,208,1,0,0,0,IT,medium
0.92,3,197,2,0,0,0,IT,medium
0.82,3,136,3,1,0,0,product_mng,medium
0.77,2,155,1,1,0,0,product_mng,medium
0.42,2,196,5,0,0,0,product_mng,medium
0.88,4,152,2,0,0,0,product_mng,medium
0.66,2,263,3,0,0,0,IT,high
0.77,4,136,2,0,0,0,RandD,high
1.0,3,190,1,0,0,0,RandD,high
0.42,3,113,3,1,0,0,RandD,high
0.68,5,229,3,0,0,0,RandD,high
1.0,5,219,3,0,0,0,RandD,high
0.72,3,269,2,0,0,0,marketing,high
0.71,3,203,3,0,0,0,sales,high
0.69,5,308,3,0,0,0,accounting,high
0.6,2,228,4,0,0,0,support,high
1.0,4,198,3,0,0,0,technical,high
0.79,4,211,2,0,0,0,management,high
0.46,3,194,2,0,0,0,marketing,low
0.83,2,153,3,1,0,0,marketing,low
0.7,1,157,4,0,0,0,marketing,low
0.47,3,142,4,0,0,0,sales,low
0.91,4,228,3,0,0,0,sales,low
0.4,4,110,5,0,0,0,sales,low
0.19,4,224,1,1,0,0,sales,low
0.93,1,144,4,0,0,0,sales,low
0.88,4,229,3,0,0,0,sales,low
0.88,2,203,3,0,0,0,sales,low
0.68,3,93,1,0,0,0,sales,low
0.67,3,237,5,0,0,0,sales,low
0.84,4,195,3,0,0,0,sales,low
0.74,3,191,3,0,0,0,sales,low
0.93,5,201,4,0,0,0,sales,low
1.0,5,250,4,0,0,0,sales,medium
0.79,3,236,3,1,0,0,sales,medium
0.54,3,185,2,1,0,0,sales,medium
0.65,3,170,4,0,0,0,sales,medium
0.56,4,189,4,1,0,0,sales,medium
0.54,3,137,3,1,0,0,sales,medium
0.29,4,241,4,0,0,0,sales,medium
0.9,4,163,4,0,0,0,accounting,medium
0.68,3,226,3,0,0,0,accounting,medium
1.0,5,263,3,0,0,0,accounting,medium
1.0,1,132,2,0,0,0,hr,medium
0.65,3,196,4,0,0,0,hr,medium
0.79,3,140,3,0,0,0,hr,high
0.93,4,247,5,1,0,0,hr,high
0.58,6,223,3,0,0,0,technical,high
0.63,4,103,3,0,0,0,technical,high
0.85,2,138,4,0,0,0,technical,high
0.89,6,349,2,0,0,0,technical,high
0.65,2,231,5,0,0,0,technical,high
0.62,4,279,3,0,0,0,technical,high
0.83,3,263,2,0,0,0,technical,low
0.93,4,179,4,0,0,0,technical,low
0.69,3,242,1,1,0,0,technical,low
0.89,5,332,2,0,0,0,technical,low
0.65,4,177,4,1,0,0,technical,low
0.93,3,250,4,0,0,0,support,low
0.81,6,125,3,0,0,0,support,low
0.54,2,180,4,0,0,0,support,low
0.67,5,315,2,0,0,0,support,medium
0.59,5,242,1,0,0,0,support,medium
0.57,6,197,4,0,0,0,support,medium
0.58,4,109,2,0,0,0,support,medium
0.88,5,228,3,0,0,0,support,medium
0.74,5,259,4,1,0,0,support,medium
0.54,3,123,3,0,0,0,support,medium
0.91,6,253,3,0,0,0,support,medium
0.89,4,185,4,1,0,0,technical,medium
0.91,4,185,2,0,0,0,technical,medium
0.36,5,239,2,0,0,0,technical,medium
0.84,5,179,3,1,0,0,management,medium
0.78,5,229,2,0,0,0,IT,medium
0.82,3,197,2,0,0,0,IT,medium
0.7,3,155,4,0,0,0,IT,medium
0.63,4,140,1,0,0,0,IT,medium
0.54,4,165,4,0,0,0,IT,medium
0.85,2,102,4,0,0,0,product_mng,medium
0.75,4,279,1,0,0,0,product_mng,medium
0.43,3,198,5,0,0,0,product_mng,medium
0.95,2,276,2,0,0,0,product_mng,medium
0.65,3,275,2,0,0,0,IT,medium
0.56,4,203,3,0,0,0,RandD,medium
0.76,4,206,1,1,0,0,RandD,high
0.79,2,181,3,0,0,0,RandD,low
0.5,4,216,3,1,0,0,RandD,medium
0.52,4,287,4,0,0,0,RandD,medium
0.52,4,235,5,0,0,0,marketing,medium
0.68,3,183,1,0,0,0,sales,medium
0.72,6,304,5,1,0,0,accounting,medium
0.9,2,246,6,0,0,0,support,medium
0.41,5,200,2,0,0,0,technical,medium
0.32,4,142,3,1,0,0,management,medium
0.65,4,203,2,0,0,0,marketing,medium
0.57,4,207,1,0,0,0,marketing,medium
0.91,7,268,5,0,0,0,marketing,low
0.46,3,166,2,0,0,0,sales,low
0.62,3,139,2,0,0,0,sales,low
0.68,4,190,1,1,0,0,sales,low
0.6,5,209,6,0,0,0,sales,low
0.27,2,159,3,0,0,0,sales,low
0.52,2,216,3,0,0,0,sales,low
0.34,3,286,4,0,0,0,sales,high
0.84,4,230,2,1,0,0,sales,low
0.64,4,112,1,0,0,0,sales,high
0.56,6,187,6,0,0,0,sales,high
0.6,2,203,2,0,0,0,sales,low
1.0,6,225,3,1,0,0,sales,low
0.84,2,170,6,1,0,0,sales,high
0.77,6,237,3,0,0,0,sales,low
0.53,6,255,3,0,0,0,sales,medium
0.84,5,268,3,0,0,0,sales,high
0.58,3,174,2,0,0,0,sales,medium
0.34,2,216,1,0,0,0,sales,medium
0.57,2,186,4,0,0,0,sales,medium
0.57,5,231,4,0,0,0,accounting,medium
0.94,3,216,3,1,0,0,accounting,high
0.75,4,198,1,0,0,0,accounting,medium
0.76,3,175,3,0,0,0,hr,medium
0.91,2,188,2,1,0,0,hr,medium
0.52,4,225,4,1,0,0,hr,high
0.51,4,237,3,1,0,0,hr,medium
0.72,2,251,4,0,0,0,technical,high
0.57,3,241,2,0,0,0,technical,low
0.82,4,240,6,0,0,0,technical,medium
0.43,4,188,4,0,0,0,technical,medium
0.49,4,226,5,0,0,0,technical,medium
0.61,5,277,2,0,0,0,technical,medium
1.0,5,177,7,0,0,0,technical,low
0.82,4,310,2,1,0,0,technical,low
0.75,3,161,1,0,0,0,technical,low
0.5,4,287,1,0,0,0,technical,low
0.74,3,184,2,0,0,0,technical,low
0.86,1,222,2,1,0,0,support,low
1.0,3,177,6,1,0,0,support,low
0.39,5,212,3,0,0,0,support,low
0.86,4,168,4,1,0,0,support,low
0.44,2,316,7,0,0,0,support,low
0.7,5,246,1,0,0,0,support,high
0.74,3,173,3,1,0,0,support,low
0.61,4,199,5,1,0,0,support,low
0.8,3,165,4,0,0,0,support,low
0.93,4,249,1,0,0,0,support,low
0.77,3,238,1,1,0,0,support,high
0.86,3,169,1,0,0,0,technical,low
0.5,2,225,5,0,0,0,technical,low
0.53,6,224,5,1,0,0,technical,low
0.82,2,142,3,1,0,0,management,high
0.62,4,231,3,0,0,0,IT,low
0.95,2,183,2,0,0,0,IT,medium
0.76,3,180,3,0,0,0,IT,high
0.75,4,312,2,0,0,0,IT,medium
0.74,2,152,3,0,0,0,IT,high
0.81,1,271,1,0,0,0,product_mng,medium
0.5,5,92,6,0,0,0,product_mng,medium
0.64,3,270,2,0,0,0,product_mng,medium
0.55,3,165,5,0,0,0,product_mng,medium
0.86,3,262,4,0,0,0,IT,medium
0.85,3,96,4,0,0,0,RandD,medium
0.29,3,139,4,0,0,0,RandD,medium
0.59,3,227,3,0,0,0,RandD,medium
0.74,3,115,3,1,0,0,RandD,high
0.97,4,134,2,0,0,0,RandD,low
0.82,4,245,3,0,0,0,marketing,medium
0.58,3,179,5,0,0,0,sales,medium
0.88,5,215,3,1,0,0,accounting,medium
0.72,4,144,3,1,0,0,support,medium
0.8,2,143,1,0,0,0,technical,medium
0.77,4,139,3,0,0,0,management,medium
0.38,2,146,3,0,0,0,marketing,medium
0.88,2,161,3,0,0,0,marketing,medium
0.93,3,179,1,1,0,0,marketing,medium
0.55,4,260,1,0,0,0,sales,high
1.0,2,187,2,0,0,0,sales,low
1.0,4,231,2,1,0,0,sales,low
0.73,5,170,3,0,0,0,sales,low
0.7,4,64,2,0,0,0,sales,high
0.41,4,138,3,0,0,0,sales,low
0.94,6,231,2,0,0,0,sales,low
0.65,2,272,2,0,0,0,sales,low
0.75,4,167,7,0,0,0,sales,high
0.72,3,244,5,0,0,0,sales,low
0.77,5,194,3,0,0,0,sales,low
0.66,5,172,5,0,0,0,sales,low
0.25,2,250,4,0,0,0,sales,low
0.82,3,205,4,0,0,0,sales,low
0.84,3,178,4,0,0,0,sales,low
0.61,2,285,1,0,0,0,sales,low
1.0,6,175,4,0,0,0,sales,medium
0.39,4,193,3,0,0,0,sales,medium
0.78,3,188,7,0,0,0,sales,medium
1.0,4,350,4,0,0,0,accounting,medium
0.63,6,215,4,1,0,0,accounting,medium
0.62,4,143,6,0,0,0,accounting,medium
0.75,3,238,2,0,0,0,hr,medium
0.66,4,238,3,0,0,0,hr,medium
0.61,4,227,4,0,0,0,hr,medium
1.0,4,110,7,0,0,0,hr,medium
0.3,3,148,2,0,0,0,technical,medium
0.87,4,166,2,0,0,0,technical,medium
0.8,3,252,2,0,0,0,technical,high
0.95,3,185,4,0,0,0,technical,low
0.78,3,162,2,0,0,0,technical,medium
0.72,4,107,4,0,0,0,technical,medium
0.72,4,284,6,0,0,0,technical,medium
0.89,3,197,5,0,0,0,technical,medium
0.95,5,147,4,0,0,0,technical,low
0.77,5,188,5,0,0,0,technical,low
0.61,5,216,5,0,0,0,technical,low
1.0,4,150,4,0,0,0,support,low
0.83,5,232,2,1,0,0,support,low
0.65,4,252,4,0,0,0,support,low
0.42,6,103,3,0,0,0,support,low
0.32,3,321,4,0,0,0,support,low
0.66,4,227,5,1,0,0,support,low
0.43,4,222,5,1,0,0,support,low
0.64,2,262,4,0,0,0,support,low
0.84,3,220,2,0,0,0,support,low
0.77,4,86,1,0,0,0,support,low
0.45,1,250,3,0,0,0,support,low
0.93,5,233,2,1,0,0,technical,low
1.0,3,289,4,0,0,0,technical,low
0.67,3,250,3,0,0,0,technical,low
1.0,3,179,3,1,0,0,management,low
0.93,7,177,3,1,0,0,IT,low
0.67,2,180,6,1,0,0,IT,low
0.72,4,82,4,0,0,0,IT,low
0.79,4,102,2,0,0,0,IT,medium
0.9,3,278,4,0,0,0,IT,medium
0.88,5,271,2,1,0,0,product_mng,medium
0.91,4,155,1,1,0,0,product_mng,medium
0.44,4,156,2,0,0,0,product_mng,medium
1.0,3,273,5,0,0,0,product_mng,medium
0.98,4,278,4,0,0,0,IT,medium
0.94,4,237,6,0,0,0,RandD,medium
0.96,2,160,4,1,0,0,RandD,medium
0.77,5,281,4,0,0,0,RandD,medium
0.44,4,170,2,0,0,0,RandD,medium
0.36,4,103,5,1,0,0,RandD,medium
0.97,3,197,1,0,0,0,marketing,high
0.79,6,193,1,0,0,0,sales,low
0.58,3,179,2,1,0,0,accounting,medium
0.99,3,208,6,0,0,0,support,medium
0.74,6,208,2,0,0,0,technical,medium
0.6,4,226,6,0,0,0,management,medium
0.33,3,161,5,0,0,0,marketing,low
0.8,5,321,5,0,0,0,marketing,low
0.74,4,191,3,0,0,0,marketing,low
0.88,4,174,1,0,0,0,sales,low
0.7,5,190,3,0,0,0,sales,low
0.77,3,291,6,0,0,0,sales,low
0.59,4,198,4,0,0,0,sales,low
0.93,4,161,6,0,0,0,sales,low
0.82,3,163,4,0,0,0,sales,low
0.65,4,188,2,1,0,0,sales,low
0.81,3,159,3,0,0,0,sales,low
0.49,6,252,5,0,0,0,sales,low
0.66,5,250,5,1,0,0,sales,low
0.88,3,204,1,0,0,0,sales,low
0.64,4,243,3,0,0,0,sales,low
0.65,5,198,2,0,0,0,sales,low
0.61,4,133,2,0,0,0,sales,low
0.58,5,268,3,0,0,0,sales,low
0.69,3,234,3,0,0,0,sales,low
0.7,2,163,4,0,0,0,sales,low
0.44,2,228,2,1,0,0,sales,low
0.52,3,120,1,0,0,0,sales,medium
0.8,3,221,4,0,0,0,accounting,medium
0.59,4,146,6,0,0,0,accounting,medium
0.37,2,271,2,0,0,0,accounting,medium
0.88,1,108,2,0,0,0,hr,medium
0.74,4,281,3,0,0,0,hr,medium
0.4,3,217,5,0,0,0,hr,medium
0.55,3,257,2,1,0,0,hr,medium
0.67,6,150,4,0,0,0,technical,medium
0.63,5,262,6,0,0,0,technical,medium
0.32,3,166,3,0,0,0,technical,medium
0.48,3,163,3,1,0,0,technical,medium
0.74,4,327,2,0,0,0,technical,high
0.96,4,202,4,1,0,0,technical,low
0.78,1,299,2,0,0,0,technical,medium
0.52,3,151,3,0,0,0,technical,medium
0.79,2,267,4,0,0,0,technical,medium
0.95,4,191,2,0,0,0,technical,medium
0.46,7,179,5,1,0,0,technical,low
0.64,3,248,1,0,0,0,support,low
0.77,4,291,1,0,0,0,support,low
0.56,3,225,3,1,0,0,support,low
0.8,5,138,1,1,0,0,support,low
0.83,1,164,3,0,0,0,support,low
0.81,4,87,4,0,0,0,support,low
0.66,4,180,4,0,0,0,support,low
1.0,6,236,2,0,0,0,support,low
0.83,3,153,5,0,0,0,support,low
0.64,7,237,1,0,0,0,support,low
0.55,2,195,4,0,0,0,support,low
0.29,3,274,5,0,0,0,technical,low
0.87,4,292,1,1,0,0,technical,low
0.62,4,171,3,0,0,0,technical,low
0.51,2,118,2,0,0,0,management,low
0.85,6,147,2,1,0,0,IT,low
0.9,1,239,6,0,0,0,IT,low
0.84,4,317,6,0,0,0,IT,low
0.94,4,216,3,0,0,0,IT,low
0.68,5,228,3,1,0,0,IT,low
0.62,5,223,6,0,0,0,product_mng,medium
0.92,3,129,4,0,0,0,product_mng,medium
1.0,2,209,4,0,0,0,product_mng,medium
0.75,2,211,3,1,0,0,product_mng,medium
0.55,4,196,2,0,0,0,IT,medium
0.39,3,167,2,0,0,0,RandD,medium
0.42,4,169,5,1,0,0,RandD,medium
0.31,4,215,1,0,0,0,RandD,medium
0.45,5,206,5,1,0,0,RandD,medium
0.88,2,153,1,0,0,0,RandD,medium
0.69,3,213,3,0,0,0,marketing,medium
0.79,2,97,1,0,0,0,sales,medium
1.0,4,160,4,0,0,0,accounting,high
0.56,6,242,4,0,0,0,support,low
0.96,4,329,3,0,0,0,technical,medium
0.87,3,172,5,0,0,0,management,medium
0.87,2,248,1,0,0,0,marketing,medium
0.71,4,129,4,0,0,0,marketing,medium
0.61,6,159,4,0,0,0,marketing,low
0.69,3,223,4,1,0,0,sales,low
0.4,5,185,8,0,0,0,sales,low
1.0,2,95,1,0,0,0,sales,low
1.0,4,300,4,0,0,0,sales,low
0.79,2,192,1,1,0,0,sales,low
0.73,3,220,3,1,0,0,sales,low
0.57,4,251,2,1,0,0,sales,low
0.53,5,336,3,0,0,0,sales,low
0.69,3,221,4,0,0,0,sales,low
0.86,2,109,2,0,0,0,sales,low
1.0,3,273,5,0,0,0,sales,low
0.57,3,278,4,0,0,0,sales,low
0.92,2,265,3,0,0,0,sales,low
0.39,5,205,1,0,0,0,sales,low
0.74,5,295,1,1,0,0,sales,low
0.86,4,230,2,0,0,0,sales,low
0.91,3,319,1,0,0,0,sales,low
0.85,5,172,4,0,0,0,sales,medium
0.75,3,300,3,0,0,0,sales,medium
0.86,4,246,2,0,0,0,accounting,medium
0.8,3,254,3,0,0,0,accounting,medium
1.0,4,288,4,0,0,0,accounting,medium
0.53,2,130,3,1,0,0,hr,medium
0.78,4,276,5,1,0,0,hr,medium
0.75,4,173,4,0,0,0,hr,medium
0.77,5,218,4,0,0,0,hr,medium
0.83,4,266,3,1,0,0,technical,medium
0.48,3,257,2,0,0,0,technical,medium
0.84,7,145,2,0,0,0,technical,medium
0.45,7,148,1,0,0,0,technical,high
0.46,5,155,2,1,0,0,technical,low
0.93,3,157,4,0,0,0,technical,medium
0.49,3,209,3,0,0,0,technical,medium
0.53,5,336,6,0,0,0,technical,medium
0.98,4,140,5,0,0,0,technical,medium
0.98,4,94,3,0,0,0,technical,low
0.5,4,270,1,1,0,0,technical,low
0.94,1,205,3,0,0,0,support,low
1.0,4,273,3,0,0,0,support,low
0.74,5,186,3,0,0,0,support,low
0.97,6,247,6,0,0,0,support,low
0.52,3,218,1,0,0,0,support,low
0.66,2,257,3,0,0,0,support,low
0.48,5,218,2,0,0,0,support,low
0.78,5,250,4,0,0,0,support,low
0.6,2,238,5,1,0,0,support,low
0.75,5,159,4,0,0,0,support,low
0.67,6,176,6,1,0,0,support,low
0.78,5,186,2,0,0,0,technical,low
0.68,3,265,2,1,0,0,technical,low
0.73,3,173,2,0,0,0,technical,low
0.97,4,154,4,0,0,0,management,low
0.46,5,85,3,0,0,0,IT,low
0.84,5,162,3,1,0,0,IT,low
0.77,3,277,4,0,0,0,IT,low
0.68,4,207,1,0,0,0,IT,low
0.48,3,289,3,0,0,0,IT,medium
0.5,1,146,2,0,0,0,product_mng,medium
0.46,7,127,2,0,0,0,product_mng,medium
0.63,5,196,3,0,0,0,product_mng,medium
0.93,5,184,6,0,0,0,product_mng,medium
0.96,5,190,4,0,0,0,IT,medium
0.52,4,147,2,0,0,0,RandD,medium
0.79,5,293,2,0,0,0,RandD,medium
0.41,3,151,2,0,0,0,RandD,medium
0.82,3,181,3,0,0,0,RandD,medium
0.61,3,128,2,0,0,0,RandD,medium
0.84,5,191,2,1,0,0,marketing,medium
0.78,3,171,2,0,0,0,sales,high
0.88,5,141,6,0,0,0,accounting,low
0.45,6,97,1,0,0,0,support,medium
0.67,3,215,4,0,0,0,technical,medium
0.96,4,284,1,0,0,0,management,medium
0.88,4,176,2,0,0,0,marketing,medium
0.64,2,232,3,0,0,0,marketing,low
0.37,6,108,4,0,0,0,marketing,low
0.35,3,217,5,0,0,0,sales,low
0.99,5,207,5,0,0,0,sales,low
1.0,4,287,3,1,0,0,sales,low
0.49,5,234,2,0,0,0,sales,low
0.59,1,206,5,0,0,0,sales,low
0.51,7,178,3,0,0,0,sales,low
0.61,2,153,4,0,0,0,sales,low
0.88,4,203,4,1,0,0,sales,low
0.94,5,256,5,0,0,0,sales,low
0.67,4,164,4,0,0,0,sales,low
0.5,4,175,2,0,0,0,sales,low
0.61,7,65,4,0,0,0,sales,low
0.53,3,206,1,0,0,0,sales,low
0.95,5,167,3,1,0,0,sales,low
0.48,3,153,4,0,0,0,sales,low
0.96,6,262,3,1,0,0,sales,low
0.88,5,185,2,0,0,0,sales,low
0.95,5,278,2,0,0,0,sales,low
0.82,4,128,2,0,0,0,sales,low
0.47,3,226,3,0,0,0,accounting,medium
0.6,5,259,2,0,0,0,accounting,medium
0.54,3,278,2,0,0,0,accounting,medium
0.74,4,308,4,0,0,0,hr,medium
0.48,3,245,5,0,0,0,hr,medium
0.73,3,124,6,0,0,0,hr,medium
0.49,4,164,2,1,0,0,hr,medium
0.58,1,84,4,0,0,0,technical,low
0.65,5,248,1,0,0,0,technical,low
0.71,2,217,4,0,0,0,technical,low
0.75,1,216,3,0,0,0,technical,low
0.82,3,216,3,0,0,0,technical,low
0.6,2,162,3,0,0,0,technical,low
0.66,2,146,3,1,0,0,technical,low
0.92,2,197,4,0,0,0,technical,low
0.83,3,156,3,0,0,0,technical,low
0.45,2,95,6,0,0,0,technical,low
0.71,5,65,4,0,0,0,technical,low
0.25,4,123,2,0,0,0,support,low
0.37,2,157,2,0,0,0,support,low
0.64,4,238,4,0,0,0,support,low
0.49,6,93,1,0,0,0,support,low
1.0,4,302,3,0,0,0,support,low
0.57,5,129,3,0,0,0,support,low
0.71,5,225,3,0,0,0,support,low
0.5,2,244,3,0,0,0,support,low
0.74,4,232,1,1,0,0,support,medium
0.64,5,186,3,0,0,0,support,medium
0.71,2,222,2,0,0,0,support,medium
0.72,3,221,2,0,0,0,technical,medium
0.77,5,179,6,0,0,0,technical,medium
0.57,6,321,1,1,0,0,technical,medium
0.81,2,218,3,1,0,0,management,medium
0.55,2,161,5,0,0,0,IT,medium
0.5,2,52,3,0,0,0,IT,medium
0.8,2,103,3,0,0,0,IT,medium
1.0,2,242,3,1,0,0,IT,medium
0.37,6,248,4,0,0,0,IT,medium
0.68,4,242,1,0,0,0,product_mng,medium
1.0,3,184,4,0,0,0,product_mng,medium
0.6,3,225,1,0,0,0,product_mng,medium
0.73,4,298,4,0,0,0,product_mng,medium
0.28,2,297,4,0,0,0,IT,medium
0.91,3,222,1,0,0,0,RandD,medium
0.75,4,148,2,0,0,0,RandD,medium
0.88,3,147,3,0,0,0,RandD,medium
0.51,4,130,2,0,0,0,RandD,medium
0.92,3,236,2,1,0,0,RandD,medium
0.72,2,143,5,0,0,0,marketing,medium
0.65,3,240,1,1,0,0,sales,medium
0.59,6,247,4,0,0,0,accounting,medium
0.49,5,79,7,0,0,0,support,medium
0.9,4,289,1,0,0,0,technical,medium
0.67,1,202,5,0,0,0,management,medium
1.0,6,218,3,1,0,0,marketing,medium
0.86,3,193,2,0,0,0,marketing,medium
0.62,4,232,3,0,0,0,marketing,medium
0.5,7,167,4,0,0,0,sales,low
0.65,6,258,6,0,0,0,sales,low
0.73,3,229,3,0,0,0,sales,low
0.6,4,120,3,1,0,0,sales,low
0.84,2,222,3,0,0,0,sales,low
1.0,2,306,3,0,0,0,sales,low
0.69,4,173,1,0,0,0,sales,low
0.85,4,210,3,0,0,0,sales,low
1.0,3,139,5,0,0,0,sales,low
0.5,6,211,3,0,0,0,sales,low
0.47,3,152,2,1,0,0,sales,low
0.51,4,313,2,1,0,0,sales,low
0.42,3,127,4,0,0,0,sales,low
0.74,2,120,4,0,0,0,sales,low
0.81,2,232,5,1,0,0,sales,low
0.82,5,263,3,0,0,0,sales,low
0.72,5,190,3,0,0,0,sales,low
0.21,3,233,4,0,0,0,sales,low
0.74,5,78,5,0,0,0,sales,low
0.6,4,199,2,0,0,0,accounting,low
0.61,3,213,3,1,0,0,accounting,low
0.73,3,267,2,0,0,0,accounting,medium
0.65,4,150,2,0,0,0,hr,medium
0.52,4,117,3,1,0,0,hr,medium
0.46,3,325,1,0,0,0,hr,medium
0.69,6,189,2,0,0,0,hr,medium
0.69,3,236,3,0,0,0,technical,medium
0.68,3,283,3,0,0,0,technical,medium
1.0,4,140,2,0,0,0,technical,medium
0.39,3,232,5,0,0,0,technical,medium
0.76,5,247,3,1,0,0,technical,low
0.45,3,136,5,1,0,0,technical,low
0.29,6,96,2,0,0,0,technical,low
0.61,3,250,4,0,0,0,technical,low
0.86,2,226,3,1,0,0,technical,low
0.67,6,228,2,0,0,0,technical,low
0.67,2,289,3,0,0,0,technical,low
0.87,3,147,3,0,0,0,support,low
0.65,3,144,2,0,0,0,support,low
0.8,2,235,2,0,0,0,support,low
0.58,3,194,3,1,0,0,support,low
0.76,2,209,2,0,0,0,support,low
0.45,4,267,5,1,0,0,support,low
0.61,2,104,3,1,0,0,support,low
0.56,5,360,3,1,0,0,support,low
0.63,3,276,3,0,0,0,support,low
0.68,3,113,2,1,0,0,support,low
0.32,3,124,4,0,0,0,support,low
0.69,4,292,2,0,0,0,technical,low
0.77,6,154,6,0,0,0,technical,medium
0.76,4,171,1,1,0,0,technical,medium
0.7,3,219,6,0,0,0,management,medium
0.32,2,57,4,0,0,0,IT,medium
0.7,5,180,2,0,0,0,IT,medium
0.49,3,236,3,0,0,0,IT,medium
0.51,3,175,4,0,0,0,IT,medium
0.43,3,240,2,0,0,0,IT,medium
0.84,4,165,2,0,0,0,product_mng,medium
0.61,2,198,3,0,0,0,product_mng,medium
0.86,3,224,2,0,0,0,product_mng,medium
0.64,3,176,2,1,0,0,product_mng,medium
0.81,3,197,2,0,0,0,IT,medium
0.66,4,198,2,0,0,0,RandD,medium
1.0,4,264,2,1,0,0,RandD,medium
0.48,6,136,2,0,0,0,RandD,medium
0.61,3,148,1,0,0,0,RandD,medium
0.86,3,115,4,0,0,0,RandD,medium
0.75,2,160,3,0,0,0,marketing,medium
0.62,4,171,4,1,0,0,sales,medium
0.88,4,303,2,0,0,0,accounting,medium
0.95,5,207,3,0,0,0,support,medium
0.93,6,180,4,0,0,0,technical,medium
0.34,4,157,6,1,0,0,management,high
0.62,3,223,2,0,0,0,marketing,low
0.86,4,164,1,0,0,0,marketing,medium
0.45,4,176,3,0,0,0,marketing,medium
0.83,6,293,2,0,0,0,sales,low
0.57,5,264,5,0,0,0,sales,low
0.65,3,188,4,0,0,0,sales,low
0.75,4,281,3,0,0,0,sales,low
0.7,4,209,3,0,0,0,sales,low
0.49,3,173,2,0,0,0,sales,low
0.58,5,150,1,0,0,0,sales,low
0.6,3,170,3,0,0,0,sales,low
0.9,2,160,3,1,0,0,sales,low
0.6,5,137,4,0,0,0,sales,low
0.57,3,175,1,0,0,0,sales,low
0.85,4,100,4,0,0,0,sales,low
0.93,6,242,3,0,0,0,sales,low
0.57,4,152,2,0,0,0,sales,low
0.95,4,184,4,0,0,0,sales,low
0.55,4,153,1,0,0,0,sales,high
0.82,3,188,2,0,0,0,sales,low
0.83,5,221,3,0,0,0,sales,high
0.56,3,140,2,0,0,0,sales,high
0.89,3,200,2,0,0,0,accounting,low
0.76,3,83,2,1,0,0,accounting,low
0.62,4,304,3,0,0,0,accounting,high
1.0,3,268,4,0,0,0,hr,low
0.93,4,360,4,0,0,0,hr,medium
0.97,5,201,4,0,0,0,hr,high
0.73,3,136,1,0,0,0,hr,medium
0.64,4,97,3,1,0,0,technical,low
0.7,3,269,3,0,0,0,technical,low
0.69,3,216,3,0,0,0,technical,low
1.0,4,292,3,0,0,0,technical,low
0.68,3,105,2,0,0,0,technical,low
0.83,4,196,2,1,0,0,technical,low
0.65,4,231,3,0,0,0,technical,low
0.62,7,252,1,0,0,0,technical,low
0.57,2,168,2,0,0,0,technical,low
0.63,4,85,3,0,0,0,technical,low
0.72,5,163,5,0,0,0,technical,low
0.69,6,113,1,0,0,0,support,low
0.89,4,109,3,0,0,0,support,low
0.44,3,207,4,0,0,0,support,low
0.58,2,249,5,0,0,0,support,medium
0.72,6,195,3,0,0,0,support,low
1.0,2,176,2,0,0,0,support,low
0.49,3,212,2,0,0,0,support,low
1.0,1,225,4,0,0,0,support,low
0.94,4,161,3,0,0,0,support,low
0.41,3,220,1,0,0,0,support,low
0.75,6,180,3,0,0,0,support,low
1.0,3,312,3,0,0,0,technical,low
0.86,4,205,1,0,0,0,technical,low
0.55,3,158,1,1,0,0,technical,low
0.65,5,211,4,0,0,0,management,high
0.86,3,184,5,1,0,0,IT,low
0.67,5,188,5,0,0,0,IT,low
0.93,5,199,1,0,0,0,IT,low
0.89,3,246,2,0,0,0,IT,low
0.38,1,254,4,0,0,0,IT,high
0.66,4,200,4,1,0,0,product_mng,low
0.85,3,160,2,0,0,0,product_mng,low
0.57,2,106,3,0,0,0,product_mng,low
0.87,4,180,4,0,0,0,product_mng,high
0.73,6,295,4,0,0,0,IT,low
0.79,4,145,4,0,0,0,RandD,medium
0.59,4,232,2,0,0,0,RandD,high
0.51,4,194,4,0,0,0,RandD,medium
0.57,1,185,3,0,0,0,RandD,high
0.6,6,172,4,0,0,0,RandD,medium
0.46,3,178,3,0,0,0,marketing,medium
0.9,3,165,3,0,0,0,marketing,medium
0.53,3,106,5,0,0,0,sales,medium
0.96,4,201,1,0,0,0,accounting,medium
0.56,4,255,1,1,0,0,support,medium
0.81,5,159,6,0,0,0,technical,medium
0.94,2,236,5,0,0,0,management,medium
0.94,4,163,2,0,0,0,marketing,high
0.86,2,135,2,0,0,0,marketing,low
0.77,6,279,5,1,0,0,marketing,medium
0.47,5,173,5,0,0,0,sales,medium
0.77,4,211,4,0,0,0,sales,medium
0.56,3,224,2,0,0,0,sales,medium
0.47,4,98,4,0,0,0,sales,medium
0.67,4,177,6,0,0,0,sales,medium
0.84,3,122,3,0,0,0,sales,medium
0.47,5,277,3,0,0,0,sales,medium
0.53,4,268,4,0,0,0,sales,medium
0.61,5,140,5,0,0,0,sales,high
0.92,5,147,4,1,0,0,sales,low
0.44,4,238,3,0,0,0,sales,low
0.79,6,297,4,0,0,0,sales,low
0.83,5,237,4,0,0,0,sales,high
1.0,4,249,2,0,0,0,sales,low
0.49,4,305,4,0,0,0,sales,low
0.75,4,245,3,0,0,0,sales,low
0.7,4,132,2,0,0,0,sales,high
0.58,2,326,5,0,0,0,sales,low
0.47,2,86,4,1,0,0,sales,low
0.65,6,132,5,0,0,0,accounting,low
0.83,1,206,6,0,0,0,accounting,low
0.94,2,254,6,0,0,0,accounting,low
0.52,4,216,2,0,0,0,hr,low
0.78,5,152,3,0,0,0,hr,low
0.6,4,259,6,0,0,0,hr,medium
0.78,5,248,4,0,0,0,hr,medium
0.57,4,135,2,0,0,0,technical,low
0.52,4,166,3,0,0,0,technical,low
0.62,4,140,2,0,0,0,technical,low
0.99,1,125,4,1,0,0,technical,low
0.46,2,178,1,1,0,0,technical,low
0.47,2,186,2,0,0,0,technical,low
0.59,4,264,2,0,0,0,technical,low
0.8,3,273,3,0,0,0,technical,low
1.0,3,273,1,0,0,0,technical,low
0.51,4,160,3,0,0,0,technical,low
0.35,2,121,2,0,0,0,technical,low
0.69,4,132,3,0,0,0,support,low
0.62,4,158,4,1,0,0,support,low
0.63,5,199,1,0,0,0,support,low
0.57,6,217,3,0,0,0,support,low
0.73,3,268,6,1,0,0,support,low
0.95,4,192,1,0,0,0,support,low
0.7,2,248,4,0,0,0,support,low
0.28,2,242,3,0,0,0,support,low
0.87,3,272,3,0,0,0,support,low
0.8,3,246,3,0,0,0,support,low
0.84,5,262,4,0,0,0,support,low
0.75,3,121,4,0,0,0,technical,low
0.37,3,145,3,0,0,0,technical,low
0.48,6,120,3,0,0,0,technical,low
0.76,4,277,2,0,0,0,management,low
0.86,2,66,6,0,0,0,IT,low
0.68,4,80,4,1,0,0,IT,low
0.69,5,186,5,0,0,0,IT,low
0.63,6,173,2,0,0,0,IT,low
0.88,1,215,4,1,0,0,IT,low
0.69,4,92,1,0,0,0,product_mng,low
0.87,1,175,4,0,0,0,product_mng,low
0.79,4,263,1,0,0,0,product_mng,low
0.78,4,98,2,0,0,0,product_mng,low
0.51,4,197,3,0,0,0,IT,low
1.0,3,227,4,0,0,0,marketing,low
0.88,3,158,2,1,0,0,marketing,medium
0.71,1,207,2,0,0,0,marketing,medium
0.91,4,251,6,1,0,0,marketing,medium
0.73,3,149,3,0,0,0,marketing,medium
0.65,4,283,3,0,0,0,marketing,medium
1.0,4,289,4,0,0,0,marketing,medium
0.63,3,194,4,0,0,0,sales,medium
0.87,2,197,3,0,0,0,accounting,medium
0.34,5,190,2,0,0,0,support,medium
0.46,6,170,1,0,0,0,technical,medium
0.86,6,180,3,0,0,0,management,medium
0.64,3,249,2,0,0,0,marketing,medium
0.93,3,154,1,0,0,0,marketing,high
0.64,3,164,3,0,0,0,marketing,low
0.47,3,195,1,0,0,0,sales,medium
0.74,4,145,3,0,0,0,sales,medium
0.84,2,186,2,0,0,0,sales,medium
0.87,4,257,3,0,0,0,sales,medium
0.67,5,163,2,1,0,0,sales,low
0.73,1,136,3,0,0,0,sales,low
0.99,3,252,6,0,0,0,sales,low
0.75,3,177,3,0,0,0,sales,low
0.6,2,170,5,0,0,0,sales,low
0.71,4,290,1,0,0,0,sales,low
0.81,6,136,3,0,0,0,sales,low
0.31,4,242,3,1,0,0,sales,low
1.0,4,115,4,1,0,0,sales,low
0.64,3,175,3,0,0,0,sales,low
0.92,5,241,4,0,0,0,sales,low
0.9,2,229,3,0,0,0,sales,low
0.92,3,287,4,0,0,0,sales,low
0.9,4,260,1,0,0,0,sales,low
0.41,5,183,3,0,0,0,sales,low
0.51,2,137,4,0,0,0,accounting,medium
0.6,2,299,2,0,0,0,accounting,medium
0.4,1,224,5,0,0,0,accounting,medium
0.84,2,221,4,0,0,0,hr,medium
1.0,7,217,2,0,0,0,hr,medium
0.52,3,117,3,0,0,0,hr,medium
0.58,6,151,4,0,0,0,hr,medium
1.0,2,125,3,1,0,0,technical,low
0.91,5,219,4,0,0,0,technical,low
0.81,3,76,2,0,0,0,technical,low
0.78,2,183,4,0,0,0,technical,low
0.47,5,112,3,0,0,0,technical,low
1.0,3,239,4,0,0,0,technical,low
0.99,5,294,4,0,0,0,technical,low
0.62,6,174,2,0,0,0,technical,low
0.67,4,112,2,0,0,0,technical,low
0.71,1,120,2,0,0,0,technical,low
1.0,5,270,3,0,0,0,technical,low
0.48,3,231,3,0,0,0,support,low
0.41,4,146,4,0,0,0,support,low
0.69,2,159,4,0,0,0,support,low
0.51,4,194,7,0,0,0,support,low
0.89,2,174,1,0,0,0,support,low
0.3,2,109,4,0,0,0,support,low
1.0,5,272,4,0,0,0,support,low
1.0,5,201,2,0,0,0,support,low
0.69,2,125,3,0,0,0,support,low
0.46,5,106,3,0,0,0,support,low
1.0,3,140,1,0,0,0,support,low
1.0,4,272,2,1,0,0,technical,low
0.68,2,193,4,0,0,0,technical,low
1.0,5,257,1,0,0,0,technical,low
0.44,4,180,4,0,0,0,management,low
0.61,4,270,2,0,0,0,IT,low
0.73,2,295,4,1,0,0,IT,low
0.77,4,219,4,0,0,0,IT,low
0.87,2,278,6,1,0,0,IT,low
0.86,5,123,2,1,0,0,IT,low
0.65,6,234,4,0,0,0,product_mng,low
0.84,4,149,4,0,0,0,product_mng,low
0.68,4,175,3,0,0,0,product_mng,low
0.78,4,178,2,0,0,0,product_mng,low
0.6,2,250,1,1,0,0,IT,low
0.62,3,104,3,0,0,0,RandD,low
0.84,5,206,4,1,0,0,RandD,low
1.0,4,155,1,0,0,0,RandD,medium
0.42,3,141,2,1,0,0,RandD,medium
0.72,1,169,5,0,0,0,RandD,medium
0.59,3,256,1,1,0,0,RandD,medium
0.62,7,179,5,0,0,0,marketing,medium
0.93,3,226,2,1,0,0,sales,medium
0.54,4,249,3,0,0,0,accounting,medium
0.99,3,123,5,1,0,0,support,medium
0.47,4,140,4,0,0,0,technical,medium
1.0,4,145,4,0,0,0,management,medium
0.82,5,159,5,0,0,0,marketing,medium
0.29,4,160,5,0,0,0,marketing,medium
0.14,1,167,2,0,0,0,marketing,high
0.63,5,148,3,0,0,0,sales,low
0.92,5,194,5,1,0,0,sales,medium
0.74,4,138,3,0,0,0,sales,medium
0.62,5,247,1,1,0,0,sales,medium
0.63,3,152,2,0,0,0,sales,medium
0.79,5,151,5,0,0,0,sales,low
0.7,4,277,3,0,0,0,sales,low
0.66,5,88,4,0,0,0,sales,low
0.82,4,159,2,1,0,0,sales,low
0.91,5,136,5,1,0,0,sales,low
0.46,3,204,4,1,0,0,sales,low
0.4,3,165,3,0,0,0,sales,low
0.81,3,184,4,0,0,0,sales,low
0.9,5,229,4,0,0,0,sales,low
0.81,6,138,2,0,0,0,sales,low
0.5,4,248,3,0,0,0,sales,low
0.47,5,166,3,0,0,0,sales,low
0.98,4,137,3,0,0,0,sales,low
0.83,5,256,4,0,0,0,sales,low
0.66,1,234,4,1,0,0,accounting,low
0.54,5,135,5,0,0,0,accounting,low
0.41,5,137,2,0,0,0,accounting,low
0.73,3,252,4,0,0,0,hr,low
0.45,5,195,4,0,0,0,hr,medium
1.0,3,162,1,0,0,0,hr,medium
0.45,4,67,3,1,0,0,hr,medium
0.39,3,210,6,1,0,0,technical,medium
0.96,4,239,4,0,0,0,technical,medium
0.82,4,296,4,0,0,0,technical,medium
0.62,4,153,3,0,0,0,technical,medium
0.69,3,225,4,0,0,0,technical,medium
0.37,6,222,4,0,0,0,technical,medium
0.33,2,134,3,0,0,0,technical,medium
1.0,8,144,8,0,0,0,technical,medium
0.68,3,173,4,0,0,0,technical,medium
0.37,4,192,5,0,0,0,technical,high
1.0,3,195,2,1,0,0,technical,low
0.97,4,167,3,0,0,0,support,medium
0.49,3,249,3,1,0,0,support,medium
0.75,2,153,3,0,0,0,support,medium
0.82,3,227,4,0,0,0,support,medium
0.64,4,219,3,0,0,0,support,low
0.85,4,197,6,1,0,0,support,low
0.91,1,262,5,0,0,0,support,low
0.54,3,157,3,0,0,0,support,low
0.45,4,133,3,0,0,0,support,low
0.43,5,249,2,0,0,0,support,low
0.5,7,228,5,1,0,0,support,low
0.79,7,252,1,1,0,0,technical,low
0.76,4,258,1,0,0,0,technical,low
0.5,3,138,3,0,0,0,technical,low
0.94,5,254,2,0,0,0,management,low
0.7,5,228,4,0,0,0,IT,low
0.81,3,124,5,0,0,0,IT,low
0.62,6,162,1,1,0,0,IT,low
1.0,3,212,5,0,0,0,IT,low
0.29,3,87,2,1,0,0,IT,low
0.65,5,170,3,1,0,0,product_mng,low
0.82,4,300,3,0,0,0,product_mng,low
0.87,3,293,3,1,0,0,product_mng,low
0.68,5,205,2,0,0,0,product_mng,low
0.92,2,203,2,0,0,0,IT,low
0.68,1,143,6,1,0,0,marketing,high
0.32,5,141,4,0,0,0,accounting,high
0.43,6,231,4,0,0,0,accounting,high
0.6,5,180,4,0,0,0,IT,medium
0.77,2,201,2,0,0,0,IT,medium
0.51,3,242,4,0,0,0,management,high
0.69,3,82,3,1,0,0,marketing,medium
0.57,3,193,2,0,0,0,sales,medium
0.65,7,94,5,1,0,0,accounting,medium
0.34,2,94,2,0,0,0,support,medium
0.72,3,304,1,0,0,0,technical,medium
0.75,5,106,2,0,0,0,management,medium
0.42,5,168,1,0,0,0,marketing,high
0.92,5,179,4,0,0,0,marketing,low
0.69,5,260,4,0,0,0,marketing,medium
1.0,2,261,5,0,0,0,sales,medium
0.57,5,178,5,0,0,0,sales,medium
0.77,6,166,3,1,0,0,sales,medium
0.89,5,73,2,1,0,0,sales,low
0.49,3,223,4,0,0,0,sales,low
0.59,6,228,3,0,0,0,sales,low
0.76,6,127,5,0,0,0,sales,low
0.68,3,275,3,0,0,0,sales,low
0.58,4,232,6,0,0,0,sales,low
0.54,3,164,2,1,0,0,sales,low
0.89,4,144,5,0,0,0,sales,low
0.77,4,199,4,0,0,0,sales,low
0.44,2,180,5,0,0,0,sales,low
0.35,3,211,3,0,0,0,sales,low
0.87,4,232,7,1,0,0,sales,low
0.53,5,229,1,0,0,0,sales,low
0.67,3,76,4,0,0,0,sales,low
0.57,2,292,2,0,0,0,sales,low
0.85,5,50,3,0,0,0,sales,low
0.95,3,319,4,0,0,0,accounting,low
0.68,3,259,3,0,0,0,accounting,low
0.5,3,140,2,0,0,0,accounting,low
0.68,4,157,1,0,0,0,hr,low
0.92,3,171,2,1,0,0,hr,low
0.64,5,167,6,0,0,0,hr,medium
0.66,2,158,4,0,0,0,hr,medium
1.0,4,234,5,0,0,0,technical,medium
0.66,4,212,3,0,0,0,technical,medium
0.88,2,225,2,0,0,0,technical,medium
0.51,4,231,7,0,0,0,technical,medium
0.27,2,100,4,0,0,0,technical,medium
1.0,5,161,4,1,0,0,technical,medium
0.73,5,297,1,0,0,0,technical,medium
0.9,4,194,4,0,0,0,technical,medium
0.83,6,190,3,0,0,0,technical,medium
0.42,3,211,3,0,0,0,technical,medium
0.55,2,293,2,0,0,0,technical,high
0.61,3,215,4,1,0,0,support,low
0.64,3,246,2,0,0,0,support,medium
0.95,4,315,3,0,0,0,support,medium
0.93,4,120,4,0,0,0,support,medium
0.65,5,206,5,0,0,0,support,medium
1.0,4,163,4,0,0,0,support,low
0.64,1,269,5,1,0,0,support,low
0.58,3,174,2,0,0,0,support,low
0.69,3,117,3,0,0,0,support,low
0.63,2,324,1,1,0,0,support,low
0.64,3,133,3,0,0,0,support,low
0.92,3,141,5,0,0,0,technical,low
0.37,6,248,5,0,0,0,technical,low
1.0,2,226,2,0,0,0,technical,medium
0.89,3,161,3,0,0,0,management,medium
0.71,5,245,2,0,0,0,IT,medium
0.89,4,150,3,0,0,0,IT,medium
0.53,3,224,4,0,0,0,IT,medium
1.0,6,273,4,0,0,0,IT,medium
0.74,5,96,3,0,0,0,IT,medium
0.54,1,228,1,0,0,0,product_mng,medium
0.59,6,251,7,0,0,0,product_mng,medium
0.67,5,242,3,0,0,0,product_mng,medium
0.81,5,194,3,0,0,0,product_mng,medium
0.92,5,202,2,1,0,0,IT,medium
0.95,3,230,6,0,0,0,RandD,medium
0.6,3,254,2,0,0,0,RandD,medium
0.71,4,267,3,0,0,0,RandD,medium
1.0,5,200,5,0,0,0,RandD,medium
0.51,1,231,1,0,0,0,RandD,medium
0.46,3,153,4,0,0,0,RandD,medium
0.49,3,166,4,0,0,0,marketing,medium
0.53,6,288,7,0,0,0,sales,medium
1.0,6,159,5,0,0,0,accounting,medium
0.98,3,184,3,0,0,0,support,medium
0.74,4,220,3,1,0,0,technical,medium
0.67,3,258,3,0,0,0,management,medium
0.54,4,217,1,0,0,0,marketing,medium
0.79,5,251,5,0,0,0,marketing,high
0.4,4,163,3,0,0,0,marketing,high
0.85,4,187,3,0,0,0,sales,high
0.42,3,142,1,0,0,0,sales,high
0.82,3,226,1,0,0,0,sales,high
0.83,3,134,1,0,0,0,sales,high
0.27,3,111,3,0,0,0,sales,high
0.81,6,220,3,0,0,0,sales,high
0.49,4,234,2,0,0,0,sales,high
1.0,2,191,3,0,0,0,sales,high
0.56,5,231,5,0,0,0,sales,high
0.89,4,170,4,0,0,0,sales,high
0.73,4,246,3,0,0,0,sales,low
0.97,2,131,3,0,0,0,sales,low
0.77,1,221,2,1,0,0,sales,low
0.76,4,213,1,0,0,0,sales,low
0.97,1,189,4,1,0,0,sales,low
0.89,3,134,2,0,0,0,sales,low
0.93,6,268,3,0,0,0,sales,low
0.59,4,260,2,0,0,0,sales,low
0.87,3,173,2,0,0,0,sales,low
0.95,6,180,5,0,0,0,accounting,low
0.64,5,209,1,0,0,0,accounting,low
0.79,3,209,5,0,0,0,accounting,low
0.74,4,222,3,0,0,0,hr,low
0.37,5,177,5,0,0,0,hr,low
0.88,4,212,6,1,0,0,hr,low
0.46,2,147,3,0,0,0,hr,medium
0.43,5,249,3,0,0,0,technical,medium
1.0,4,230,3,0,0,0,technical,medium
1.0,4,137,5,0,0,0,technical,medium
0.44,2,189,3,0,0,0,technical,medium
1.0,5,275,4,0,0,0,technical,medium
0.83,7,211,7,1,0,0,technical,medium
0.97,4,278,3,1,0,0,technical,medium
0.42,1,229,5,0,0,0,technical,medium
1.0,3,155,4,0,0,0,technical,medium
0.95,4,244,3,0,0,0,technical,medium
0.72,5,217,3,0,0,0,technical,medium
0.38,3,158,2,0,0,0,support,high
0.7,3,160,2,1,0,0,support,high
0.5,2,72,2,0,0,0,support,high
0.54,3,150,3,1,0,0,support,high
1.0,4,232,5,0,0,0,support,high
0.68,4,155,6,0,0,0,support,high
0.77,4,133,1,0,0,0,support,high
0.43,3,259,8,0,0,0,support,high
0.63,4,155,5,0,0,0,support,low
0.92,3,265,4,0,0,0,support,low
0.53,4,251,7,1,0,0,support,low
0.54,3,176,1,0,0,0,technical,low
0.93,3,190,3,0,0,0,technical,low
0.77,5,144,4,0,0,0,technical,low
0.83,5,244,4,0,0,0,management,low
0.65,4,183,4,1,0,0,IT,low
0.59,5,302,3,1,0,0,IT,medium
0.51,3,310,3,0,0,0,IT,medium
0.7,3,200,4,1,0,0,IT,medium
0.31,3,258,2,0,0,0,IT,medium
0.89,3,141,2,0,0,0,product_mng,medium
0.5,3,232,4,0,0,0,product_mng,medium
0.64,2,157,2,0,0,0,product_mng,medium
0.91,4,222,1,0,0,0,product_mng,medium
0.57,4,58,4,0,0,0,IT,medium
1.0,3,153,4,0,0,0,RandD,medium
0.84,3,265,2,0,0,0,RandD,medium
0.89,3,130,3,0,0,0,RandD,medium
0.46,5,290,3,0,0,0,RandD,medium
0.27,2,201,3,0,0,0,RandD,medium
0.55,6,240,5,0,0,0,marketing,medium
0.66,2,234,2,1,0,0,sales,medium
0.71,4,226,4,0,0,0,accounting,medium
0.77,2,142,4,0,0,0,support,medium
1.0,5,141,2,0,0,0,technical,medium
0.62,1,113,5,0,0,0,management,medium
0.73,4,221,1,0,0,0,marketing,medium
0.56,5,197,2,0,0,0,marketing,medium
0.71,3,232,3,0,0,0,marketing,medium
0.69,3,156,3,0,0,0,sales,high
0.63,2,148,5,0,0,0,sales,low
0.66,3,112,3,0,0,0,sales,medium
0.82,2,139,5,1,0,0,sales,medium
0.62,3,134,3,0,0,0,sales,medium
0.51,5,239,5,0,0,0,sales,medium
0.89,4,181,3,0,0,0,sales,medium
0.9,4,156,2,1,0,0,sales,medium
0.51,4,172,4,0,0,0,sales,medium
0.84,3,241,2,0,0,0,sales,medium
0.88,3,234,3,0,0,0,sales,medium
0.67,5,171,3,0,0,0,sales,medium
0.67,4,255,2,0,0,0,sales,low
0.52,1,170,3,0,0,0,sales,low
0.47,4,76,3,0,0,0,sales,low
0.74,4,148,3,0,0,0,sales,low
0.41,3,145,2,0,0,0,sales,low
0.81,3,267,2,0,0,0,sales,low
0.59,4,265,3,1,0,0,sales,low
0.4,5,193,2,1,0,0,accounting,high
0.89,5,236,4,0,0,0,accounting,low
1.0,2,197,3,0,0,0,accounting,high
0.84,2,227,4,0,0,0,hr,high
0.46,3,164,4,0,0,0,hr,low
1.0,5,198,4,0,0,0,hr,low
0.66,4,269,5,0,0,0,hr,high
0.53,2,182,2,0,0,0,technical,low
0.92,6,225,6,0,0,0,technical,medium
0.64,4,146,4,1,0,0,technical,high
0.44,4,209,4,0,0,0,technical,medium
0.58,5,176,4,1,0,0,technical,medium
0.54,6,270,4,0,0,0,technical,medium
0.64,3,220,3,0,0,0,technical,medium
1.0,2,223,1,0,0,0,technical,high
0.52,4,204,2,0,0,0,technical,medium
0.6,3,228,3,1,0,0,technical,medium
0.5,4,259,5,0,0,0,technical,medium
0.59,5,258,3,0,0,0,support,high
0.39,5,294,4,0,0,0,support,medium
0.81,3,252,2,0,0,0,support,high
0.89,5,193,4,0,0,0,support,low
1.0,3,104,2,0,0,0,support,medium
0.56,4,155,4,0,0,0,support,medium
0.61,5,198,4,0,0,0,support,medium
0.47,1,130,3,1,0,0,support,medium
0.52,4,191,2,0,0,0,support,low
0.44,6,138,2,0,0,0,support,low
0.46,2,222,5,0,0,0,support,low
0.89,6,322,5,0,0,0,technical,low
0.68,6,176,2,0,0,0,technical,low
0.46,4,156,4,0,0,0,technical,low
0.71,2,186,4,0,0,0,management,low
0.7,3,151,3,0,0,0,IT,low
0.67,2,194,5,0,0,0,IT,low
0.68,7,284,3,1,0,0,IT,low
0.98,3,265,4,0,0,0,IT,high
0.82,3,228,1,0,0,0,IT,low
1.0,4,174,3,0,0,0,product_mng,low
0.49,2,219,4,0,0,0,product_mng,low
0.26,5,92,3,0,0,0,product_mng,low
0.6,7,371,3,0,0,0,product_mng,high
0.96,5,153,1,0,0,0,IT,low
0.61,3,150,2,0,0,0,marketing,high
0.78,2,304,3,0,0,0,accounting,high
0.68,4,208,7,0,0,0,accounting,high
0.91,3,236,2,0,0,0,IT,medium
0.53,5,265,3,0,0,0,IT,medium
1.0,6,209,3,0,0,0,management,high
0.47,4,212,2,0,0,0,marketing,medium
0.87,4,263,2,1,0,0,sales,high
0.84,3,231,2,0,0,0,accounting,medium
0.56,4,191,4,0,0,0,support,medium
0.71,4,238,4,0,0,0,technical,medium
0.77,2,179,3,0,0,0,management,medium
0.7,6,179,4,0,0,0,marketing,medium
0.9,3,207,5,1,0,0,marketing,medium
0.56,5,150,5,0,0,0,marketing,medium
0.82,4,135,2,0,0,0,sales,medium
0.8,2,227,1,0,0,0,sales,high
0.92,4,254,1,0,0,0,sales,low
0.56,5,195,3,0,0,0,sales,medium
0.95,2,276,1,0,0,0,sales,medium
0.99,4,213,4,0,0,0,sales,medium
0.85,3,191,3,0,0,0,sales,medium
0.51,3,221,3,1,0,0,sales,medium
0.51,6,219,3,1,0,0,sales,medium
0.85,3,345,5,0,0,0,sales,medium
0.8,3,203,4,0,0,0,sales,medium
1.0,3,309,3,0,0,0,sales,medium
0.67,5,202,2,0,0,0,sales,high
0.87,2,168,4,0,0,0,sales,low
0.47,3,172,3,0,0,0,sales,low
0.68,4,332,2,1,0,0,sales,low
0.81,3,108,4,0,0,0,sales,high
0.88,2,283,2,0,0,0,sales,low
0.65,5,111,6,1,0,0,sales,low
0.83,4,270,5,0,0,0,accounting,low
0.52,4,228,4,0,0,0,accounting,high
0.37,1,189,6,0,0,0,accounting,low
1.0,3,141,3,0,0,0,hr,low
0.51,5,289,5,0,0,0,hr,low
0.61,3,179,4,0,0,0,hr,low
0.39,5,165,3,0,0,0,hr,low
0.62,5,226,4,0,0,0,technical,low
0.9,3,304,2,0,0,0,technical,low
0.5,4,192,3,0,0,0,technical,medium
0.48,4,156,5,1,0,0,technical,medium
0.59,4,293,5,0,0,0,technical,medium
0.65,3,197,4,0,0,0,technical,medium
0.63,5,240,3,0,0,0,technical,medium
0.72,4,315,4,0,0,0,technical,medium
0.55,4,158,4,1,0,0,technical,medium
0.87,5,198,3,0,0,0,technical,medium
0.62,3,143,3,0,0,0,technical,medium
0.46,5,247,3,0,0,0,support,medium
0.49,4,168,2,0,0,0,support,medium
0.61,5,167,4,0,0,0,support,medium
0.67,3,119,3,0,0,0,support,high
0.87,5,153,4,0,0,0,support,low
0.96,3,135,9,0,0,0,support,medium
0.77,3,109,3,1,0,0,support,medium
0.86,5,264,4,0,0,0,support,medium
0.61,2,211,3,0,0,0,support,medium
0.87,5,204,1,0,0,0,support,low
1.0,4,132,3,0,0,0,support,low
0.59,5,201,2,1,0,0,technical,low
0.93,4,197,3,0,0,0,technical,low
1.0,2,263,1,0,0,0,technical,low
0.67,6,228,4,0,0,0,management,low
0.58,4,206,3,1,0,0,IT,low
0.91,1,164,3,0,0,0,IT,low
0.7,6,143,3,1,0,0,IT,low
0.57,3,193,3,0,0,0,IT,low
0.68,2,109,2,0,0,0,IT,low
0.84,3,172,1,0,0,0,product_mng,low
0.79,6,142,2,0,0,0,product_mng,low
0.75,2,220,4,1,0,0,product_mng,low
0.57,6,236,3,0,0,0,product_mng,low
0.8,2,172,1,0,0,0,IT,low
0.82,3,187,3,0,0,0,marketing,high
0.71,3,251,1,0,0,0,accounting,high
0.77,5,138,2,0,0,0,accounting,high
0.52,1,206,4,0,0,0,IT,medium
0.64,6,309,5,0,0,0,IT,medium
0.94,2,259,3,0,0,0,management,high
0.47,3,295,1,0,0,0,sales,medium
0.46,4,264,4,0,0,0,accounting,medium
0.65,3,139,2,0,0,0,support,medium
0.98,4,185,3,0,0,0,technical,medium
0.65,5,176,4,1,0,0,management,medium
0.8,3,193,5,0,0,0,marketing,medium
0.69,5,262,2,0,0,0,marketing,medium
0.97,6,213,3,0,0,0,marketing,medium
0.58,6,136,5,0,0,0,sales,medium
0.51,5,259,5,0,0,0,sales,medium
0.68,5,195,4,0,0,0,sales,medium
0.85,4,156,4,1,0,0,sales,high
1.0,6,178,3,0,0,0,sales,low
0.79,3,132,3,0,0,0,sales,medium
0.53,3,297,3,0,0,0,sales,medium
0.69,3,261,3,0,0,0,sales,medium
0.94,4,231,4,0,0,0,sales,medium
0.87,4,140,3,0,0,0,sales,low
1.0,3,186,5,0,0,0,sales,low
0.4,3,203,2,0,0,0,sales,low
0.28,5,191,2,0,0,0,sales,low
0.1,3,172,3,0,0,0,sales,low
0.6,3,208,2,0,0,0,sales,low
0.78,4,252,4,0,0,0,sales,low
0.8,6,267,1,1,0,0,sales,low
0.51,5,244,5,0,0,0,sales,low
0.88,3,183,3,0,0,0,sales,low
0.64,4,225,3,0,0,0,accounting,low
0.83,5,173,3,0,0,0,accounting,low
0.81,4,195,2,0,0,0,accounting,low
0.89,4,263,4,0,0,0,hr,low
0.87,2,63,3,0,0,0,hr,low
0.31,2,255,6,0,0,0,hr,low
0.67,4,237,3,0,0,0,hr,low
0.97,4,160,4,0,0,0,technical,low
0.66,6,255,5,0,0,0,technical,low
0.87,4,264,3,0,0,0,technical,low
0.47,3,265,3,0,0,0,technical,low
0.96,3,286,5,1,0,0,technical,medium
0.93,5,185,1,1,0,0,technical,medium
0.76,2,246,2,0,0,0,technical,medium
0.76,5,131,1,0,0,0,technical,medium
0.64,5,193,2,0,0,0,technical,medium
0.63,4,248,3,0,0,0,technical,medium
0.5,3,157,3,0,0,0,technical,medium
0.74,5,217,4,0,0,0,support,medium
0.82,2,165,4,0,0,0,support,medium
0.69,3,296,3,0,0,0,support,medium
1.0,4,286,3,0,0,0,support,medium
0.8,2,186,1,0,0,0,support,medium
0.55,5,182,1,0,0,0,support,high
0.68,4,190,4,0,0,0,support,low
0.48,2,249,2,0,0,0,support,medium
0.66,5,163,4,0,0,0,support,medium
0.44,3,195,4,0,0,0,support,medium
0.57,5,171,4,0,0,0,support,medium
0.83,6,154,2,0,0,0,technical,low
0.9,3,170,3,0,0,0,technical,low
0.7,6,226,3,0,0,0,technical,low
0.34,2,201,4,1,0,0,management,low
0.66,7,258,5,0,0,0,IT,low
0.8,5,171,4,0,0,0,IT,low
0.67,5,139,4,0,0,0,IT,low
0.71,5,326,4,0,0,0,IT,low
0.67,4,216,2,0,0,0,IT,low
0.97,6,295,3,0,0,0,product_mng,low
0.49,2,203,5,0,0,0,product_mng,low
0.93,1,249,2,0,0,0,product_mng,low
0.53,3,214,1,0,0,0,product_mng,low
0.72,4,214,4,0,0,0,IT,low
0.95,5,220,4,0,0,0,marketing,high
0.31,3,132,2,1,0,0,accounting,high
0.45,3,255,3,0,0,0,accounting,high
0.7,5,194,1,0,0,0,IT,medium
0.99,6,205,6,0,0,0,IT,medium
0.41,4,283,1,0,0,0,management,high
0.57,3,225,7,0,0,0,sales,low
0.56,4,157,3,0,0,0,accounting,medium
0.71,6,281,5,0,0,0,support,medium
0.77,3,141,4,0,0,0,technical,medium
0.65,2,241,3,0,0,0,management,medium
0.63,3,210,2,0,0,0,marketing,medium
0.68,4,199,7,0,0,0,marketing,medium
0.82,2,86,2,0,0,0,marketing,medium
0.82,3,173,5,0,0,0,sales,medium
0.77,4,233,3,0,0,0,sales,medium
1.0,3,165,2,1,0,0,sales,medium
0.77,4,163,2,1,0,0,sales,medium
0.79,4,321,2,0,0,0,sales,medium
0.69,4,271,3,0,0,0,sales,high
0.95,3,268,5,1,0,0,sales,low
0.51,3,172,1,0,0,0,sales,medium
0.89,5,160,3,0,0,0,sales,medium
0.61,3,225,4,0,0,0,sales,medium
1.0,4,260,2,0,0,0,sales,medium
0.77,3,95,3,0,0,0,sales,low
1.0,4,154,4,0,0,0,sales,low
0.69,3,276,2,0,0,0,sales,low
0.78,5,232,2,0,0,0,sales,low
0.65,3,210,6,0,0,0,sales,low
1.0,3,185,2,0,0,0,sales,low
0.78,4,108,2,0,0,0,sales,low
0.77,4,245,4,0,0,0,sales,low
0.49,3,204,2,0,0,0,accounting,low
0.76,3,134,4,0,0,0,accounting,low
0.84,4,216,2,0,0,0,accounting,low
1.0,2,155,5,0,0,0,hr,low
0.64,5,268,3,0,0,0,hr,low
0.92,6,155,1,0,0,0,hr,low
0.41,4,262,3,0,0,0,hr,low
0.66,2,190,2,0,0,0,technical,low
0.42,2,98,6,1,0,0,technical,low
0.8,1,260,4,0,0,0,technical,low
0.63,2,94,6,0,0,0,technical,medium
0.79,6,222,2,0,0,0,technical,medium
0.53,3,224,1,0,0,0,technical,medium
0.79,5,283,2,0,0,0,technical,medium
0.64,2,88,2,0,0,0,technical,medium
0.8,4,232,2,1,0,0,technical,medium
0.4,3,340,1,0,0,0,technical,medium
0.64,3,170,3,0,0,0,technical,medium
0.82,5,96,4,0,0,0,support,medium
0.61,6,166,5,1,0,0,support,medium
0.79,6,245,3,1,0,0,support,medium
0.85,5,241,7,0,0,0,support,medium
0.34,4,247,2,0,0,0,support,high
0.82,4,311,3,0,0,0,support,low
0.65,3,342,1,0,0,0,support,medium
0.41,4,203,2,0,0,0,support,medium
0.39,4,220,2,0,0,0,support,medium
0.42,2,136,4,1,0,0,support,medium
0.58,3,248,1,0,0,0,support,low
0.45,2,87,3,1,0,0,technical,low
0.81,2,236,1,0,0,0,technical,low
0.54,4,182,3,0,0,0,technical,low
1.0,4,257,1,0,0,0,management,low
0.98,6,215,3,0,0,0,IT,low
1.0,5,177,2,0,0,0,IT,low
0.85,4,270,4,0,0,0,IT,low
0.68,4,224,1,0,0,0,IT,low
0.82,4,113,2,1,0,0,IT,low
0.61,2,184,3,1,0,0,product_mng,low
0.82,6,136,3,0,0,0,product_mng,low
0.69,3,289,1,0,0,0,product_mng,low
0.69,3,288,3,0,0,0,product_mng,low
0.65,4,251,4,0,0,0,IT,low
0.83,4,269,3,0,0,0,marketing,high
1.0,4,222,1,1,0,0,accounting,high
0.93,5,207,4,1,0,0,accounting,high
0.87,3,189,5,0,0,0,IT,medium
0.52,2,234,2,1,0,0,IT,medium
0.73,2,116,3,0,0,0,management,high
0.57,3,160,3,1,0,0,sales,medium
0.81,4,244,1,0,0,0,accounting,medium
0.74,5,236,2,0,0,0,support,medium
0.64,7,260,4,0,0,0,technical,medium
0.51,3,213,4,0,0,0,management,medium
1.0,2,247,3,0,0,0,marketing,medium
0.81,4,118,4,0,0,0,marketing,medium
0.48,3,143,5,1,0,0,marketing,medium
0.82,5,144,5,0,0,0,sales,medium
0.38,5,209,5,0,0,0,sales,medium
0.34,3,161,3,0,0,0,sales,medium
0.86,6,240,4,0,0,0,sales,medium
0.71,2,166,3,0,0,0,sales,high
0.87,4,272,2,0,0,0,sales,low
0.86,4,159,5,0,0,0,sales,medium
0.33,4,233,4,0,0,0,sales,medium
0.75,5,208,3,0,0,0,sales,medium
0.68,3,241,3,0,0,0,sales,medium
0.92,3,266,3,1,0,0,sales,low
0.48,4,132,4,0,0,0,sales,low
0.71,6,188,7,0,0,0,sales,low
0.78,7,270,4,0,0,0,sales,low
0.67,1,103,1,0,0,0,sales,low
0.86,2,125,3,0,0,0,sales,low
0.7,3,130,3,1,0,0,sales,low
0.29,3,196,3,0,0,0,sales,low
0.41,6,195,4,0,0,0,sales,low
0.45,4,210,3,0,0,0,accounting,low
0.92,3,203,2,0,0,0,accounting,low
0.81,3,104,3,0,0,0,accounting,low
0.74,2,233,4,0,0,0,hr,low
0.65,3,199,2,1,0,0,hr,low
0.81,5,307,3,0,0,0,hr,low
0.82,5,197,2,0,0,0,hr,low
1.0,4,66,6,1,0,0,technical,low
0.69,4,177,6,0,0,0,technical,low
0.56,4,296,3,0,0,0,technical,low
0.61,1,247,3,1,0,0,technical,low
0.67,6,116,4,0,0,0,technical,low
0.6,2,103,6,1,0,0,technical,medium
0.76,6,228,3,1,0,0,technical,medium
0.63,4,180,5,0,0,0,technical,medium
0.8,2,174,8,0,0,0,technical,medium
0.91,4,217,3,1,0,0,technical,medium
0.65,2,290,3,0,0,0,technical,medium
0.62,3,163,3,0,0,0,support,medium
0.6,5,217,1,0,0,0,support,medium
0.72,5,144,3,0,0,0,support,medium
0.64,5,148,1,0,0,0,support,medium
0.77,3,320,2,0,0,0,support,medium
0.52,3,199,2,0,0,0,support,medium
0.63,5,142,1,1,0,0,support,high
0.81,3,142,4,0,0,0,support,low
0.89,5,195,1,0,0,0,support,medium
0.53,7,259,5,0,0,0,support,medium
0.39,4,73,5,0,0,0,support,medium
0.51,4,148,3,0,0,0,technical,medium
0.51,3,185,4,0,0,0,technical,low
0.5,6,213,3,0,0,0,technical,low
0.44,5,224,3,0,0,0,management,low
0.26,4,311,2,0,0,0,IT,low
1.0,5,131,3,0,0,0,IT,low
0.61,5,246,3,0,0,0,IT,low
0.96,3,189,4,0,0,0,IT,low
0.78,2,181,2,0,0,0,IT,low
0.53,6,159,2,0,0,0,product_mng,medium
0.8,4,172,2,0,0,0,product_mng,medium
0.71,2,276,4,0,0,0,product_mng,medium
0.87,3,169,3,0,0,0,product_mng,medium
0.38,3,126,1,0,0,0,IT,medium
0.53,6,278,3,0,0,0,RandD,medium
0.3,5,246,3,0,0,0,RandD,medium
0.74,4,105,1,0,0,0,RandD,medium
0.67,2,187,3,0,0,0,RandD,medium
0.63,4,159,3,0,0,0,RandD,medium
0.72,3,238,3,0,0,0,marketing,medium
0.64,5,218,3,0,0,0,sales,medium
0.67,3,103,2,0,0,0,accounting,medium
0.89,3,208,2,0,0,0,support,medium
0.48,5,95,3,0,0,0,technical,medium
0.54,2,156,6,0,0,0,management,medium
0.58,4,177,1,0,0,0,marketing,medium
1.0,4,321,8,0,0,0,marketing,medium
0.31,1,190,2,0,0,0,marketing,medium
0.88,1,157,3,0,0,0,sales,medium
0.79,1,144,2,0,0,0,sales,medium
0.58,4,228,1,0,0,0,sales,medium
0.5,3,97,3,0,0,0,sales,medium
0.95,3,282,1,0,0,0,sales,medium
1.0,4,145,3,0,0,0,sales,medium
0.84,4,251,3,0,0,0,sales,high
0.54,4,175,4,0,0,0,sales,high
0.5,4,174,6,0,0,0,sales,high
0.81,3,249,3,0,0,0,sales,high
0.59,4,293,6,1,0,0,sales,high
0.72,6,313,4,0,0,0,sales,high
0.81,3,161,4,0,0,0,sales,high
0.5,3,152,1,0,0,0,sales,high
0.73,3,156,4,0,0,0,sales,high
0.5,3,126,4,0,0,0,sales,high
0.68,5,253,2,0,0,0,sales,high
0.79,2,213,3,0,0,0,sales,high
0.78,3,183,5,0,0,0,sales,low
0.33,3,136,3,0,0,0,accounting,low
0.57,2,160,2,0,0,0,accounting,low
0.79,7,204,1,1,0,0,accounting,low
0.98,2,232,3,0,0,0,hr,low
0.79,3,83,4,1,0,0,hr,low
1.0,5,179,5,1,0,0,hr,low
0.74,5,125,4,0,0,0,hr,low
0.44,2,114,2,0,0,0,technical,low
0.52,5,184,2,0,0,0,technical,low
0.83,6,224,3,0,0,0,technical,low
0.62,3,168,2,1,0,0,technical,low
0.47,3,184,1,0,0,0,technical,low
0.76,5,267,3,0,0,0,technical,low
0.92,2,270,4,0,0,0,technical,low
0.72,6,232,1,0,0,0,technical,medium
0.68,4,183,4,0,0,0,technical,medium
0.84,3,248,1,0,0,0,technical,medium
0.52,2,142,4,0,0,0,technical,medium
0.81,4,222,1,1,0,0,support,medium
0.6,1,180,3,0,0,0,support,medium
1.0,5,166,1,0,0,0,support,medium
0.53,4,132,5,1,0,0,support,medium
0.62,4,277,2,0,0,0,support,medium
0.93,3,260,3,0,0,0,support,medium
0.62,5,232,1,0,0,0,support,medium
0.96,3,252,2,0,0,0,support,medium
1.0,5,143,5,0,0,0,support,high
0.38,5,265,3,1,0,0,support,high
0.6,4,209,4,0,0,0,support,high
0.72,3,265,2,0,0,0,technical,high
0.93,4,266,4,0,0,0,technical,high
0.71,3,253,3,0,0,0,technical,high
1.0,3,205,3,0,0,0,management,high
0.5,5,187,4,0,0,0,IT,high
0.28,4,158,7,0,0,0,IT,low
0.59,5,188,1,0,0,0,IT,low
1.0,5,253,5,0,0,0,IT,low
0.26,5,119,3,0,0,0,IT,low
0.82,3,255,2,0,0,0,product_mng,low
0.95,3,220,4,0,0,0,product_mng,low
0.7,4,181,3,0,0,0,product_mng,low
0.73,2,241,3,0,0,0,product_mng,low
0.3,6,139,3,0,0,0,IT,medium
1.0,5,189,5,0,0,0,RandD,medium
0.91,7,174,6,0,0,0,RandD,medium
1.0,2,159,3,0,0,0,RandD,medium
0.87,4,113,3,0,0,0,RandD,medium
0.38,4,134,2,0,0,0,RandD,medium
0.64,6,145,4,1,0,0,marketing,medium
0.42,3,306,2,0,0,0,sales,medium
0.96,3,245,3,1,0,0,accounting,medium
0.75,4,284,1,0,0,0,support,medium
0.76,4,168,4,0,0,0,technical,medium
0.54,4,279,3,0,0,0,management,medium
0.56,3,145,4,0,0,0,marketing,medium
0.57,2,243,6,0,0,0,marketing,medium
0.78,2,165,3,1,0,0,marketing,medium
0.79,4,210,6,0,0,0,sales,medium
0.81,4,92,3,0,0,0,sales,medium
0.91,5,235,4,0,0,0,sales,medium
0.82,6,123,1,0,0,0,sales,medium
0.5,5,161,3,0,0,0,sales,medium
0.45,2,224,3,0,0,0,sales,medium
0.69,2,110,2,0,0,0,sales,medium
0.86,3,70,3,0,0,0,sales,medium
0.5,4,196,3,0,0,0,sales,high
0.29,2,158,8,0,0,0,sales,low
0.84,4,186,4,0,0,0,sales,medium
0.67,3,173,3,0,0,0,sales,medium
0.79,3,212,3,0,0,0,sales,medium
0.93,4,234,1,0,0,0,sales,medium
1.0,5,197,1,0,0,0,sales,medium
0.87,5,55,5,0,0,0,sales,medium
0.63,4,227,3,0,0,0,sales,medium
0.59,4,212,2,1,0,0,sales,medium
0.33,4,155,1,0,0,0,sales,medium
0.47,7,154,3,0,0,0,accounting,medium
0.93,1,233,2,0,0,0,accounting,low
0.47,3,106,3,0,0,0,accounting,low
0.98,5,201,3,0,0,0,hr,low
0.58,4,122,4,0,0,0,hr,low
0.84,3,131,1,1,0,0,hr,low
1.0,4,207,4,0,0,0,hr,low
0.86,5,124,3,0,0,0,technical,low
0.66,3,182,3,1,0,0,technical,high
0.57,3,318,3,0,0,0,technical,low
0.47,6,179,5,0,0,0,technical,high
0.49,2,154,2,0,0,0,technical,high
0.66,4,272,2,0,0,0,technical,low
1.0,4,204,1,0,0,0,technical,low
0.56,2,274,3,0,0,0,technical,high
0.52,4,107,3,0,0,0,technical,low
0.99,6,144,5,0,0,0,technical,medium
0.86,5,234,3,0,0,0,technical,high
0.43,5,218,3,0,0,0,support,medium
0.57,4,201,2,0,0,0,support,medium
0.96,3,130,3,1,0,0,support,medium
0.89,4,256,3,1,0,0,support,medium
0.6,4,305,1,0,0,0,support,high
1.0,2,259,2,0,0,0,support,medium
0.71,6,152,3,1,0,0,support,medium
0.36,3,149,3,1,0,0,support,medium
0.81,3,187,1,0,0,0,support,high
1.0,3,226,2,0,0,0,support,medium
0.59,5,179,3,1,0,0,support,high
0.8,3,176,5,0,0,0,technical,low
0.48,6,186,3,0,0,0,technical,medium
0.81,4,260,4,0,0,0,technical,medium
0.52,5,207,3,0,0,0,management,medium
0.46,4,207,3,0,0,0,IT,medium
0.63,2,121,4,0,0,0,IT,low
0.58,3,197,4,0,0,0,IT,low
0.43,2,164,1,0,0,0,IT,low
0.6,2,312,3,0,0,0,IT,low
0.98,7,271,4,0,0,0,product_mng,low
0.71,3,209,1,0,0,0,product_mng,low
0.46,3,234,4,0,0,0,product_mng,low
0.76,4,234,3,1,0,0,product_mng,low
1.0,3,164,1,0,0,0,IT,low
1.0,4,257,3,0,0,0,RandD,low
0.95,6,300,3,0,0,0,RandD,high
0.42,5,197,5,0,0,0,RandD,low
0.89,5,179,4,0,0,0,RandD,low
0.62,2,207,4,0,0,0,RandD,low
0.87,5,295,4,0,0,0,marketing,low
0.33,2,233,2,0,0,0,sales,high
0.53,3,274,1,0,0,0,accounting,low
0.75,3,234,2,0,0,0,support,low
0.84,3,158,2,0,0,0,technical,low
0.79,4,251,3,1,0,0,management,high
0.61,2,273,5,1,0,0,marketing,low
0.56,3,255,3,0,0,0,marketing,medium
0.82,3,250,2,0,0,0,marketing,high
0.95,5,188,2,1,0,0,sales,medium
0.4,2,126,2,0,0,0,sales,high
0.75,5,204,1,1,0,0,sales,medium
1.0,4,142,1,0,0,0,sales,medium
0.5,4,196,6,0,0,0,sales,medium
0.7,3,132,1,0,0,0,sales,medium
1.0,5,212,1,1,0,0,sales,medium
0.85,5,319,4,1,0,0,sales,medium
0.74,3,275,4,0,0,0,sales,medium
0.87,2,181,1,0,0,0,sales,medium
0.57,5,153,4,0,0,0,sales,high
0.85,4,283,5,1,0,0,sales,low
0.73,4,262,3,1,0,0,sales,medium
0.86,4,245,4,0,0,0,sales,medium
0.49,4,254,2,0,0,0,sales,medium
0.78,4,267,4,0,0,0,sales,medium
0.7,2,177,3,0,0,0,sales,medium
0.53,3,223,2,0,0,0,sales,medium
0.62,4,84,6,0,0,0,sales,medium
1.0,3,224,2,1,0,0,accounting,medium
0.65,5,203,6,0,0,0,accounting,medium
0.67,4,126,1,0,0,0,accounting,high
0.42,2,284,4,0,0,0,hr,low
0.59,5,213,2,1,0,0,hr,low
0.85,3,229,5,0,0,0,hr,low
0.73,4,164,1,0,0,0,hr,high
0.62,5,277,3,0,0,0,technical,low
0.91,6,271,3,1,0,0,technical,low
0.58,4,265,2,0,0,0,technical,low
0.59,4,235,1,0,0,0,technical,high
0.49,3,290,2,0,0,0,technical,low
0.68,4,164,5,0,0,0,technical,low
0.74,8,272,4,0,0,0,technical,low
0.72,5,192,4,0,0,0,technical,low
1.0,3,289,5,1,0,0,technical,low
0.88,2,177,1,0,0,0,technical,low
0.83,2,119,2,0,0,0,technical,low
0.88,3,173,4,0,0,0,support,medium
0.5,5,247,2,0,0,0,support,medium
0.59,3,177,3,0,0,0,support,medium
0.33,3,285,5,0,0,0,support,medium
0.56,3,165,2,0,0,0,support,medium
1.0,3,79,1,0,0,0,support,medium
0.79,2,208,3,0,0,0,support,medium
0.51,2,202,4,0,0,0,support,medium
0.34,3,107,2,0,0,0,support,medium
0.66,3,255,2,0,0,0,support,medium
0.71,3,274,1,0,0,0,support,medium
0.87,7,197,5,1,0,0,technical,medium
0.66,3,172,2,0,0,0,technical,high
0.38,3,114,1,0,0,0,technical,low
0.53,4,215,5,0,0,0,management,medium
0.99,2,267,3,0,0,0,IT,medium
0.34,3,193,4,0,0,0,IT,medium
0.62,4,160,3,0,0,0,IT,medium
0.38,4,237,2,0,0,0,IT,low
0.8,3,229,3,0,0,0,IT,low
0.8,4,209,3,0,0,0,product_mng,low
0.34,6,178,6,0,0,0,product_mng,low
0.95,3,193,2,1,0,0,product_mng,low
0.46,2,268,3,0,0,0,product_mng,low
0.61,6,146,2,0,0,0,IT,low
0.79,4,162,5,0,0,0,RandD,low
0.78,3,250,1,1,0,0,RandD,low
0.76,4,134,4,0,0,0,RandD,low
0.46,6,105,3,0,0,0,RandD,low
0.83,5,267,3,0,0,0,RandD,low
1.0,3,143,1,0,0,0,marketing,low
0.93,6,221,5,0,0,0,sales,low
0.38,5,246,2,0,0,0,accounting,low
0.82,4,117,4,0,0,0,support,low
0.77,3,146,2,0,0,0,technical,low
0.48,5,200,3,0,0,0,management,low
0.68,3,157,2,0,0,0,marketing,low
0.56,4,166,3,0,0,0,marketing,low
0.87,5,221,2,0,0,0,marketing,low
0.83,2,129,4,0,0,0,sales,medium
0.31,3,212,1,0,0,0,sales,medium
0.73,6,152,1,0,0,0,sales,medium
0.95,5,207,3,0,0,0,sales,medium
0.73,5,182,1,0,0,0,sales,medium
0.67,3,235,2,1,0,0,sales,medium
0.66,7,237,4,0,0,0,sales,medium
0.89,3,174,1,0,0,0,sales,medium
1.0,4,175,5,0,0,0,sales,medium
0.71,6,162,4,1,0,0,sales,medium
0.32,6,218,1,0,0,0,sales,medium
0.52,2,215,5,0,0,0,sales,medium
0.89,5,140,4,1,0,0,sales,high
0.97,4,229,1,0,0,0,sales,low
0.78,4,231,3,0,0,0,sales,medium
0.56,2,332,3,0,0,0,sales,medium
0.82,2,229,3,0,0,0,sales,medium
0.83,6,264,2,1,0,0,sales,medium
0.89,4,204,2,0,0,0,sales,low
1.0,5,258,5,0,0,0,accounting,low
0.6,4,147,3,0,0,0,accounting,low
0.5,4,93,4,1,0,0,accounting,low
0.83,6,183,4,0,0,0,hr,low
0.51,6,182,3,0,0,0,hr,low
0.7,3,146,3,0,0,0,hr,low
0.94,3,224,2,0,0,0,hr,low
0.63,3,219,1,0,0,0,technical,low
0.97,5,181,6,0,0,0,technical,low
1.0,5,174,5,1,0,0,technical,low
0.59,4,180,3,0,0,0,technical,low
0.65,4,168,3,0,0,0,technical,low
1.0,3,261,3,0,0,0,technical,low
0.89,2,157,1,0,0,0,technical,low
0.89,4,309,2,1,0,0,technical,low
0.61,6,218,4,0,0,0,technical,low
0.51,4,188,2,0,0,0,technical,low
0.6,3,110,3,0,0,0,technical,low
0.8,2,263,5,0,0,0,support,low
0.7,4,203,5,1,0,0,support,low
1.0,3,171,3,0,0,0,support,medium
0.55,3,314,2,0,0,0,support,medium
0.31,3,160,5,0,0,0,support,medium
0.94,4,79,2,0,0,0,support,medium
0.56,4,159,4,0,0,0,support,medium
0.82,4,144,2,0,0,0,support,medium
0.68,2,141,5,1,0,0,support,medium
0.5,4,154,3,0,0,0,support,medium
0.69,5,217,2,0,0,0,support,medium
0.52,5,241,5,0,0,0,technical,medium
0.71,1,72,5,0,0,0,technical,medium
0.56,1,223,3,1,0,0,technical,medium
0.69,6,130,5,0,0,0,management,high
0.63,4,170,6,1,0,0,IT,low
0.5,4,230,3,0,0,0,IT,medium
0.64,5,156,4,1,0,0,IT,medium
0.95,3,226,4,0,0,0,IT,medium
0.42,5,237,5,0,0,0,IT,medium
0.64,4,124,3,1,0,0,product_mng,low
0.76,3,199,2,0,0,0,product_mng,low
0.85,6,207,2,0,0,0,product_mng,low
0.79,1,187,8,0,0,0,product_mng,low
0.58,4,186,1,0,0,0,IT,low
0.46,4,270,2,0,0,0,RandD,low
0.74,4,218,3,0,0,0,RandD,low
1.0,2,237,1,0,0,0,RandD,low
0.81,3,269,5,1,0,0,RandD,low
0.76,2,191,1,0,0,0,RandD,low
0.44,5,180,2,0,0,0,marketing,low
1.0,3,176,2,0,0,0,sales,low
0.45,4,172,2,0,0,0,accounting,low
1.0,3,242,3,0,0,0,support,low
0.74,3,242,2,1,0,0,technical,low
0.5,4,201,2,0,0,0,management,low
0.81,4,339,2,0,0,0,marketing,low
0.33,2,221,4,0,0,0,marketing,low
0.67,8,186,6,1,0,0,marketing,low
0.71,3,135,3,0,0,0,sales,low
0.5,2,301,1,0,0,0,sales,low
0.66,6,215,3,0,0,0,sales,medium
0.86,3,166,5,1,0,0,sales,medium
0.8,1,223,3,0,0,0,sales,medium
0.88,2,215,1,0,0,0,sales,medium
0.62,3,291,5,0,0,0,sales,medium
0.94,5,181,2,0,0,0,sales,medium
0.61,5,138,3,1,0,0,sales,medium
0.65,5,201,3,0,0,0,sales,medium
0.52,2,140,3,0,0,0,sales,medium
0.48,3,195,3,0,0,0,sales,medium
0.66,4,183,3,0,0,0,sales,medium
1.0,2,273,3,1,0,0,sales,medium
0.87,2,318,5,0,0,0,sales,high
0.67,3,232,4,1,0,0,sales,low
0.7,3,167,2,1,0,0,sales,medium
0.39,2,248,2,0,0,0,sales,medium
0.59,3,246,3,0,0,0,sales,medium
0.94,3,312,2,0,0,0,accounting,medium
0.8,5,177,4,0,0,0,accounting,low
0.62,4,140,3,0,0,0,accounting,low
0.81,5,174,3,0,0,0,hr,low
0.62,5,188,3,1,0,0,hr,low
0.55,6,271,3,0,0,0,hr,low
0.58,5,110,2,0,0,0,hr,low
0.74,4,144,3,0,0,0,technical,low
0.81,7,320,4,0,0,0,technical,low
0.86,4,178,1,1,0,0,technical,low
0.59,4,233,5,0,0,0,technical,low
0.63,4,80,5,0,0,0,technical,low
0.82,2,267,4,0,0,0,technical,low
0.94,6,241,4,0,0,0,technical,low
0.71,5,177,3,0,0,0,technical,low
0.75,4,162,7,0,0,0,technical,low
0.95,3,290,6,1,0,0,technical,low
0.56,2,145,3,0,0,0,technical,low
1.0,6,153,2,0,0,0,support,low
0.91,5,203,3,0,0,0,support,medium
0.55,4,187,2,0,0,0,support,medium
0.67,4,191,1,0,0,0,support,medium
0.8,4,280,2,0,0,0,support,medium
0.53,1,75,4,0,0,0,support,medium
1.0,6,182,2,0,0,0,support,medium
0.42,2,152,4,1,0,0,support,medium
0.4,3,146,1,0,0,0,support,medium
0.63,4,198,2,0,0,0,support,medium
0.7,5,208,1,0,0,0,support,medium
0.73,5,275,2,0,0,0,technical,medium
0.55,6,171,4,0,0,0,technical,medium
0.64,5,317,2,0,0,0,technical,high
0.63,2,203,3,0,0,0,management,low
1.0,6,244,1,0,0,0,IT,medium
0.76,3,182,3,0,0,0,IT,medium
0.99,4,267,2,1,0,0,IT,medium
0.82,3,212,2,0,0,0,IT,medium
0.56,4,274,3,0,0,0,IT,low
0.4,4,254,1,0,0,0,product_mng,low
0.68,2,187,3,0,0,0,product_mng,low
0.51,4,98,5,0,0,0,product_mng,low
0.52,3,202,4,0,0,0,product_mng,low
0.89,4,174,3,0,0,0,IT,low
0.82,5,277,5,0,0,0,RandD,low
0.74,3,208,5,0,0,0,RandD,low
0.98,3,191,3,0,0,0,RandD,low
1.0,4,269,3,0,0,0,RandD,low
0.85,3,179,1,0,0,0,RandD,low
0.59,5,295,3,0,0,0,marketing,low
0.66,5,213,3,0,0,0,sales,low
0.31,5,272,3,0,0,0,accounting,low
0.66,3,81,3,0,0,0,support,low
1.0,5,135,3,0,0,0,technical,low
0.52,2,157,6,1,0,0,management,low
0.78,4,220,1,0,0,0,marketing,low
0.99,4,177,3,1,0,0,marketing,low
0.59,5,184,2,0,0,0,marketing,low
0.75,5,211,4,0,0,0,sales,low
1.0,1,203,3,1,0,0,sales,medium
0.58,5,205,2,0,0,0,sales,medium
0.75,6,223,2,0,0,0,sales,medium
0.6,3,198,2,0,0,0,sales,medium
0.65,7,234,3,0,0,0,sales,medium
0.59,5,247,5,0,0,0,sales,medium
0.8,5,122,7,0,0,0,sales,medium
0.7,3,257,3,0,0,0,sales,medium
0.73,5,91,3,0,0,0,sales,medium
0.73,4,239,3,0,0,0,sales,medium
0.34,2,263,3,1,0,0,sales,medium
0.52,2,255,3,0,0,0,sales,medium
0.73,4,107,3,0,0,0,sales,high
0.72,4,130,4,0,0,0,sales,low
0.79,4,256,2,0,0,0,sales,medium
0.72,5,80,4,0,0,0,sales,medium
0.71,4,155,4,0,0,0,sales,medium
0.66,5,218,4,0,0,0,sales,medium
0.35,2,177,2,0,0,0,accounting,low
0.63,3,196,4,1,0,0,accounting,low
0.37,4,146,1,0,0,0,accounting,low
0.59,6,192,4,0,0,0,hr,low
1.0,5,176,2,0,0,0,hr,low
0.47,5,151,2,0,0,0,hr,low
0.86,4,125,2,0,0,0,hr,low
0.79,4,167,3,0,0,0,technical,low
0.34,6,250,4,0,0,0,technical,low
0.82,4,64,2,0,0,0,technical,low
0.29,3,135,2,0,0,0,technical,low
0.85,5,144,5,1,0,0,technical,low
0.52,3,172,2,0,0,0,technical,low
0.74,6,236,4,0,0,0,technical,low
0.65,5,251,3,1,0,0,technical,low
0.78,2,208,6,0,0,0,technical,low
0.58,6,156,2,0,0,0,technical,low
0.67,4,185,2,0,0,0,technical,low
1.0,5,284,4,0,0,0,support,low
0.76,4,280,3,0,0,0,support,low
0.36,4,291,4,0,0,0,support,low
1.0,5,209,2,0,0,0,support,medium
0.44,4,165,2,0,0,0,support,medium
0.61,4,217,3,0,0,0,support,medium
0.88,2,273,5,0,0,0,support,medium
0.62,3,214,7,1,0,0,support,medium
1.0,4,316,3,1,0,0,support,medium
0.87,4,124,3,0,0,0,support,medium
0.69,5,253,5,0,0,0,support,medium
0.84,4,184,2,0,0,0,technical,medium
0.8,3,215,4,1,0,0,technical,medium
0.75,5,265,5,0,0,0,technical,medium
0.71,4,179,5,0,0,0,management,medium
0.77,5,146,2,0,0,0,IT,high
0.74,4,134,6,0,0,0,IT,low
0.99,6,143,5,0,0,0,IT,medium
1.0,4,213,6,0,0,0,IT,medium
0.55,1,228,2,0,0,0,IT,medium
1.0,5,245,4,0,0,0,product_mng,medium
0.56,3,177,1,0,0,0,product_mng,low
1.0,5,256,3,0,0,0,product_mng,low
0.91,4,204,2,0,0,0,product_mng,low
0.64,3,316,3,0,0,0,IT,low
0.46,3,143,5,0,0,0,RandD,low
0.69,4,272,3,1,0,0,RandD,low
0.53,3,133,2,0,0,0,RandD,low
0.67,4,139,3,0,0,0,RandD,low
0.58,4,126,3,1,0,0,RandD,medium
0.65,6,270,1,0,0,0,marketing,medium
0.84,2,208,4,0,0,0,sales,medium
0.56,4,189,5,0,0,0,accounting,medium
1.0,3,179,4,0,0,0,support,medium
0.77,2,239,3,0,0,0,technical,medium
0.73,4,173,3,0,0,0,management,medium
0.94,3,160,2,0,0,0,marketing,medium
0.97,5,184,2,1,0,0,marketing,medium
0.59,3,193,3,0,0,0,marketing,medium
0.53,4,195,4,0,0,0,sales,medium
0.79,4,265,2,0,0,0,sales,medium
0.49,3,127,3,0,0,0,sales,medium
0.32,4,163,4,0,0,0,sales,medium
0.73,4,191,3,0,0,0,sales,medium
0.54,3,265,3,0,0,0,sales,medium
0.7,5,240,5,0,0,0,sales,medium
1.0,3,122,3,0,0,0,sales,medium
0.71,1,182,3,0,0,0,sales,medium
0.7,5,205,4,0,0,0,sales,medium
0.68,3,181,4,0,0,0,sales,medium
0.86,3,219,4,0,0,0,sales,medium
0.72,3,202,2,0,0,0,sales,medium
0.86,3,112,4,0,0,0,sales,medium
0.63,6,177,3,0,0,0,sales,medium
0.87,3,242,2,0,0,0,sales,high
0.45,5,207,7,0,0,0,sales,high
1.0,4,212,2,0,0,0,sales,high
0.58,3,367,3,0,0,0,sales,high
0.61,2,205,4,0,0,0,accounting,high
0.5,3,302,2,1,0,0,accounting,high
0.81,4,256,3,0,0,0,accounting,high
0.83,3,135,4,0,0,0,hr,high
0.69,5,150,4,0,0,0,hr,high
0.52,3,217,1,0,0,0,hr,high
0.83,4,81,4,0,0,0,hr,high
0.76,2,276,2,1,0,0,technical,high
0.45,5,155,5,0,0,0,technical,low
0.55,5,127,3,1,0,0,technical,low
1.0,6,280,4,1,0,0,technical,low
0.73,4,91,1,0,0,0,technical,low
0.77,6,258,1,0,0,0,technical,low
0.46,4,185,2,0,0,0,technical,low
0.66,3,114,4,0,0,0,technical,low
0.79,3,266,4,0,0,0,technical,low
0.58,4,252,6,0,0,0,technical,low
0.79,2,248,4,0,0,0,technical,low
0.86,4,209,1,0,0,0,support,low
1.0,5,138,2,0,0,0,support,low
1.0,4,195,3,1,0,0,support,low
0.75,4,242,4,0,0,0,support,low
0.86,6,316,5,0,0,0,support,low
0.54,5,134,4,0,0,0,support,medium
0.91,4,258,2,0,0,0,support,medium
0.4,5,182,2,0,0,0,support,medium
0.77,5,233,2,0,0,0,support,medium
0.55,4,320,2,0,0,0,support,medium
0.8,3,107,2,1,0,0,support,medium
0.56,3,105,4,0,0,0,technical,medium
1.0,5,278,3,0,0,0,technical,medium
0.98,3,224,2,0,0,0,technical,medium
0.89,4,140,5,0,0,0,management,medium
0.63,3,224,3,0,0,0,IT,medium
0.58,4,138,3,0,0,0,IT,medium
0.5,3,212,3,0,0,0,IT,high
0.87,5,259,2,0,0,0,IT,high
0.61,7,207,5,0,0,0,IT,high
0.61,4,234,3,0,0,0,product_mng,high
0.49,2,214,3,0,0,0,product_mng,high
0.83,6,297,4,0,0,0,product_mng,high
0.39,1,158,2,0,0,0,product_mng,high
0.77,5,172,4,0,0,0,IT,high
0.65,5,169,3,1,0,0,RandD,low
0.66,6,129,5,1,0,0,RandD,low
0.5,4,157,1,0,0,0,RandD,low
0.52,4,124,4,0,0,0,RandD,low
0.57,3,197,1,0,0,0,RandD,low
0.42,7,252,5,0,0,0,marketing,low
0.52,4,267,2,0,0,0,sales,low
0.75,4,177,4,0,0,0,accounting,low
0.77,3,288,4,1,0,0,support,medium
0.89,4,326,2,0,0,0,technical,medium
0.43,4,202,4,0,0,0,management,medium
0.82,5,219,2,0,0,0,marketing,medium
1.0,5,207,2,0,0,0,marketing,medium
1.0,5,90,2,0,0,0,marketing,medium
0.96,3,167,3,0,0,0,sales,medium
0.98,5,268,2,0,0,0,sales,medium
0.46,3,270,2,0,0,0,sales,medium
0.84,3,261,4,0,0,0,sales,medium
0.74,4,210,1,0,0,0,sales,medium
0.71,5,245,4,0,0,0,sales,medium
0.24,2,209,2,0,0,0,sales,medium
0.89,4,176,1,0,0,0,sales,medium
0.68,3,151,6,0,0,0,sales,medium
0.91,7,179,3,0,0,0,sales,medium
0.79,2,204,1,0,0,0,sales,medium
0.48,3,151,3,0,0,0,sales,medium
0.78,3,212,3,0,0,0,sales,medium
0.59,2,297,1,1,0,0,sales,medium
0.44,2,261,5,1,0,0,sales,medium
0.39,7,170,5,0,0,0,sales,medium
0.59,5,179,3,0,0,0,sales,medium
0.65,3,162,4,1,0,0,sales,high
1.0,2,179,3,0,0,0,sales,low
0.47,2,158,3,0,0,0,accounting,medium
0.66,4,193,3,1,0,0,accounting,medium
0.63,6,318,3,1,0,0,accounting,medium
0.31,3,234,3,0,0,0,hr,medium
0.92,2,192,3,1,0,0,hr,medium
0.68,6,94,1,0,0,0,hr,medium
0.67,4,113,3,0,0,0,hr,medium
0.59,3,215,3,1,0,0,technical,medium
0.94,4,302,3,1,0,0,technical,medium
0.74,4,165,1,1,0,0,technical,medium
0.69,4,195,2,0,0,0,technical,low
0.81,3,265,2,0,0,0,technical,low
0.7,2,127,6,0,0,0,technical,low
0.47,2,237,2,0,0,0,technical,low
0.79,5,134,6,0,0,0,technical,low
0.75,3,121,1,0,0,0,technical,low
0.63,4,266,3,0,0,0,technical,low
0.65,5,234,1,0,0,0,technical,high
0.64,3,213,3,0,0,0,support,low
0.61,4,170,2,0,0,0,support,high
0.89,6,210,2,0,0,0,support,high
0.84,3,244,3,0,0,0,support,low
0.37,3,213,2,0,0,0,support,low
0.25,3,249,3,0,0,0,support,high
1.0,4,159,3,0,0,0,support,low
0.83,3,212,1,0,0,0,support,medium
0.79,4,233,3,0,0,0,support,high
0.58,5,182,5,0,0,0,support,medium
0.95,3,217,2,0,0,0,support,medium
0.91,5,317,2,0,0,0,technical,medium
0.77,2,164,1,0,0,0,technical,medium
0.68,3,288,2,0,0,0,technical,high
1.0,3,182,5,0,0,0,management,medium
0.85,2,192,1,0,0,0,IT,medium
0.62,5,248,3,1,0,0,IT,medium
0.75,4,142,4,0,0,0,IT,high
0.5,6,209,3,0,0,0,IT,medium
0.68,4,164,4,0,0,0,IT,high
0.67,2,132,3,0,0,0,product_mng,low
1.0,6,123,5,0,0,0,product_mng,medium
0.42,5,191,4,0,0,0,product_mng,medium
0.73,5,227,6,0,0,0,product_mng,medium
0.66,4,99,5,0,0,0,IT,medium
0.91,4,171,4,0,0,0,RandD,low
0.49,1,174,3,0,0,0,RandD,low
0.98,1,298,2,0,0,0,RandD,low
0.57,6,253,1,1,0,0,RandD,low
0.66,3,122,1,0,0,0,RandD,low
1.0,3,256,3,0,0,0,marketing,low
0.95,3,201,2,0,0,0,marketing,low
0.89,3,120,2,0,0,0,sales,low
0.56,5,155,4,1,0,0,accounting,low
0.71,4,215,6,1,0,0,support,low
0.7,5,139,5,0,0,0,technical,high
0.14,4,159,1,1,0,0,management,low
1.0,5,216,3,0,0,0,marketing,low
1.0,3,276,4,0,0,0,marketing,low
1.0,5,206,3,1,0,0,marketing,low
0.76,4,173,2,0,0,0,sales,high
0.93,6,171,2,0,0,0,sales,low
0.94,4,290,4,0,0,0,sales,low
0.69,2,231,4,0,0,0,sales,low
0.88,4,291,2,0,0,0,sales,high
0.65,4,158,4,0,0,0,sales,low
0.8,5,232,3,0,0,1,sales,medium
0.59,4,73,3,0,0,1,sales,high
1.0,1,178,2,0,0,1,sales,medium
0.62,6,208,3,0,0,1,sales,high
0.79,4,110,3,0,0,1,sales,medium
0.68,5,267,3,1,0,0,sales,medium
0.68,6,198,5,0,0,0,sales,medium
0.7,3,255,1,0,0,0,sales,medium
0.81,6,262,2,0,0,0,sales,medium
0.97,2,230,3,1,0,0,sales,medium
1.0,3,253,1,0,0,0,sales,medium
0.59,6,222,6,0,0,0,sales,medium
0.52,6,227,2,0,0,0,sales,high
0.89,5,210,4,0,0,0,accounting,low
0.49,2,185,2,0,0,0,accounting,medium
0.71,5,183,3,0,0,0,accounting,medium
0.43,2,100,3,0,0,0,hr,medium
0.61,4,275,3,0,0,0,hr,medium
0.9,3,178,6,0,0,0,hr,medium
0.71,2,165,3,0,0,0,hr,medium
0.32,4,184,5,1,0,0,technical,medium
0.8,4,240,4,0,0,0,technical,medium
0.67,4,140,4,0,0,0,technical,medium
0.74,5,227,4,0,0,0,technical,high
0.46,2,291,4,0,0,0,technical,low
0.83,4,243,2,0,0,0,technical,low
0.79,5,216,4,0,0,0,technical,low
0.76,4,236,3,0,0,0,technical,high
0.76,3,167,4,1,0,0,technical,low
0.29,1,246,3,0,0,0,technical,low
0.6,3,244,3,0,0,0,technical,low
0.65,4,289,2,0,0,0,support,high
0.4,5,219,2,0,0,0,support,low
0.8,6,95,4,0,0,0,support,low
0.67,3,225,2,0,0,0,support,low
0.96,6,123,2,1,0,0,support,low
0.74,4,158,2,1,0,0,support,low
0.91,6,296,3,0,0,0,support,low
0.55,4,188,3,1,0,0,support,low
0.69,3,266,3,0,0,0,support,medium
0.55,4,173,1,0,0,0,support,medium
0.4,2,133,3,0,0,0,support,medium
0.49,3,144,1,0,0,0,technical,medium
0.94,2,199,2,0,0,0,technical,medium
0.46,2,195,3,0,0,0,technical,medium
0.59,5,193,3,0,0,0,management,medium
0.47,6,264,4,0,0,0,IT,medium
0.91,2,201,3,0,0,0,IT,medium
0.37,4,183,5,0,0,0,IT,medium
0.9,3,222,2,0,0,0,IT,medium
0.44,3,276,4,0,0,0,IT,medium
1.0,3,290,3,0,0,0,product_mng,high
0.63,1,187,3,0,0,0,product_mng,low
0.44,2,221,3,1,0,0,product_mng,medium
0.56,4,200,2,0,0,0,product_mng,medium
0.75,1,147,3,0,0,0,IT,medium
0.46,4,167,6,0,0,0,RandD,medium
0.78,3,170,3,0,0,0,RandD,low
0.94,2,132,3,0,0,0,RandD,low
0.57,3,300,3,1,0,0,RandD,low
0.41,2,162,5,1,0,0,RandD,low
0.58,2,206,1,0,0,0,RandD,low
0.91,8,325,2,0,0,0,marketing,low
0.6,2,179,5,0,0,0,sales,low
0.49,2,216,3,0,0,0,accounting,low
0.59,1,216,3,0,0,0,support,low
0.58,4,176,4,0,0,0,technical,low
0.69,5,157,2,0,0,0,management,low
0.81,5,230,4,1,0,0,marketing,low
0.89,5,171,2,0,0,0,marketing,low
0.66,2,199,1,0,0,0,marketing,low
1.0,3,233,1,1,0,0,sales,low
0.83,4,155,4,0,0,0,sales,low
0.65,6,167,3,0,0,0,sales,low
0.79,4,281,2,0,0,0,sales,low
0.89,2,88,2,0,0,0,sales,low
0.52,2,267,1,0,0,0,sales,low
0.33,4,220,4,0,0,0,sales,low
0.62,4,169,4,0,0,0,sales,medium
0.74,2,241,3,0,0,1,sales,medium
0.44,4,128,4,1,0,1,sales,medium
0.8,4,164,4,1,0,1,sales,medium
0.89,5,286,4,1,0,1,sales,medium
0.63,4,178,2,0,0,1,sales,medium
0.92,2,192,4,0,0,0,sales,medium
0.45,7,304,4,0,0,0,sales,medium
0.98,2,197,6,0,0,0,sales,medium
0.73,5,171,2,0,0,0,sales,medium
0.64,5,203,4,1,0,0,sales,medium
0.86,3,176,3,0,0,0,sales,medium
0.71,5,170,2,0,0,0,accounting,high
0.62,4,200,4,0,0,0,accounting,low
0.62,4,263,3,0,0,0,accounting,medium
0.78,4,176,3,0,0,0,hr,medium
0.91,5,167,2,0,0,0,hr,medium
0.51,3,129,3,1,0,0,hr,medium
0.5,3,239,7,0,0,0,hr,low
0.78,4,245,6,0,0,0,technical,low
1.0,5,163,3,0,0,0,technical,low
0.68,2,215,4,0,0,0,technical,low
0.89,3,331,3,0,0,0,technical,low
1.0,5,149,2,1,0,0,technical,low
0.72,6,116,5,0,0,0,technical,low
0.56,5,262,1,0,0,0,technical,low
0.57,4,242,2,1,0,0,technical,low
0.86,5,141,4,0,0,0,technical,low
0.53,4,259,1,0,0,0,technical,low
0.89,5,191,2,0,0,0,technical,low
0.97,6,323,1,0,0,0,support,low
1.0,4,279,4,0,0,0,support,low
0.61,4,228,1,0,0,0,support,low
0.74,6,253,2,0,0,0,support,low
1.0,6,186,5,0,0,0,support,low
0.65,4,121,2,1,0,0,support,low
0.55,2,292,2,0,0,0,support,low
0.61,5,182,4,1,0,0,support,low
0.91,4,124,3,1,0,0,support,low
1.0,3,193,4,0,0,0,support,medium
0.94,3,199,3,0,0,0,support,medium
0.79,4,306,3,1,0,0,technical,medium
0.56,5,200,2,0,0,0,technical,medium
0.85,3,208,4,0,0,0,technical,medium
0.77,3,270,2,0,0,0,management,medium
0.87,2,176,2,0,0,0,IT,medium
0.68,7,184,2,0,0,0,IT,medium
0.85,4,214,3,1,0,0,IT,medium
0.74,3,222,1,0,0,0,IT,medium
0.69,4,153,4,1,0,0,IT,medium
0.85,2,140,1,0,0,0,product_mng,medium
0.73,2,227,3,0,0,0,product_mng,high
0.63,4,217,4,1,0,0,product_mng,low
0.94,5,330,4,0,0,0,product_mng,medium
0.39,1,169,1,0,0,0,IT,medium
0.56,4,229,4,0,0,0,RandD,medium
0.49,3,167,2,0,0,0,RandD,medium
0.66,4,105,3,0,0,0,RandD,low
0.4,2,239,5,0,0,0,RandD,low
1.0,4,175,1,0,0,0,RandD,low
0.54,4,159,4,0,0,0,RandD,low
0.67,4,238,6,0,0,0,marketing,low
0.79,5,281,1,0,0,0,sales,low
0.67,4,259,4,0,0,0,accounting,low
0.78,5,279,3,0,0,0,support,low
0.41,2,156,3,0,0,0,technical,low
0.78,4,189,1,0,0,0,management,low
0.82,4,244,1,1,0,0,marketing,low
1.0,5,201,5,0,0,0,marketing,low
0.78,3,168,3,1,0,0,marketing,low
0.67,4,291,3,0,0,0,sales,low
0.62,4,206,3,0,0,0,sales,low
0.76,3,212,3,0,0,0,sales,low
0.46,2,170,1,0,0,0,sales,low
0.45,4,195,3,0,0,0,sales,low
0.51,7,157,6,1,0,0,sales,low
0.77,4,216,4,0,0,0,sales,low
0.99,5,278,2,0,0,0,sales,low
0.47,4,160,5,0,0,0,sales,medium
0.98,4,225,3,1,0,1,sales,medium
0.66,3,136,3,0,0,1,sales,medium
0.81,5,254,4,0,0,1,sales,medium
0.68,5,156,2,0,0,1,sales,medium
0.55,5,252,3,1,0,1,sales,medium
0.68,6,252,3,0,0,1,sales,medium
0.71,5,219,3,0,0,1,sales,medium
0.71,3,274,4,1,0,1,sales,medium
0.79,5,288,1,0,0,1,sales,medium
0.9,6,218,5,1,0,1,sales,medium
0.7,2,130,2,0,0,0,accounting,medium
0.62,3,203,3,0,0,0,accounting,high
0.57,5,141,5,0,0,0,accounting,low
0.43,3,208,4,0,0,0,hr,medium
0.83,3,174,4,0,0,0,hr,medium
0.7,4,240,2,0,0,0,hr,medium
0.94,3,106,4,0,0,0,hr,medium
0.82,5,260,4,0,0,0,technical,low
0.78,3,98,3,0,0,0,technical,low
1.0,4,176,4,0,0,0,technical,low
0.8,1,183,2,0,0,0,technical,low
0.86,3,246,7,0,0,0,technical,low
0.97,6,197,3,0,0,0,technical,low
0.27,3,84,3,0,0,0,technical,low
0.56,5,169,3,1,0,0,technical,low
0.76,5,241,4,0,0,0,technical,low
0.44,4,106,4,0,0,0,technical,low
0.13,3,229,3,0,0,0,technical,low
0.37,5,168,3,0,0,0,support,low
0.7,4,242,3,0,0,0,support,low
0.63,3,182,3,0,0,0,support,low
0.46,4,178,4,0,0,0,support,low
0.87,5,133,5,0,0,0,support,low
0.95,4,141,3,0,0,0,support,low
0.87,4,191,4,1,0,0,support,low
0.98,4,238,2,1,0,0,support,medium
1.0,2,142,2,0,0,0,support,medium
0.66,4,273,3,0,0,0,support,medium
0.78,3,275,4,0,0,0,support,medium
0.96,4,233,5,0,0,0,technical,medium
0.69,3,219,3,0,0,0,technical,medium
0.74,6,254,2,0,0,0,technical,medium
0.64,5,158,3,0,0,0,management,medium
0.61,2,209,4,0,0,0,IT,medium
0.54,5,157,5,0,0,0,IT,medium
0.68,2,223,1,1,0,0,IT,medium
0.68,4,239,2,0,0,0,IT,medium
0.31,4,331,1,0,0,0,IT,high
0.82,1,318,5,0,0,0,product_mng,low
0.77,4,235,3,0,0,0,product_mng,medium
0.57,4,125,5,0,0,0,product_mng,medium
1.0,5,197,3,0,0,0,product_mng,medium
0.67,6,274,3,0,0,0,IT,medium
0.91,5,209,2,0,0,0,RandD,low
0.71,5,134,3,0,0,0,RandD,low
0.93,4,261,3,0,0,0,RandD,low
0.65,5,228,7,0,0,0,RandD,low
0.54,3,154,3,0,0,0,RandD,low
0.77,3,77,5,0,0,0,RandD,low
0.69,1,167,6,0,0,0,IT,low
0.66,4,117,4,0,0,0,IT,low
0.7,3,221,4,0,0,0,IT,low
0.52,2,221,5,0,0,0,IT,low
0.61,3,260,3,0,0,0,product_mng,low
0.72,4,161,2,1,0,0,product_mng,low
0.68,6,197,4,0,0,0,product_mng,low
0.64,4,104,3,0,0,0,product_mng,low
0.46,2,157,5,0,0,0,IT,low
0.64,3,115,2,0,0,0,RandD,low
0.63,2,117,6,0,0,0,RandD,low
0.61,5,226,4,0,0,0,RandD,low
1.0,3,143,4,0,0,0,RandD,low
0.8,5,293,5,0,0,0,RandD,low
0.75,5,267,2,1,0,0,RandD,low
0.58,1,163,8,0,0,0,marketing,medium
0.98,5,170,9,0,0,0,sales,medium
0.54,5,212,7,0,0,0,accounting,medium
0.93,3,303,9,0,0,0,support,medium
0.68,4,222,8,0,0,0,technical,medium
0.72,5,225,5,0,0,0,management,medium
0.71,5,162,6,0,0,0,marketing,medium
1.0,3,156,7,0,0,0,marketing,medium
0.57,3,210,6,0,0,0,marketing,medium
0.77,5,243,5,0,0,0,sales,medium
0.79,6,289,3,1,0,0,sales,medium
0.7,5,238,8,0,0,0,sales,medium
1.0,3,330,1,0,0,0,sales,high
0.98,4,191,2,1,0,0,sales,low
0.73,5,156,2,0,0,0,sales,medium
0.98,4,153,5,0,0,0,sales,medium
0.93,5,285,2,0,0,0,sales,medium
0.59,4,227,5,0,0,0,sales,medium
0.87,5,175,3,0,0,0,sales,low
0.85,4,219,2,1,0,0,sales,low
0.55,5,215,2,1,0,0,sales,low
0.91,6,167,1,0,0,0,sales,low
0.62,6,77,2,0,0,0,sales,low
0.54,5,224,3,1,0,0,sales,low
0.7,5,220,1,0,0,0,sales,low
0.43,4,98,1,0,0,0,sales,low
0.73,4,238,5,0,0,0,sales,low
0.41,2,167,2,1,0,0,sales,low
0.88,5,239,2,0,0,0,accounting,low
0.57,4,229,3,1,0,0,accounting,low
0.9,4,224,3,0,0,0,accounting,low
0.54,2,235,4,0,0,0,hr,low
0.78,8,257,2,1,0,0,hr,low
0.75,3,299,3,1,0,0,hr,low
0.35,3,243,2,0,0,0,hr,low
0.86,4,223,2,1,0,0,technical,low
0.96,5,120,2,0,0,0,technical,low
0.99,5,229,2,0,0,0,technical,low
0.49,4,182,2,0,0,0,technical,low
1.0,3,168,1,0,0,0,technical,medium
0.37,5,210,3,0,0,0,technical,medium
0.37,7,63,6,0,0,0,technical,medium
1.0,5,272,1,0,0,0,technical,medium
0.71,5,184,2,0,0,0,technical,medium
0.36,5,279,2,1,0,0,technical,medium
0.58,6,92,2,0,0,0,technical,medium
0.58,3,104,1,0,0,0,support,medium
0.64,3,139,2,0,0,0,support,medium
0.39,4,107,1,0,0,0,support,medium
0.81,5,248,2,0,0,0,support,medium
0.45,2,237,3,0,0,0,support,medium
0.52,5,180,3,0,0,0,support,high
1.0,3,182,1,0,0,0,support,low
0.62,3,173,2,0,0,0,support,medium
0.66,1,182,5,0,0,0,support,medium
0.74,5,184,2,0,0,0,support,medium
0.98,2,196,1,0,0,0,support,medium
0.68,6,176,4,0,0,0,technical,low
0.92,1,83,5,0,0,0,technical,low
0.5,5,221,2,0,0,0,technical,low
0.67,4,186,3,0,0,0,management,low
0.67,4,191,5,0,0,0,IT,low
0.61,6,238,5,1,0,0,IT,low
0.83,3,226,3,0,0,0,IT,low
0.31,2,236,3,0,0,0,IT,low
0.73,2,280,1,0,0,0,IT,medium
0.64,4,247,4,1,0,0,product_mng,medium
0.85,3,257,2,0,0,0,product_mng,medium
0.91,6,197,5,0,0,0,product_mng,medium
0.41,2,190,3,0,0,0,product_mng,medium
0.44,3,102,2,0,0,0,IT,medium
0.74,5,100,11,0,0,0,management,medium
1.0,2,293,8,0,0,0,management,medium
0.85,3,323,8,1,0,0,management,medium
0.7,3,154,10,0,0,0,management,medium
0.79,1,199,7,0,0,0,management,medium
0.58,4,192,6,0,0,0,management,medium
1.0,5,166,5,0,0,0,IT,medium
0.67,2,168,7,1,0,0,IT,medium
0.52,3,242,6,0,0,0,IT,medium
0.85,5,182,8,0,0,0,IT,medium
0.38,2,277,7,0,0,0,product_mng,medium
1.0,4,211,2,0,0,0,product_mng,medium
0.58,5,136,2,0,0,0,product_mng,medium
0.86,5,262,2,0,0,0,product_mng,medium
0.49,4,202,1,0,0,0,IT,medium
0.65,5,129,5,0,0,0,management,medium
0.56,3,216,3,0,0,0,management,medium
0.99,5,288,2,0,0,0,management,medium
0.22,6,173,3,0,0,0,management,medium
0.66,3,201,2,0,0,0,management,medium
0.9,4,282,4,0,0,0,management,medium
0.88,1,61,4,0,0,0,marketing,high
0.89,3,236,3,0,0,0,sales,high
0.49,6,237,4,0,0,0,accounting,high
0.7,4,267,1,0,0,0,support,high
0.84,5,212,3,0,0,0,technical,high
0.95,7,211,6,0,0,0,management,high
0.27,3,139,4,0,0,0,marketing,high
0.71,4,177,4,1,0,0,marketing,high
0.53,4,125,3,1,0,0,marketing,high
0.78,4,217,3,0,0,0,sales,high
0.47,2,109,4,1,0,0,sales,low
0.41,3,239,3,0,0,0,sales,low
0.85,4,215,2,0,0,0,sales,low
0.94,3,241,2,0,0,0,sales,low
0.46,3,272,3,1,0,0,sales,low
0.66,6,252,4,0,0,0,sales,low
1.0,4,147,5,0,0,0,sales,low
0.84,4,252,3,0,0,0,sales,low
0.54,4,179,1,0,0,0,sales,low
1.0,1,89,4,1,0,0,sales,low
0.48,1,118,4,0,0,0,sales,low
0.94,6,258,4,0,0,0,sales,low
0.92,4,156,3,0,0,0,sales,low
0.85,7,280,5,0,0,0,sales,low
0.9,4,157,3,0,0,0,sales,low
0.88,7,270,10,0,0,0,sales,medium
0.94,3,241,8,1,0,0,sales,medium
0.78,5,235,10,0,0,0,sales,medium
0.63,3,116,9,0,0,0,accounting,medium
0.76,3,127,8,0,0,0,accounting,medium
1.0,2,241,9,0,0,0,accounting,medium
0.68,5,162,5,0,0,0,hr,medium
1.0,6,301,6,0,0,0,hr,medium
0.78,3,121,7,0,0,0,hr,medium
0.98,2,221,7,0,0,0,hr,medium
0.87,3,268,5,0,0,0,technical,medium
0.32,5,201,3,1,0,0,technical,medium
0.8,3,243,4,0,0,0,technical,high
0.43,4,144,3,0,0,0,technical,high
0.87,3,225,4,0,0,0,technical,high
0.98,4,159,4,0,0,0,technical,high
0.54,2,192,2,1,0,0,technical,high
0.73,3,212,2,0,0,0,technical,high
0.74,6,262,7,0,0,0,technical,high
0.8,3,308,2,1,0,0,technical,high
1.0,5,199,3,0,0,0,technical,low
1.0,3,166,2,1,0,0,support,low
0.53,3,247,2,1,0,0,support,low
0.63,4,231,4,0,0,0,support,low
0.38,1,154,2,0,0,0,support,low
0.55,3,205,1,0,0,0,support,low
0.6,3,87,6,0,0,0,support,low
0.9,4,280,2,0,0,0,support,low
0.65,2,269,1,0,0,0,support,medium
0.39,2,169,4,0,0,0,support,medium
0.75,3,272,5,1,0,0,support,medium
1.0,5,133,1,0,0,0,support,medium
0.69,5,234,3,0,0,0,technical,medium
0.61,2,239,4,0,0,0,technical,medium
0.63,3,166,4,0,0,0,technical,medium
0.84,5,310,2,0,0,0,management,medium
0.8,3,149,3,0,0,0,IT,medium
0.7,3,262,2,1,0,0,IT,medium
0.66,3,126,4,0,0,0,IT,medium
1.0,4,140,2,0,0,0,IT,medium
0.95,3,117,4,0,0,0,IT,medium
0.7,6,234,5,0,0,0,product_mng,medium
0.62,6,294,7,0,0,0,product_mng,medium
1.0,3,193,4,0,0,0,product_mng,medium
0.35,5,229,2,0,0,0,product_mng,medium
0.82,5,226,3,0,0,0,IT,medium
1.0,2,223,5,0,0,0,IT,medium
0.95,4,215,5,1,0,0,IT,medium
0.38,5,186,3,0,0,0,IT,medium
0.84,3,205,4,0,0,0,IT,medium
1.0,6,273,5,0,0,0,product_mng,medium
0.45,5,94,2,0,0,0,product_mng,high
1.0,3,264,4,0,0,0,product_mng,low
0.92,5,265,1,0,0,0,product_mng,medium
0.92,2,224,1,0,0,0,IT,medium
0.92,7,188,3,1,0,1,RandD,medium
0.53,5,189,2,0,0,1,RandD,medium
0.36,1,107,3,0,0,1,RandD,medium
0.86,6,179,2,0,0,1,RandD,medium
0.86,5,298,1,0,0,1,RandD,medium
0.69,6,110,3,0,0,1,RandD,medium
0.34,2,91,5,1,0,1,marketing,medium
0.87,4,239,5,0,0,1,sales,medium
0.98,4,126,4,0,0,0,accounting,low
0.92,3,117,2,0,0,0,support,low
0.46,3,236,3,0,0,0,technical,low
0.87,4,50,7,0,0,0,management,low
0.53,4,148,2,0,0,0,marketing,low
0.57,3,266,5,1,0,0,marketing,low
0.53,4,135,11,1,0,0,marketing,low
0.85,3,286,10,0,0,0,sales,high
0.89,4,297,10,0,0,0,sales,low
0.47,1,284,9,0,0,0,sales,high
0.69,5,110,10,0,0,0,sales,high
0.93,3,117,10,0,0,0,sales,low
0.84,4,194,10,0,0,0,sales,low
0.83,2,179,3,1,0,0,sales,high
0.47,4,185,1,0,0,0,sales,low
0.49,4,90,4,0,0,0,sales,medium
0.7,1,180,4,1,0,0,sales,high
0.67,3,277,3,0,0,0,sales,medium
0.88,4,122,5,0,0,0,sales,medium
0.77,6,207,8,1,0,0,sales,medium
0.58,4,202,6,0,0,0,sales,medium
0.79,4,277,6,0,0,0,sales,high
0.63,2,172,7,0,0,0,sales,medium
0.66,5,158,7,0,0,0,sales,medium
0.81,1,292,4,0,0,0,sales,medium
0.63,4,170,6,0,0,0,sales,high
1.0,5,208,8,0,0,1,accounting,medium
1.0,4,226,7,0,0,1,accounting,high
0.97,4,217,8,0,0,1,accounting,low
0.84,6,154,7,0,0,1,hr,medium
0.38,3,126,9,0,0,1,hr,medium
0.92,2,273,7,1,0,1,hr,medium
0.37,2,278,4,1,0,1,hr,medium
0.28,5,75,7,1,0,1,technical,low
0.45,4,236,6,0,0,0,technical,low
0.83,3,167,5,0,0,0,technical,low
0.46,5,242,6,0,0,0,technical,low
0.64,4,265,5,0,0,0,technical,low
0.16,4,248,7,0,0,0,technical,low
1.0,4,234,10,0,0,0,technical,low
1.0,4,102,9,0,0,0,technical,low
0.61,3,220,2,0,0,0,technical,low
0.61,5,227,10,0,0,0,technical,low
0.88,3,128,9,0,0,0,technical,high
0.76,4,120,11,1,0,0,support,low
0.87,5,161,11,0,0,0,support,low
0.83,4,158,2,0,0,0,support,low
0.93,4,207,4,0,0,0,support,low
0.64,5,311,1,0,0,0,support,high
0.69,2,191,2,0,0,0,support,low
0.5,5,305,5,1,0,0,support,low
0.91,3,185,6,0,0,0,support,low
0.87,5,245,1,0,0,0,support,high
0.86,4,272,1,0,0,0,support,low
0.93,4,230,2,0,0,0,support,medium
0.57,4,237,3,1,0,0,technical,high
0.6,2,195,3,0,0,0,technical,medium
0.98,3,152,4,0,0,0,technical,high
0.8,4,155,2,0,0,0,management,medium
0.59,4,123,5,0,0,0,IT,medium
0.88,3,180,1,0,0,0,IT,medium
0.95,3,215,1,0,0,0,IT,medium
0.81,3,194,4,1,0,0,IT,medium
0.92,3,348,2,0,0,0,IT,medium
0.49,4,212,4,0,0,0,product_mng,medium
0.35,4,159,2,0,0,0,product_mng,medium
0.6,4,275,3,0,0,0,product_mng,high
0.9,8,108,4,0,0,0,product_mng,low
0.73,3,169,1,0,0,0,IT,medium
0.31,3,151,1,1,0,0,management,medium
0.57,5,327,5,0,0,0,management,medium
0.71,4,160,11,0,0,0,management,medium
0.51,3,195,10,1,0,0,management,medium
0.53,3,342,9,1,0,0,management,medium
0.78,4,105,11,1,0,0,management,medium
0.66,3,235,8,0,0,0,IT,medium
0.82,3,191,12,0,0,0,IT,medium
0.95,4,85,10,0,0,0,product_mng,high
0.91,3,129,2,0,0,0,product_mng,low
0.7,4,250,3,0,0,0,product_mng,low
0.72,3,111,4,0,0,0,product_mng,low
0.9,2,212,3,0,0,0,IT,high
0.71,5,193,1,0,0,1,management,medium
1.0,5,185,7,0,0,1,management,medium
0.53,4,196,8,0,0,1,management,medium
0.48,5,230,6,0,0,1,management,medium
0.64,3,70,8,0,0,1,management,medium
0.92,3,169,8,0,0,1,management,medium
0.8,2,212,6,0,0,1,marketing,low
0.85,2,189,6,0,0,1,sales,low
0.7,5,252,7,0,0,0,accounting,low
0.58,3,119,6,0,0,0,support,low
0.79,5,184,10,0,0,0,technical,low
0.97,3,165,9,1,0,0,management,medium
0.84,5,83,9,0,0,0,marketing,medium
0.38,3,147,9,0,0,0,marketing,medium
0.81,3,196,9,1,0,0,marketing,medium
0.43,5,169,4,0,0,0,sales,medium
0.58,3,172,6,0,0,0,sales,medium
0.76,4,164,5,0,0,0,sales,medium
0.25,5,134,6,0,0,0,sales,medium
0.67,3,209,5,0,0,0,sales,medium
0.78,4,223,7,1,0,0,sales,medium
0.7,5,130,6,0,0,0,sales,medium
1.0,2,339,12,0,0,0,sales,medium
0.51,6,141,12,1,0,0,sales,high
0.7,5,154,2,0,0,0,sales,low
0.43,4,244,10,0,0,0,sales,medium
0.64,3,227,10,1,0,0,sales,medium
0.63,5,326,10,1,0,0,sales,medium
0.52,4,310,11,0,0,0,sales,medium
0.73,5,259,1,0,0,0,sales,low
0.7,6,282,5,0,0,0,sales,low
0.79,6,275,5,0,0,0,sales,low
0.99,4,109,3,0,0,0,sales,low
0.4,4,174,2,0,0,0,sales,low
0.69,5,200,5,0,0,0,accounting,low
0.78,5,116,3,0,0,0,accounting,low
0.55,6,162,1,0,0,0,accounting,low
0.96,6,182,5,0,0,0,hr,low
0.48,3,204,1,1,0,0,hr,low
0.87,4,213,4,0,0,0,hr,low
0.26,4,177,3,0,0,0,hr,low
0.72,6,280,3,0,0,0,technical,low
0.5,4,220,6,0,0,0,technical,low
0.86,2,178,3,0,0,0,technical,low
0.43,3,186,1,1,0,0,technical,low
0.57,4,182,2,0,0,0,technical,low
0.67,5,176,2,0,0,0,technical,low
0.92,5,167,3,0,0,0,technical,low
0.88,3,173,5,0,0,0,technical,low
0.93,5,171,4,0,0,0,technical,low
0.67,3,270,4,0,0,0,technical,medium
0.87,5,234,1,0,0,0,technical,medium
0.76,4,114,4,1,0,0,support,medium
0.9,6,113,1,0,0,0,support,medium
0.75,6,255,3,0,0,0,support,medium
1.0,6,254,3,0,0,0,support,medium
0.48,4,118,1,0,0,0,support,medium
0.73,3,171,1,0,0,0,support,medium
0.72,4,267,3,0,0,0,support,medium
0.42,2,163,4,0,0,0,support,medium
0.69,2,179,4,0,0,0,support,medium
0.65,2,93,2,0,0,0,support,medium
0.65,4,199,2,0,0,0,support,high
0.55,3,199,1,0,0,0,technical,low
1.0,4,132,2,1,0,0,technical,medium
0.56,2,135,1,0,0,0,technical,medium
0.38,6,192,2,0,0,0,management,medium
0.7,2,177,1,0,0,0,IT,medium
0.28,4,195,5,0,0,0,IT,low
1.0,3,171,2,1,0,0,IT,low
0.87,4,238,1,0,0,0,IT,low
0.53,3,158,4,1,0,0,IT,low
0.85,4,282,4,1,0,0,product_mng,low
0.58,5,83,3,0,0,0,product_mng,low
0.9,3,156,4,0,0,0,product_mng,low
0.86,4,204,1,0,0,0,product_mng,low
0.62,3,234,5,0,0,0,IT,low
0.67,2,163,10,0,0,0,management,high
0.88,4,146,11,1,0,0,management,high
0.93,4,104,11,0,0,0,management,high
0.93,4,226,9,1,0,0,management,high
0.45,3,161,9,0,0,0,management,high
0.58,6,250,10,1,0,0,management,high
0.92,4,191,1,0,0,0,sales,low
0.89,2,150,2,0,0,0,sales,low
1.0,2,259,1,0,0,0,sales,low
0.75,3,151,3,0,0,0,sales,low
0.71,4,161,4,0,0,0,sales,low
1.0,5,314,2,0,0,0,sales,low
0.69,3,209,2,0,0,0,sales,medium
0.84,2,209,2,0,0,0,sales,medium
0.91,6,186,5,0,0,0,sales,medium
0.41,5,192,3,0,0,0,sales,medium
0.55,5,133,2,0,0,0,sales,medium
0.61,2,221,3,0,0,0,sales,medium
0.74,3,123,2,0,0,0,sales,medium
0.67,5,207,4,0,0,0,sales,medium
0.75,5,230,2,0,0,0,sales,medium
0.7,3,186,3,0,0,0,sales,medium
0.52,3,276,2,0,0,0,sales,medium
0.99,3,173,3,0,0,0,sales,medium
0.34,5,239,2,1,0,0,sales,high
0.37,3,176,4,0,0,0,sales,low
0.77,2,177,2,0,0,0,sales,medium
0.42,4,242,3,0,0,0,sales,medium
0.76,5,198,1,0,0,0,sales,medium
0.73,4,171,4,0,0,0,sales,medium
0.52,3,225,3,1,0,0,sales,low
0.62,5,253,3,0,0,0,sales,low
0.6,3,107,3,1,0,0,sales,low
0.39,5,88,4,0,0,0,sales,low
0.68,6,228,7,0,0,0,sales,low
0.72,2,93,1,0,0,0,sales,low
0.23,3,224,3,0,0,0,sales,low
0.72,3,111,6,0,0,0,sales,low
0.36,1,160,4,0,0,0,sales,low
0.65,5,136,3,1,0,0,sales,low
0.7,2,163,4,0,0,0,IT,low
0.55,2,152,4,0,0,0,product_mng,low
0.87,4,232,5,0,0,0,product_mng,low
0.39,3,161,2,1,0,0,product_mng,low
0.43,3,254,3,1,0,0,product_mng,low
0.68,4,109,3,0,0,0,IT,low
0.74,5,209,3,0,0,0,management,high
0.68,6,129,4,0,0,0,management,high
0.69,3,278,3,0,0,0,management,high
0.71,4,281,3,1,0,0,management,high
0.49,4,209,5,0,0,0,management,high
0.59,4,200,4,1,0,0,management,high
0.53,4,231,4,1,0,0,marketing,medium
0.94,4,279,2,0,0,0,sales,medium
0.73,3,161,2,0,0,1,accounting,medium
0.7,5,296,3,0,0,1,support,medium
0.61,5,259,4,0,0,1,technical,medium
0.54,5,245,1,0,0,1,management,medium
0.63,4,197,3,0,0,1,marketing,medium
0.69,3,239,4,0,0,1,marketing,medium
0.62,2,211,4,0,0,1,marketing,medium
1.0,5,178,4,0,0,1,sales,medium
0.55,4,258,4,0,0,0,sales,medium
1.0,4,224,4,0,0,0,sales,high
0.7,5,219,6,0,0,0,sales,low
0.27,6,159,6,0,0,0,sales,medium
1.0,6,279,2,0,0,0,sales,medium
0.75,3,149,3,0,0,0,sales,medium
0.99,2,234,4,0,0,0,sales,medium
0.43,4,286,2,1,0,0,IT,low
0.51,5,163,3,0,0,0,product_mng,low
0.4,6,281,3,0,0,0,product_mng,low
0.95,1,166,5,1,0,0,product_mng,low
0.76,6,167,1,0,0,0,product_mng,low
0.45,4,266,2,0,0,0,IT,low
0.81,2,263,3,0,0,0,management,high
0.55,3,306,3,0,0,0,management,high
0.49,4,211,2,0,0,0,management,high
0.59,2,232,1,1,0,0,management,high
0.49,3,246,4,0,0,0,management,high
0.58,4,274,7,0,0,0,management,high
0.73,3,297,2,0,0,0,marketing,low
0.54,4,201,1,0,0,0,sales,low
0.64,3,147,4,0,0,0,accounting,low
0.67,3,111,3,0,0,0,support,low
0.81,4,226,3,0,0,0,technical,low
0.56,3,132,1,0,0,0,management,low
0.88,7,241,3,0,0,0,marketing,medium
0.76,3,246,3,1,0,0,marketing,medium
0.38,4,124,2,0,0,0,marketing,medium
0.69,4,193,3,1,0,0,sales,medium
0.78,5,309,1,1,0,0,sales,medium
1.0,3,276,5,0,0,0,sales,medium
0.99,4,213,2,0,0,0,sales,medium
0.48,5,293,5,0,0,0,sales,medium
0.72,4,149,3,0,0,0,sales,medium
0.74,2,226,3,0,0,0,sales,medium
0.85,4,85,5,0,0,0,IT,medium
0.5,6,316,1,0,0,0,product_mng,medium
0.7,4,251,4,0,0,0,product_mng,high
0.65,2,121,5,0,0,0,product_mng,low
0.62,4,185,3,0,0,0,product_mng,medium
0.58,2,172,4,1,0,0,IT,medium
0.57,3,214,2,0,0,0,management,high
0.56,2,185,1,0,0,0,management,high
0.67,3,200,3,0,0,0,management,high
0.29,2,241,1,0,0,0,management,high
0.59,4,249,2,0,0,0,management,high
0.88,7,197,3,0,0,0,management,high
0.55,4,147,3,0,0,0,marketing,low
1.0,8,164,7,1,0,0,sales,low
0.72,4,113,4,0,0,0,accounting,low
0.28,3,259,5,0,0,1,support,low
0.68,6,214,4,0,0,1,technical,low
0.91,4,283,4,1,0,1,management,low
0.9,3,291,2,1,0,1,marketing,low
0.54,2,181,6,0,0,1,marketing,low
0.52,3,239,4,0,0,1,marketing,low
1.0,3,208,3,0,0,1,sales,low
0.62,5,205,3,0,0,1,sales,low
0.36,2,183,4,1,0,1,sales,low
0.68,3,125,1,0,0,1,sales,low
0.59,2,152,4,0,0,0,sales,low
0.81,5,210,1,0,0,0,sales,low
1.0,5,260,2,0,0,0,sales,low
0.65,3,284,1,0,0,0,sales,low
0.4,4,142,3,0,0,0,IT,medium
0.57,5,286,4,0,0,0,product_mng,medium
0.59,3,142,5,0,0,0,product_mng,medium
0.82,4,259,3,0,0,0,product_mng,medium
0.67,2,175,2,1,0,0,product_mng,medium
0.48,5,141,3,0,0,0,IT,medium
0.63,4,180,3,0,0,0,RandD,medium
0.65,6,250,5,0,0,0,RandD,medium
0.6,3,281,1,0,0,0,RandD,medium
0.77,5,142,2,0,0,0,RandD,medium
0.93,4,87,3,0,0,0,RandD,medium
0.57,2,121,2,0,0,0,RandD,medium
0.58,4,143,4,0,0,0,marketing,high
0.53,4,263,3,1,0,0,sales,low
0.7,3,143,3,0,0,0,accounting,medium
0.4,2,218,5,1,0,0,support,medium
0.45,3,232,6,1,0,0,technical,medium
1.0,4,136,6,1,0,0,management,medium
0.77,4,140,6,0,0,0,marketing,low
0.9,5,149,7,1,0,0,marketing,low
0.52,1,271,7,0,0,0,marketing,low
0.8,5,141,4,0,0,0,sales,low
0.64,4,145,7,0,0,0,sales,low
0.74,4,191,6,0,0,0,sales,low
0.8,5,289,8,0,0,0,sales,low
0.68,4,230,2,0,0,0,sales,low
0.63,3,308,4,0,0,0,sales,low
0.72,3,174,2,0,0,0,sales,low
0.43,3,166,2,0,0,0,sales,low
0.84,1,151,2,0,0,0,technical,low
0.59,3,178,1,0,0,0,support,low
0.78,1,134,5,1,0,0,support,low
0.9,3,144,3,0,0,0,support,low
0.9,5,174,7,1,0,0,support,low
0.91,5,158,8,0,0,0,support,low
0.7,6,215,8,1,0,0,support,low
0.66,6,133,9,0,0,0,support,low
1.0,4,164,7,1,0,0,support,low
0.55,6,271,4,0,0,0,support,low
0.89,5,208,9,1,0,0,support,medium
0.84,4,233,7,0,0,0,support,medium
0.32,2,227,10,0,0,0,technical,medium
0.52,3,168,7,0,0,0,technical,medium
1.0,5,165,10,0,0,0,technical,medium
0.93,6,268,8,1,0,0,management,medium
0.63,4,217,4,0,0,0,IT,medium
1.0,3,282,3,0,0,0,IT,medium
0.61,3,219,9,0,0,0,IT,medium
0.8,2,185,12,1,0,0,IT,medium
0.28,4,212,6,0,0,0,IT,medium
0.77,4,248,7,0,0,0,product_mng,medium
0.31,6,171,6,0,0,0,product_mng,high
0.37,4,113,7,0,0,0,product_mng,low
0.71,3,159,2,0,0,0,product_mng,medium
0.79,6,216,10,0,0,0,IT,medium
0.94,3,177,10,0,0,0,management,high
0.62,5,169,11,0,0,0,management,high
0.46,3,117,10,0,0,0,management,high
0.5,1,300,10,0,0,0,management,high
0.77,1,175,12,0,0,0,management,high
0.69,3,124,3,0,0,0,management,high
0.72,5,159,3,0,0,0,sales,low
0.91,4,95,3,0,0,0,sales,low
0.83,2,286,3,0,0,0,sales,low
1.0,5,240,3,1,0,0,sales,low
0.92,4,327,2,0,0,0,sales,medium
0.73,6,169,4,0,0,0,sales,medium
0.65,4,223,3,0,0,0,sales,medium
0.33,4,95,8,0,0,0,sales,medium
1.0,4,238,5,0,0,0,sales,medium
0.6,2,115,9,0,0,0,sales,medium
0.59,5,179,8,0,0,0,sales,medium
0.84,4,168,7,0,0,0,sales,medium
0.95,3,261,3,1,0,0,sales,medium
0.59,3,263,8,0,0,0,sales,medium
0.62,3,246,6,1,0,0,sales,medium
1.0,6,202,7,0,0,0,sales,medium
0.81,5,246,3,1,0,0,sales,medium
0.75,4,332,1,0,0,0,sales,medium
0.47,4,241,3,0,0,0,sales,medium
0.97,5,142,2,0,0,0,sales,medium
0.69,2,210,4,0,0,0,sales,medium
0.56,4,295,3,0,0,0,sales,medium
0.5,3,185,8,1,0,0,sales,medium
0.84,5,193,3,0,0,0,sales,medium
0.3,2,196,8,1,0,0,sales,medium
0.93,2,255,6,0,0,0,sales,medium
0.65,5,163,9,0,0,0,sales,medium
0.62,5,238,6,0,0,0,sales,medium
0.42,3,265,7,0,0,0,sales,medium
0.65,3,159,3,0,0,0,sales,low
0.73,5,143,9,0,0,0,sales,low
0.63,2,116,9,1,0,0,sales,low
0.97,7,111,10,0,0,0,sales,low
0.57,4,161,9,0,0,0,sales,low
0.79,4,132,9,0,0,0,IT,low
0.76,2,249,8,0,0,0,product_mng,low
0.39,4,85,5,0,0,0,product_mng,low
0.8,3,184,3,0,0,0,product_mng,low
0.53,3,119,9,0,0,0,product_mng,low
0.61,6,292,9,0,0,0,IT,low
0.81,7,264,8,0,0,0,management,high
0.45,5,87,6,0,0,0,management,high
0.72,2,211,7,0,0,0,management,high
0.45,6,177,7,0,0,0,management,high
0.84,3,295,2,0,0,0,management,high
0.71,5,244,9,0,0,0,management,high
0.9,5,274,11,0,0,0,marketing,low
0.84,2,189,9,0,0,0,sales,low
0.99,3,233,10,0,0,0,accounting,low
0.86,4,196,10,0,0,0,support,low
1.0,5,125,11,0,0,0,technical,low
0.81,3,270,6,1,0,0,management,low
0.88,2,104,4,0,0,0,marketing,low
0.48,3,155,5,0,0,0,marketing,low
0.38,4,220,2,1,0,0,marketing,low
0.86,3,206,6,0,0,0,sales,low
0.68,3,102,7,0,0,0,sales,medium
0.72,5,164,5,1,0,0,sales,medium
0.5,1,192,7,0,0,0,sales,medium
1.0,2,292,7,0,0,0,sales,medium
1.0,2,153,3,0,0,0,sales,medium
0.55,2,257,7,0,0,0,sales,medium
0.7,5,141,8,0,0,0,sales,medium
0.39,4,163,6,0,0,0,IT,medium
1.0,5,165,4,0,0,0,product_mng,medium
0.65,2,264,3,0,0,0,product_mng,medium
0.66,3,225,4,0,0,0,product_mng,medium
0.53,4,212,4,0,0,0,product_mng,medium
0.72,3,133,2,0,0,0,IT,high
0.37,3,243,3,0,0,0,management,high
0.87,4,236,5,0,0,0,management,high
0.42,4,211,4,0,0,0,management,high
0.83,3,193,7,0,0,0,management,high
0.29,3,82,8,0,0,0,management,high
0.71,4,225,8,1,0,0,management,high
0.6,3,334,9,1,0,0,marketing,high
0.49,3,122,8,0,0,0,sales,low
0.94,4,145,4,0,0,0,accounting,low
0.83,2,91,10,1,0,0,support,low
1.0,4,186,10,0,0,0,technical,low
0.74,3,251,8,1,0,0,management,low
0.68,6,241,9,0,0,0,marketing,low
0.89,5,216,8,0,0,0,marketing,low
0.36,1,160,8,1,0,0,marketing,low
0.86,3,197,6,0,0,0,sales,medium
0.97,5,95,1,0,0,0,sales,medium
1.0,4,219,10,0,0,0,sales,medium
0.61,3,188,8,0,0,0,sales,medium
0.79,6,306,7,0,0,0,sales,medium
0.66,5,226,6,0,0,0,sales,medium
0.83,5,225,4,0,0,0,sales,medium
0.74,4,247,8,0,0,0,IT,medium
0.75,3,295,2,1,0,0,product_mng,medium
0.37,4,122,11,0,0,0,product_mng,medium
0.56,4,256,9,1,0,0,product_mng,medium
1.0,3,278,10,0,0,0,product_mng,medium
0.87,5,296,8,0,0,0,IT,medium
0.85,4,238,10,0,0,0,management,high
0.74,3,234,9,0,0,0,management,high
0.95,5,233,3,0,0,0,management,high
0.93,4,309,10,0,0,0,management,high
0.85,2,203,8,0,0,0,management,high
0.75,4,311,11,0,0,0,management,high
0.66,5,216,9,0,0,0,marketing,medium
0.61,6,248,12,0,0,0,sales,medium
0.58,4,135,10,0,0,0,accounting,medium
0.91,3,215,4,1,0,0,support,medium
0.56,3,215,2,0,0,0,technical,high
0.7,5,180,3,0,0,0,management,low
0.83,3,149,3,0,0,0,marketing,medium
0.32,7,229,8,0,0,0,marketing,medium
0.91,4,143,6,0,0,0,marketing,medium
0.94,3,120,7,0,0,0,sales,medium
0.65,2,278,8,0,0,0,sales,medium
0.62,4,139,7,1,0,0,sales,medium
0.68,6,196,3,0,0,0,sales,medium
0.89,2,183,7,0,0,0,sales,medium
0.56,6,223,6,1,0,0,sales,medium
0.73,4,188,7,0,0,0,sales,medium
0.7,4,208,5,0,0,0,sales,low
1.0,5,233,2,0,0,0,IT,low
0.48,6,193,4,0,0,0,product_mng,low
0.63,4,276,3,0,0,0,product_mng,low
0.87,2,165,2,0,0,0,product_mng,low
0.7,4,171,3,0,0,0,product_mng,low
0.84,4,168,7,0,0,0,IT,low
0.76,4,304,4,1,0,0,RandD,high
0.58,4,200,10,1,0,0,RandD,low
0.59,7,159,10,0,0,0,RandD,high
0.89,2,138,8,0,0,0,RandD,high
0.44,5,150,8,1,0,0,RandD,low
0.6,3,214,7,0,0,0,RandD,low
0.76,3,155,5,0,0,0,marketing,high
1.0,3,205,10,1,0,0,sales,low
0.76,2,258,9,0,0,0,accounting,medium
0.72,4,141,9,1,0,0,support,high
0.23,5,145,7,0,0,0,technical,medium
0.72,6,172,10,0,0,0,management,medium
0.93,4,140,9,0,0,0,marketing,medium
0.52,2,369,2,0,0,0,marketing,medium
0.85,4,290,2,0,0,0,marketing,high
0.52,6,248,10,1,0,0,sales,medium
0.51,6,122,9,1,0,0,sales,medium
0.68,3,188,7,0,0,0,sales,medium
0.44,5,86,9,0,0,0,sales,high
0.29,6,222,8,0,0,0,sales,medium
0.76,3,134,5,0,0,0,sales,high
0.57,4,189,2,0,0,0,sales,low
0.95,4,231,10,0,0,0,sales,medium
0.9,4,146,11,0,0,0,technical,medium
0.61,3,108,9,0,0,0,support,medium
0.99,2,159,10,0,0,0,support,medium
0.44,1,155,10,1,0,0,support,low
0.54,2,174,12,0,0,0,support,low
0.44,4,213,3,0,0,0,support,low
0.86,3,174,4,0,0,0,support,low
0.92,4,180,1,0,0,0,support,low
0.41,3,215,2,1,0,0,support,low
0.83,3,233,1,0,0,0,support,low
1.0,3,168,4,0,0,0,support,low
0.52,4,162,6,0,0,0,support,low
0.9,4,184,6,1,0,0,technical,low
0.66,1,211,2,0,0,0,technical,high
0.86,4,155,4,0,0,0,technical,low
0.43,4,141,5,0,0,0,management,low
0.78,5,307,3,0,0,0,IT,low
0.66,5,254,3,0,0,0,IT,low
0.95,4,159,2,0,0,0,IT,high
0.81,4,154,2,1,0,0,IT,low
0.7,3,220,3,0,0,0,IT,low
0.79,3,289,1,1,0,0,product_mng,low
0.73,5,193,1,1,0,0,product_mng,high
0.62,5,357,5,0,0,0,product_mng,low
0.35,2,164,2,0,0,0,product_mng,medium
0.73,5,125,1,0,0,0,IT,high
0.89,4,178,3,0,0,0,management,high
0.85,6,209,2,0,0,0,management,high
1.0,3,258,2,0,0,0,management,high
0.91,4,197,5,0,0,0,management,high
0.8,6,180,2,0,0,0,management,high
1.0,4,126,4,0,0,0,management,high
0.82,3,122,3,0,0,0,sales,medium
0.5,2,138,5,0,0,0,sales,medium
0.62,6,154,4,0,0,0,sales,medium
0.54,4,146,3,0,0,0,sales,medium
0.75,4,188,3,1,0,0,sales,high
0.66,3,173,3,1,0,0,sales,low
0.6,2,118,4,1,0,0,sales,medium
0.62,2,159,2,0,0,0,sales,medium
0.91,6,112,9,0,0,0,sales,medium
0.62,3,190,7,0,0,0,sales,medium
0.65,3,166,7,0,0,0,sales,medium
0.55,7,290,5,0,0,1,sales,medium
0.88,5,189,7,0,0,1,sales,medium
1.0,5,214,3,1,0,1,sales,medium
0.75,4,220,6,0,0,1,sales,medium
0.76,5,199,6,0,0,1,sales,high
0.46,2,220,6,0,0,1,sales,low
1.0,4,114,3,0,0,1,sales,low
1.0,6,192,3,1,0,0,sales,low
0.72,6,201,3,1,0,0,sales,high
0.5,4,287,3,0,0,0,sales,low
0.76,5,259,4,0,0,0,sales,low
0.73,5,277,3,0,0,0,sales,low
0.89,2,261,6,0,0,0,sales,high
0.57,5,212,3,0,0,0,sales,low
0.6,4,318,8,0,0,0,sales,low
0.63,4,191,8,1,0,0,sales,low
0.58,6,161,7,1,0,0,sales,low
0.6,2,94,8,0,0,0,sales,low
0.85,6,195,9,0,0,0,sales,low
0.99,3,88,4,0,0,0,sales,low
0.83,4,115,11,0,0,0,sales,medium
0.54,1,277,10,0,0,0,sales,medium
0.34,2,214,10,0,0,0,sales,medium
0.64,4,161,8,1,0,0,IT,medium
0.68,3,224,7,0,0,0,product_mng,medium
0.53,2,129,9,1,0,0,product_mng,medium
1.0,5,253,2,1,0,0,product_mng,medium
0.46,5,181,5,0,0,0,product_mng,medium
0.7,4,101,12,0,0,0,IT,medium
0.72,4,215,10,0,0,0,management,high
0.75,6,183,7,0,0,1,management,high
0.45,1,138,8,1,0,1,management,high
0.99,3,279,6,1,0,1,management,high
0.89,4,196,8,0,0,1,management,high
1.0,5,172,4,1,0,1,management,high
0.49,5,134,8,0,0,1,marketing,medium
0.93,4,230,9,0,0,0,sales,medium
0.69,3,336,11,0,0,0,accounting,medium
0.93,4,112,10,0,0,0,support,low
0.64,3,253,10,0,0,0,technical,low
0.73,4,150,10,1,0,0,management,low
0.83,2,196,2,0,0,0,marketing,low
0.53,5,219,3,1,0,0,marketing,low
0.84,4,300,1,1,0,0,marketing,low
0.59,3,225,3,0,0,0,sales,low
0.3,4,263,4,0,0,0,sales,low
0.49,5,135,4,0,0,0,sales,low
0.57,5,243,3,0,0,0,sales,low
0.56,5,210,6,0,0,0,sales,low
0.76,3,282,3,0,0,0,sales,low
0.64,4,178,1,0,0,0,sales,low
0.39,3,177,3,1,0,0,sales,low
0.71,3,154,2,0,0,0,IT,low
0.76,5,247,5,0,0,0,product_mng,low
0.51,5,199,3,0,0,0,product_mng,low
0.66,3,146,5,0,0,0,product_mng,low
0.64,3,199,1,0,0,0,product_mng,low
0.56,5,351,2,0,0,0,IT,low
0.74,5,137,3,0,0,0,management,high
0.74,3,223,4,1,0,0,management,high
0.94,4,152,5,0,0,0,management,high
0.72,4,169,4,1,0,0,management,high
1.0,3,241,3,0,0,0,management,high
0.75,3,206,5,1,0,0,management,high
1.0,4,266,4,0,0,0,marketing,medium
0.35,5,201,4,0,0,0,sales,medium
1.0,4,214,4,0,0,0,accounting,medium
0.93,4,264,2,0,0,0,support,medium
0.82,5,196,3,1,0,0,technical,medium
1.0,4,209,1,0,0,0,management,medium
0.54,4,262,4,1,0,1,marketing,medium
0.33,3,250,1,0,0,1,marketing,high
0.88,4,252,1,0,0,1,marketing,low
0.63,3,111,2,0,0,1,sales,medium
0.53,3,264,2,0,0,1,sales,medium
0.91,2,228,1,1,0,1,sales,medium
0.56,2,155,3,0,0,0,sales,medium
0.67,3,259,1,0,0,0,sales,low
0.56,5,126,3,0,0,0,sales,low
0.89,3,296,1,0,0,0,sales,low
0.58,4,190,1,0,0,0,IT,low
0.77,4,180,3,0,0,0,product_mng,low
0.98,3,168,2,0,0,0,product_mng,low
1.0,5,155,5,0,0,0,product_mng,low
0.61,2,125,4,0,0,0,product_mng,low
0.8,5,150,3,0,0,0,IT,low
0.45,2,134,2,0,0,0,management,high
0.46,4,232,4,0,0,0,management,high
1.0,1,238,2,0,0,0,management,high
0.55,5,119,5,0,0,0,management,high
0.89,4,169,4,0,0,0,management,high
0.71,4,245,2,0,0,0,management,high
0.84,3,173,4,0,0,0,marketing,low
0.61,4,180,2,0,0,0,sales,low
0.69,3,301,4,0,0,0,accounting,low
0.48,2,279,3,0,0,0,support,low
0.66,4,218,4,1,0,1,technical,low
1.0,2,227,1,1,0,1,management,low
0.69,3,147,5,0,0,1,marketing,medium
0.66,5,251,4,0,0,1,marketing,medium
0.67,5,142,1,0,0,1,marketing,medium
1.0,4,218,5,0,0,1,sales,medium
0.68,4,204,2,0,0,0,sales,medium
0.86,7,173,2,0,0,0,sales,medium
0.68,4,196,2,1,0,0,sales,medium
0.43,1,222,5,0,0,0,sales,medium
0.74,3,190,3,1,0,0,sales,medium
0.71,5,82,2,0,0,0,sales,medium
0.64,5,236,1,0,0,0,sales,medium
0.83,3,200,3,0,0,0,IT,medium
0.93,5,214,6,1,0,0,product_mng,high
0.55,3,219,3,0,0,0,product_mng,low
0.99,5,158,2,0,0,0,product_mng,medium
1.0,2,133,3,0,0,0,product_mng,medium
0.63,5,135,4,0,0,0,IT,medium
0.97,5,181,1,0,0,0,management,high
0.47,2,143,1,0,0,0,management,high
0.84,4,284,4,0,0,0,management,high
0.55,2,256,2,0,0,0,management,high
0.76,2,182,4,0,0,0,management,high
0.69,5,177,2,0,0,0,management,high
0.74,5,198,4,1,0,0,marketing,low
0.6,6,203,4,0,0,0,sales,low
0.42,4,196,2,0,0,0,accounting,low
0.67,3,228,4,0,0,0,support,low
0.76,4,173,2,1,0,0,technical,low
0.8,5,112,2,0,0,0,management,low
0.66,5,297,4,0,0,0,marketing,low
0.68,5,193,3,0,0,0,marketing,low
0.86,5,241,5,0,0,0,marketing,low
0.66,3,243,4,0,0,0,sales,low
0.89,4,266,4,0,0,0,sales,low
0.74,6,180,4,0,0,0,sales,low
0.59,2,128,4,0,0,0,sales,low
0.56,4,163,4,0,0,0,sales,low
0.95,6,91,4,0,0,0,sales,low
0.79,2,232,4,0,0,0,sales,low
1.0,5,312,5,0,0,0,sales,medium
0.74,4,123,2,0,0,0,technical,medium
0.53,2,205,4,0,0,0,support,medium
0.73,5,150,3,0,0,0,support,medium
0.96,5,196,2,0,0,0,support,medium
0.32,3,239,2,0,0,0,support,medium
0.48,5,144,4,1,0,0,support,medium
0.82,2,146,3,0,0,0,support,medium
0.91,5,198,3,0,0,0,support,medium
0.66,3,55,2,0,0,0,support,medium
0.99,4,297,2,0,0,0,support,medium
0.77,4,205,2,0,0,0,support,medium
0.86,2,271,1,0,0,0,support,high
0.29,5,180,4,0,0,0,technical,low
0.45,5,137,6,0,0,0,technical,medium
0.37,2,243,4,0,0,0,technical,medium
0.7,3,213,3,0,0,0,management,medium
0.73,4,271,1,0,0,0,IT,medium
0.61,3,133,3,0,0,0,IT,low
0.62,4,267,4,1,0,0,IT,low
0.41,2,148,5,0,0,0,IT,low
0.84,3,175,5,1,0,0,IT,low
0.49,2,301,2,0,0,0,product_mng,low
0.77,3,193,4,1,0,0,product_mng,low
0.61,3,154,1,0,0,0,product_mng,low
0.55,3,241,3,0,0,0,product_mng,low
0.52,3,228,1,1,0,0,IT,low
0.4,5,186,3,0,0,1,management,high
0.71,7,207,3,0,0,1,management,high
0.64,2,188,1,1,0,1,management,high
0.51,5,123,5,0,0,1,management,high
0.76,3,68,5,0,0,1,management,high
0.71,6,254,1,0,0,1,management,high
0.39,3,154,7,0,0,0,sales,low
0.95,3,115,5,0,0,0,sales,low
1.0,2,209,3,0,0,0,sales,low
0.35,4,150,3,0,0,0,sales,medium
1.0,5,218,1,0,0,0,sales,medium
0.65,3,301,2,0,0,0,sales,medium
0.73,6,235,5,1,0,0,sales,medium
0.62,2,197,8,1,0,0,sales,medium
0.5,3,169,7,0,0,0,sales,medium
0.65,5,151,7,1,0,0,sales,medium
1.0,7,317,7,0,0,0,sales,medium
0.61,3,182,5,0,0,0,sales,medium
0.74,4,218,3,1,0,0,sales,medium
0.31,2,155,5,0,0,0,sales,medium
0.57,4,219,6,0,0,0,sales,medium
0.95,5,276,6,0,0,0,sales,high
0.48,3,167,4,0,0,0,sales,low
0.8,1,270,2,0,0,0,sales,medium
0.59,2,297,4,0,0,0,sales,medium
0.57,4,266,1,0,0,0,sales,medium
1.0,5,151,3,0,0,0,sales,medium
0.81,3,203,2,0,0,0,sales,low
0.95,3,141,7,1,0,0,sales,low
0.79,4,264,5,0,0,0,sales,low
0.43,6,221,6,1,0,0,sales,low
0.7,4,126,7,0,0,0,sales,low
0.65,6,117,10,0,0,0,sales,low
0.46,2,252,7,0,0,0,sales,low
0.73,2,205,8,0,0,0,sales,low
0.76,5,199,2,0,0,0,sales,low
0.7,3,68,1,0,0,0,sales,low
0.82,5,202,2,0,0,0,sales,low
0.8,3,167,7,0,0,0,sales,low
0.57,1,232,7,0,0,0,sales,low
0.66,3,267,8,1,0,0,IT,low
0.86,6,156,8,1,0,0,product_mng,low
1.0,3,171,5,0,0,0,product_mng,low
0.79,3,172,4,0,0,0,product_mng,low
1.0,5,220,4,0,0,0,product_mng,low
0.46,6,168,1,0,0,0,IT,low
0.89,5,235,6,0,0,1,management,high
0.89,2,220,6,1,0,1,management,high
0.67,3,206,8,0,0,1,management,high
0.66,6,118,6,0,0,1,management,high
0.9,3,110,5,0,0,1,management,high
0.86,4,191,10,0,0,1,management,high
1.0,4,163,11,0,0,0,marketing,medium
0.83,3,276,12,0,0,0,sales,medium
0.78,4,260,9,0,0,0,accounting,medium
0.92,5,203,8,1,0,0,support,medium
0.74,3,218,10,0,0,0,technical,medium
1.0,5,170,4,0,0,0,management,medium
0.73,3,295,2,0,0,0,marketing,medium
0.56,5,234,3,0,0,0,marketing,medium
0.52,3,247,5,0,0,0,marketing,high
1.0,4,293,4,0,0,0,sales,low
0.38,4,211,3,0,0,0,sales,medium
0.57,4,228,2,0,0,0,sales,medium
0.36,4,146,3,0,0,0,sales,medium
0.69,1,189,2,0,0,0,sales,medium
0.7,1,234,8,0,0,0,sales,low
1.0,6,138,5,0,0,0,sales,low
0.69,3,182,7,0,0,0,sales,low
0.53,3,278,7,0,0,0,IT,low
0.77,4,289,8,0,0,0,product_mng,low
0.67,5,233,2,1,0,0,product_mng,low
0.89,2,206,8,0,0,0,product_mng,low
0.5,1,91,7,0,0,0,product_mng,low
0.36,3,180,8,0,0,0,IT,low
0.7,5,213,3,0,0,0,IT,low
0.82,4,237,2,1,0,0,IT,low
0.66,3,176,4,0,0,0,IT,low
1.0,5,167,3,0,0,0,IT,low
0.85,3,156,3,1,0,0,IT,low
0.53,3,222,1,0,0,0,IT,low
0.41,5,146,7,1,0,0,marketing,high
0.72,3,108,2,0,0,0,accounting,high
0.69,3,285,7,0,0,0,accounting,high
0.61,4,147,9,0,0,0,IT,medium
0.5,5,282,8,0,0,0,IT,medium
0.61,3,266,6,0,0,0,management,high
0.84,1,116,7,0,0,0,marketing,medium
0.55,4,196,3,1,0,0,marketing,medium
0.72,5,219,2,0,0,0,marketing,medium
0.82,5,172,3,1,0,0,sales,medium
0.71,3,284,5,0,0,0,sales,medium
0.86,5,235,8,0,0,0,sales,medium
0.37,4,111,8,0,0,0,sales,medium
0.45,5,162,5,0,0,0,sales,medium
0.69,4,191,4,1,0,0,sales,medium
0.73,4,240,2,0,0,0,sales,medium
0.51,4,163,4,0,0,0,IT,medium
0.9,4,284,5,0,0,0,product_mng,medium
0.8,4,83,6,0,0,0,product_mng,high
0.97,3,251,7,0,0,0,product_mng,low
0.43,3,209,7,0,0,0,product_mng,medium
0.36,2,243,7,0,0,0,IT,medium
0.8,2,264,2,1,0,0,IT,medium
0.39,4,310,9,0,0,1,management,high
0.99,2,257,10,0,0,1,management,high
0.41,2,317,9,1,0,1,management,high
0.94,6,289,8,0,0,1,management,high
0.64,3,173,9,0,0,1,management,high
0.64,2,180,9,0,0,1,marketing,high
0.62,4,203,4,0,0,0,IT,low
0.67,1,162,1,0,1,0,sales,low
0.63,4,230,7,0,1,0,sales,medium
0.84,8,256,6,0,1,0,sales,medium
0.87,6,253,4,0,1,0,sales,low
0.52,2,150,2,0,1,0,sales,low
0.52,2,154,4,0,1,0,sales,low
0.84,6,244,5,0,1,0,sales,low
0.85,5,228,4,0,1,0,sales,low
0.96,4,218,5,0,1,0,sales,low
0.48,3,126,3,0,1,0,sales,low
0.47,2,111,2,0,1,0,sales,low
0.9,6,268,5,0,1,0,sales,low
0.84,4,230,5,0,1,0,sales,low
0.65,3,170,2,0,1,0,sales,low
0.56,2,176,3,0,1,0,sales,low
0.48,1,94,3,0,1,0,sales,low
0.54,2,216,6,0,1,0,sales,low
0.9,5,265,6,0,1,0,sales,low
0.59,1,121,4,1,1,1,sales,low
0.92,5,248,5,0,1,0,sales,low
0.76,7,216,4,0,1,0,sales,low
0.61,2,90,3,0,1,0,sales,low
1.0,6,364,4,0,1,0,sales,low
0.71,3,115,6,0,1,0,sales,low
0.65,3,177,3,0,1,0,sales,low
0.98,5,238,2,0,1,0,sales,low
0.73,4,240,7,0,1,0,sales,low
0.78,3,148,2,0,1,0,sales,low
0.29,3,55,3,0,1,0,accounting,low
0.61,2,178,2,0,1,0,accounting,low
0.67,6,291,3,0,1,0,accounting,low
0.43,2,116,2,0,1,0,hr,low
0.5,3,161,1,0,1,0,hr,low
0.54,3,115,2,0,1,0,hr,low
1.0,5,253,7,0,1,0,hr,low
0.85,5,249,2,0,1,0,technical,low
0.43,2,162,4,0,1,0,technical,low
0.22,2,119,5,0,1,0,technical,low
1.0,7,270,4,0,1,0,technical,low
0.41,2,165,2,0,1,0,technical,low
0.92,6,260,5,0,1,0,technical,low
0.47,2,94,4,0,1,0,technical,low
0.45,2,134,4,0,1,0,technical,low
0.9,7,262,4,0,1,0,technical,low
1.0,7,288,5,0,1,0,technical,low
0.77,3,152,5,0,1,0,technical,low
0.63,1,105,4,0,1,0,support,low
0.74,2,314,6,0,1,0,support,low
0.66,2,177,2,0,1,0,support,low
0.41,1,147,4,0,1,0,support,low
0.91,5,167,1,0,1,0,support,low
0.68,2,163,6,0,1,0,support,low
0.68,1,134,2,0,1,0,support,low
0.46,2,90,4,0,1,0,support,low
0.9,6,317,3,0,1,0,support,low
0.49,1,175,3,0,1,0,support,low
0.78,6,276,3,0,1,0,support,low
1.0,5,311,3,0,1,0,technical,low
0.54,2,148,2,0,1,0,technical,low
1.0,5,217,5,0,1,0,technical,low
0.84,5,263,5,0,1,0,management,medium
0.77,6,355,5,0,1,0,IT,medium
0.88,6,199,4,0,1,0,IT,medium
0.59,1,171,4,0,1,0,IT,medium
1.0,5,364,3,0,1,0,IT,medium
0.72,5,179,5,0,1,0,IT,medium
0.58,1,187,4,0,1,0,product_mng,medium
0.94,5,241,7,0,1,0,product_mng,medium
0.92,4,205,5,1,1,0,product_mng,medium
0.68,1,128,4,0,1,0,product_mng,medium
1.0,1,263,1,0,1,0,IT,medium
0.87,4,229,4,0,1,0,product_mng,medium
0.53,2,143,3,0,1,0,product_mng,high
0.69,7,324,5,0,1,0,product_mng,low
0.84,6,232,4,0,1,0,product_mng,medium
0.84,7,312,3,0,1,0,product_mng,medium
0.83,6,300,3,0,1,0,product_mng,medium
0.59,1,126,3,0,1,0,marketing,medium
0.76,2,174,3,0,1,0,sales,low
0.65,3,156,4,0,1,0,accounting,low
0.69,4,127,4,0,1,0,support,low
0.5,2,188,3,0,1,0,technical,low
0.49,4,159,3,0,1,1,management,low
0.84,4,304,7,0,1,0,marketing,low
0.67,7,289,4,0,1,0,marketing,low
1.0,6,294,4,0,1,0,marketing,low
0.93,6,225,2,0,1,0,sales,low
0.51,1,173,4,0,1,0,sales,low
0.72,2,125,3,0,1,0,sales,low
0.55,7,288,5,0,1,0,sales,low
0.57,1,199,2,0,1,0,sales,low
0.84,5,199,4,0,1,0,sales,low
0.48,3,155,4,0,1,0,sales,low
0.51,3,127,3,0,1,0,sales,low
0.91,7,246,3,0,1,0,sales,low
0.54,3,122,4,0,1,0,sales,low
0.93,6,242,3,0,1,0,sales,low
0.77,8,265,5,0,1,0,sales,low
1.0,6,301,3,0,1,0,sales,low
1.0,2,251,7,0,1,0,sales,medium
0.32,2,92,3,0,1,0,sales,medium
0.41,2,105,3,0,1,0,sales,medium
0.44,3,169,3,0,1,0,sales,medium
1.0,7,289,4,0,1,0,sales,medium
0.58,3,107,3,0,1,0,sales,medium
0.32,7,255,6,0,1,0,accounting,medium
0.98,3,257,5,0,1,0,accounting,medium
0.74,2,174,4,0,1,0,accounting,medium
0.88,2,147,3,0,1,0,hr,medium
0.45,2,106,4,0,1,0,hr,medium
0.53,1,133,4,0,1,0,hr,medium
0.94,6,280,5,0,1,0,hr,high
0.47,2,149,3,0,1,0,technical,low
1.0,4,244,5,0,1,0,technical,medium
0.96,7,293,5,0,1,0,technical,medium
0.57,2,78,2,0,1,0,technical,medium
0.7,3,233,2,0,1,0,technical,medium
0.9,7,236,7,0,1,0,technical,low
0.48,3,134,5,0,1,0,technical,low
0.36,1,157,2,0,1,0,technical,low
0.73,3,188,2,1,1,0,technical,low
0.45,2,173,3,0,1,0,technical,low
1.0,4,233,7,0,1,0,technical,low
0.8,6,240,5,1,1,0,support,low
0.6,2,80,5,0,1,0,support,low
0.85,5,300,3,0,1,0,support,low
0.47,1,170,3,0,1,0,support,low
0.98,5,205,5,0,1,0,support,low
0.96,5,221,5,0,1,0,support,low
0.39,2,140,4,0,1,0,support,low
1.0,6,278,5,0,1,0,support,low
0.61,3,104,3,0,1,0,support,low
0.88,5,230,6,0,1,0,support,low
0.55,2,213,3,0,1,0,support,low
0.45,1,115,4,0,1,0,technical,low
0.89,6,178,7,0,1,0,technical,low
0.83,7,252,4,1,1,0,technical,low
0.49,3,75,2,0,1,0,management,low
0.89,3,284,5,0,1,0,IT,low
0.99,4,249,6,0,1,0,IT,low
0.82,6,289,2,0,1,0,IT,low
0.4,1,206,2,0,1,0,IT,low
0.84,5,246,5,0,1,0,IT,low
0.66,4,199,1,0,1,0,product_mng,low
0.95,5,236,4,0,1,0,product_mng,low
0.54,2,120,2,0,1,0,product_mng,low
1.0,4,276,5,0,1,0,product_mng,low
0.97,4,252,4,0,1,0,IT,low
0.84,3,263,5,1,1,0,marketing,low
0.37,2,191,2,0,1,0,marketing,low
0.65,5,324,6,0,1,0,marketing,low
0.53,2,139,2,0,1,0,marketing,low
0.66,3,178,1,0,1,0,marketing,low
0.39,2,116,4,0,1,0,marketing,low
0.56,2,137,2,0,1,0,sales,low
0.69,7,312,3,0,1,0,accounting,low
1.0,4,253,6,0,1,0,support,low
1.0,5,268,3,0,1,0,technical,low
0.42,1,201,3,0,1,0,management,low
0.47,2,66,2,0,1,0,marketing,low
0.9,7,303,4,0,1,0,marketing,low
1.0,5,250,5,0,1,0,marketing,low
0.54,1,86,2,0,1,0,sales,low
0.9,4,285,9,0,1,0,sales,low
1.0,6,234,4,0,1,0,sales,low
0.92,7,299,3,0,1,0,sales,low
0.47,3,140,4,0,1,0,sales,low
0.53,4,81,5,0,1,0,sales,low
0.49,1,98,5,0,1,0,sales,low
0.58,2,213,3,0,1,0,sales,low
1.0,4,257,5,0,1,0,sales,low
0.5,3,66,3,0,1,1,sales,low
0.54,7,267,5,0,1,0,sales,low
0.81,7,283,4,0,1,0,sales,low
0.3,2,282,5,0,1,0,sales,low
0.7,4,94,2,0,1,0,sales,low
0.24,1,147,3,0,1,0,sales,low
0.4,3,111,2,0,1,0,sales,medium
0.33,1,135,5,0,1,0,sales,medium
0.9,6,326,5,0,1,0,sales,medium
0.47,2,160,3,0,1,0,sales,medium
0.88,6,310,6,0,1,0,accounting,medium
0.98,5,334,5,0,1,0,accounting,medium
0.63,5,245,5,0,1,0,accounting,medium
0.61,1,128,3,0,1,0,hr,medium
0.69,3,153,2,0,1,0,hr,medium
0.9,6,293,5,0,1,0,hr,medium
0.41,2,50,2,0,1,0,hr,medium
0.38,2,145,2,0,1,0,technical,medium
0.4,3,199,2,0,1,0,technical,high
0.85,9,234,5,0,1,0,technical,low
1.0,4,234,6,1,1,0,technical,medium
0.94,4,165,3,0,1,0,technical,medium
0.92,5,279,6,0,1,0,technical,medium
1.0,3,283,6,0,1,0,technical,medium
0.86,4,284,3,0,1,0,technical,low
0.46,6,263,3,0,1,0,technical,low
0.93,4,235,4,0,1,0,technical,low
0.79,8,320,4,0,1,0,technical,low
0.94,5,198,6,0,1,0,support,low
0.86,5,276,5,0,1,0,support,low
0.7,3,101,4,0,1,0,support,low
0.84,4,296,5,0,1,0,support,low
0.99,5,311,4,0,1,0,support,low
1.0,3,326,6,0,1,0,support,low
0.59,3,230,3,0,1,0,support,low
1.0,4,206,4,0,1,0,support,low
0.94,4,197,4,0,1,0,support,low
0.66,3,199,3,0,1,0,support,low
0.39,3,148,3,0,1,0,support,low
0.29,2,185,4,0,1,0,technical,low
0.5,4,272,3,0,1,0,technical,low
0.74,4,198,5,0,1,0,technical,low
0.61,3,182,3,0,1,0,management,low
0.68,2,82,3,0,1,0,IT,low
0.46,2,182,5,0,1,0,IT,low
0.44,2,176,3,0,1,0,IT,low
0.97,6,226,6,0,1,0,IT,low
0.54,2,132,3,0,1,0,IT,low
0.89,6,231,5,0,1,0,product_mng,low
0.91,6,294,3,0,1,0,product_mng,low
0.48,2,159,4,0,1,0,product_mng,low
0.62,3,125,1,0,1,0,product_mng,low
0.95,5,346,4,0,1,0,IT,low
0.49,1,142,2,0,1,0,accounting,low
1.0,3,253,5,0,1,0,accounting,low
0.3,2,226,3,0,1,0,hr,low
0.53,3,85,4,0,1,0,hr,low
1.0,6,304,6,0,1,0,hr,low
0.89,3,242,6,0,1,0,marketing,low
0.51,2,140,3,0,1,0,marketing,low
1.0,5,216,6,0,1,0,sales,low
0.73,6,200,3,0,1,0,accounting,low
0.55,3,122,1,0,1,0,support,low
0.55,5,280,3,0,1,0,technical,low
0.78,3,277,6,0,1,0,management,low
0.81,1,160,2,0,1,0,marketing,low
0.36,2,117,2,0,1,0,marketing,low
0.65,3,193,4,0,1,0,marketing,low
0.92,7,347,1,0,1,0,sales,low
0.74,6,341,3,0,1,0,sales,low
0.47,1,143,2,0,1,0,sales,low
0.61,3,174,3,0,1,0,sales,low
0.61,2,148,4,0,1,0,sales,low
1.0,5,331,6,0,1,0,sales,low
0.81,3,143,5,0,1,0,sales,low
0.51,1,125,4,0,1,0,sales,low
0.41,2,188,3,0,1,0,sales,low
0.96,4,242,7,0,1,0,sales,low
0.81,6,259,2,0,1,0,sales,low
0.98,6,286,7,0,1,0,sales,low
0.76,4,318,8,0,1,0,sales,low
0.87,7,168,3,0,1,0,sales,low
1.0,5,217,4,0,1,0,sales,low
0.72,1,259,4,0,1,0,sales,low
0.37,2,180,3,0,1,0,sales,medium
0.91,5,263,5,1,1,0,sales,medium
0.68,1,196,1,0,1,0,sales,medium
0.73,3,241,7,1,1,0,accounting,medium
0.93,7,322,4,0,1,0,accounting,medium
0.23,2,129,4,0,1,0,accounting,medium
0.96,4,220,4,0,1,0,hr,medium
0.69,2,119,4,0,1,0,hr,medium
0.71,5,213,4,0,1,0,hr,medium
0.32,1,153,4,0,1,0,hr,medium
0.95,5,180,4,0,1,0,technical,medium
0.88,8,270,4,0,1,0,technical,medium
0.61,1,119,2,0,1,0,technical,high
0.45,3,119,4,0,1,0,technical,low
0.77,6,128,7,0,1,0,technical,medium
0.27,1,127,3,0,1,0,technical,medium
0.86,5,295,1,0,1,0,technical,medium
0.91,6,234,6,0,1,0,technical,medium
0.82,5,308,4,0,1,0,technical,low
0.92,8,273,1,0,1,0,technical,low
1.0,5,237,4,0,1,0,technical,low
0.94,7,250,3,1,1,0,support,low
0.92,5,189,6,0,1,0,support,low
0.81,7,320,3,0,1,0,support,low
0.67,5,236,3,1,1,0,support,low
1.0,7,257,5,0,1,0,support,low
0.5,2,375,4,0,1,0,support,low
1.0,4,275,7,0,1,0,support,low
1.0,6,378,2,1,1,0,support,low
0.45,1,94,4,0,1,0,support,low
0.63,2,140,3,0,1,0,support,low
0.86,5,258,6,0,1,0,support,low
0.62,7,288,4,0,1,1,technical,low
0.87,5,228,6,0,1,0,technical,low
0.41,1,121,4,0,1,0,technical,low
0.4,3,130,3,0,1,0,management,low
0.68,5,217,5,0,1,0,IT,low
0.62,2,142,4,0,1,0,IT,low
1.0,7,282,5,1,1,0,IT,low
1.0,7,303,4,0,1,0,IT,medium
0.66,1,107,3,0,1,0,IT,medium
0.51,2,163,2,0,1,0,product_mng,medium
0.44,1,105,4,0,1,0,product_mng,medium
0.39,1,107,3,0,1,0,product_mng,medium
0.92,5,224,5,0,1,0,product_mng,medium
0.58,2,146,3,0,1,0,IT,medium
0.99,4,284,5,0,1,0,RandD,medium
0.93,8,211,3,0,1,0,RandD,medium
0.6,3,113,4,0,1,0,RandD,medium
0.77,6,220,6,0,1,0,RandD,medium
0.39,1,99,3,0,1,0,RandD,medium
0.54,2,189,2,0,1,0,marketing,high
0.93,6,238,4,0,1,0,sales,low
0.55,1,148,4,0,1,0,accounting,medium
1.0,6,344,6,0,1,0,support,medium
1.0,7,347,5,0,1,0,technical,medium
1.0,7,315,3,0,1,0,management,medium
0.44,2,138,4,0,1,0,marketing,low
0.33,3,156,4,0,1,0,marketing,low
0.76,6,281,4,0,1,0,marketing,low
0.95,3,295,5,0,1,0,sales,low
0.69,2,130,4,0,1,0,sales,low
0.51,2,188,3,0,1,0,sales,low
1.0,5,265,6,0,1,0,sales,low
0.43,3,196,3,0,1,0,sales,low
0.61,2,147,5,1,1,0,sales,low
0.94,4,187,6,0,1,0,sales,low
0.23,1,256,3,0,1,0,sales,low
0.86,7,314,5,0,1,0,sales,low
0.56,2,188,2,0,1,0,sales,low
0.55,2,100,3,0,1,0,sales,low
0.38,1,96,2,0,1,0,sales,low
0.7,6,279,6,0,1,0,sales,low
0.81,7,282,2,0,1,0,sales,low
0.47,3,99,5,0,1,0,sales,low
0.46,2,128,3,0,1,0,sales,low
0.87,8,292,5,0,1,0,sales,low
1.0,6,300,4,0,1,0,sales,low
0.6,1,131,3,0,1,0,sales,medium
0.53,7,275,3,0,1,0,accounting,medium
0.31,2,155,2,0,1,0,accounting,medium
0.83,4,218,5,0,1,0,accounting,medium
0.58,2,206,3,0,1,0,hr,medium
0.56,1,175,2,0,1,0,hr,medium
0.97,8,221,3,0,1,0,hr,medium
0.84,7,269,5,0,1,0,hr,medium
0.43,2,105,4,0,1,0,technical,medium
0.91,6,253,4,0,1,0,technical,medium
0.65,1,108,2,0,1,0,technical,medium
0.41,3,146,3,0,1,0,technical,medium
0.96,5,219,4,0,1,0,technical,high
1.0,6,272,5,0,1,0,technical,low
0.79,6,302,5,0,1,0,technical,medium
0.76,8,258,4,0,1,0,technical,medium
0.3,1,156,1,0,1,0,technical,medium
0.72,5,332,4,0,1,0,technical,medium
0.89,3,225,4,0,1,0,technical,low
0.63,2,289,6,0,1,0,support,low
0.55,3,94,2,0,1,0,support,low
0.99,6,232,3,0,1,0,support,low
0.64,1,143,1,0,1,0,support,low
0.49,2,196,5,0,1,0,support,low
0.55,3,150,2,0,1,0,support,low
0.55,4,132,5,0,1,0,support,low
0.93,5,256,4,0,1,0,support,low
1.0,6,342,4,0,1,0,support,low
1.0,4,181,6,0,1,0,support,low
0.6,2,163,3,0,1,0,support,low
0.9,6,266,5,0,1,0,technical,low
0.59,2,135,3,1,1,0,technical,low
0.67,5,223,5,0,1,0,technical,low
0.8,5,256,4,0,1,0,management,low
0.63,2,148,4,0,1,0,IT,low
0.95,5,215,4,0,1,0,IT,low
0.9,7,271,4,0,1,0,IT,low
0.49,2,154,2,0,1,0,IT,low
0.49,1,102,3,0,1,0,IT,low
0.54,3,159,2,0,1,0,product_mng,medium
0.46,2,155,4,0,1,0,product_mng,medium
0.74,4,226,4,0,1,0,product_mng,medium
1.0,5,220,5,0,1,0,product_mng,medium
0.73,4,268,1,0,1,0,IT,medium
0.34,3,163,4,0,1,0,accounting,medium
0.61,4,235,1,0,1,0,accounting,medium
1.0,5,280,5,0,1,0,hr,medium
0.44,2,143,3,0,1,0,hr,medium
0.74,2,114,4,0,1,0,hr,medium
0.4,3,167,2,0,1,0,marketing,medium
0.47,2,125,2,0,1,0,sales,medium
0.43,2,128,3,0,1,0,accounting,high
0.89,4,229,4,0,1,0,support,low
0.89,5,193,3,0,1,0,technical,medium
0.8,6,267,4,0,1,0,management,medium
0.43,1,190,4,0,1,0,marketing,medium
0.56,3,186,1,1,1,0,marketing,medium
1.0,3,319,5,0,1,0,marketing,low
0.81,3,201,3,0,1,0,sales,low
1.0,4,249,4,0,1,0,sales,low
0.84,6,321,4,0,1,0,sales,low
0.48,3,130,4,0,1,0,sales,low
0.44,1,113,2,0,1,0,sales,low
0.78,2,113,3,0,1,0,sales,low
0.77,5,284,6,0,1,0,sales,low
0.67,2,277,6,0,1,0,sales,low
0.81,5,305,5,0,1,0,sales,low
1.0,5,276,4,0,1,0,sales,low
1.0,3,219,5,0,1,0,sales,low
0.98,6,238,6,0,1,0,sales,low
1.0,5,260,4,0,1,0,sales,low
0.6,5,277,5,0,1,0,sales,low
0.51,4,297,5,0,1,0,sales,low
1.0,5,232,4,0,1,0,sales,low
0.84,6,273,4,0,1,0,sales,low
0.82,3,276,6,0,1,0,sales,low
0.76,5,186,5,0,1,0,sales,low
0.64,5,228,4,0,1,0,accounting,low
0.9,4,294,5,0,1,0,accounting,medium
0.56,2,156,4,0,1,0,accounting,medium
0.61,2,139,2,0,1,0,hr,medium
1.0,4,324,5,0,1,0,hr,medium
0.46,3,222,2,0,1,0,hr,medium
0.94,4,229,6,0,1,0,hr,medium
0.92,6,257,4,0,1,0,technical,medium
0.68,3,223,5,0,1,0,technical,medium
0.83,4,221,7,0,1,0,technical,medium
0.85,6,312,4,0,1,0,technical,medium
0.76,5,243,3,0,1,0,technical,medium
0.85,5,249,4,0,1,0,technical,medium
0.56,3,167,4,0,1,0,technical,high
0.42,3,165,3,0,1,0,technical,low
0.44,2,84,3,0,1,0,technical,medium
0.83,5,228,5,0,1,0,technical,medium
0.61,5,121,5,0,1,0,technical,medium
0.42,2,95,3,0,1,0,support,medium
0.49,3,82,2,1,1,0,support,low
0.81,3,214,5,0,1,0,support,low
0.75,1,168,2,0,1,0,support,low
0.32,2,145,3,0,1,0,support,low
0.88,3,265,7,0,1,0,support,low
0.75,8,351,3,0,1,0,support,low
0.44,3,99,3,0,1,0,support,low
0.89,7,194,5,0,1,0,support,low
0.5,2,185,3,0,1,0,support,low
0.93,3,223,7,0,1,0,support,low
0.6,2,100,3,0,1,0,technical,low
0.52,2,158,3,0,1,0,technical,low
0.7,1,82,4,0,1,0,technical,low
0.92,6,199,7,0,1,0,management,low
0.81,6,161,6,0,1,0,IT,low
0.44,2,136,2,0,1,0,IT,low
1.0,4,338,7,0,1,0,IT,low
0.37,3,123,4,0,1,0,IT,low
0.7,5,270,4,0,1,0,IT,low
0.52,4,221,4,0,1,0,product_mng,low
0.91,6,261,4,0,1,0,product_mng,low
0.88,4,309,5,0,1,0,product_mng,medium
1.0,5,254,5,0,1,0,product_mng,medium
0.94,4,294,4,0,1,0,IT,medium
0.48,3,196,4,0,1,0,RandD,medium
0.92,9,249,4,1,1,0,RandD,medium
0.47,1,136,3,0,1,0,RandD,medium
1.0,5,138,5,0,1,0,RandD,medium
0.96,4,316,6,0,1,0,RandD,medium
0.27,3,150,4,0,1,0,marketing,medium
0.47,4,133,3,0,1,0,sales,medium
0.31,2,167,3,0,1,0,accounting,medium
0.76,4,96,5,0,1,0,support,medium
0.41,3,236,2,0,1,0,technical,high
0.83,4,292,6,0,1,0,management,low
1.0,5,236,5,0,1,0,marketing,medium
0.51,3,168,4,0,1,0,marketing,medium
0.45,2,143,3,0,1,0,marketing,medium
1.0,7,314,5,0,1,0,sales,medium
1.0,4,199,5,0,1,0,sales,low
0.61,2,204,2,0,1,0,sales,low
1.0,5,243,3,0,1,0,sales,low
0.4,2,151,3,0,1,0,sales,low
0.89,5,245,6,0,1,0,sales,low
0.58,3,139,4,0,1,0,sales,low
1.0,4,250,4,0,1,0,sales,low
0.73,1,160,1,0,1,0,sales,low
0.84,4,303,4,0,1,0,sales,low
0.74,7,290,4,0,1,0,sales,low
0.89,4,206,5,0,1,0,sales,low
0.75,7,290,4,0,1,0,sales,low
0.46,2,159,4,0,1,0,sales,low
0.77,7,276,3,0,1,0,sales,low
0.76,4,261,6,0,1,0,sales,low
0.67,4,98,3,1,1,0,sales,low
0.39,4,74,4,0,1,0,sales,low
0.93,5,214,1,0,1,0,sales,low
0.53,2,130,2,0,1,0,accounting,low
1.0,7,207,5,0,1,0,accounting,low
0.83,6,246,5,0,1,0,accounting,low
0.99,4,250,4,0,1,0,hr,medium
0.64,4,293,7,0,1,0,hr,medium
0.52,2,145,3,0,1,0,hr,medium
0.7,4,254,4,0,1,0,hr,medium
0.77,6,248,5,0,1,0,technical,medium
1.0,4,231,5,0,1,0,technical,medium
0.92,5,315,6,0,1,0,technical,medium
0.93,5,255,3,0,1,0,technical,medium
0.58,7,270,3,0,1,0,technical,medium
0.46,1,132,4,0,1,0,technical,medium
0.81,1,219,5,0,1,0,technical,medium
0.9,4,308,3,0,1,0,technical,medium
0.45,4,146,4,0,1,0,technical,high
0.78,8,295,4,0,1,0,technical,low
0.39,2,163,4,0,1,0,technical,medium
0.81,5,231,6,0,1,0,support,medium
1.0,6,262,5,0,1,0,support,medium
0.98,5,299,5,0,1,0,support,medium
0.49,1,178,2,0,1,0,support,low
0.37,1,200,4,0,1,0,support,low
0.64,1,116,4,0,1,0,support,low
0.39,2,109,2,0,1,0,support,low
0.86,2,236,6,0,1,0,support,low
0.92,7,299,5,0,1,0,support,low
0.99,6,265,3,0,1,0,support,low
0.94,7,305,5,0,1,0,support,low
0.99,5,203,6,1,1,0,technical,low
0.95,7,188,4,0,1,0,technical,low
1.0,7,236,3,0,1,0,technical,low
0.65,1,150,2,0,1,0,management,low
0.5,3,184,4,0,1,0,IT,low
0.94,4,327,3,0,1,0,IT,low
0.93,5,277,5,0,1,0,IT,low
0.84,7,318,3,0,1,0,IT,low
0.75,3,250,7,0,1,0,IT,low
0.9,6,261,5,0,1,0,product_mng,low
0.64,1,80,1,0,1,0,product_mng,low
0.32,3,179,2,1,1,0,product_mng,low
1.0,8,250,4,0,1,0,product_mng,low
0.89,6,269,3,0,1,0,IT,medium
0.57,3,169,2,0,1,0,accounting,medium
0.56,2,169,2,0,1,0,accounting,medium
0.47,3,110,4,1,1,0,hr,medium
0.87,5,269,3,0,1,0,hr,medium
0.64,2,156,4,0,1,0,hr,medium
0.77,4,229,6,1,1,0,marketing,medium
0.38,3,161,4,0,1,0,sales,medium
0.93,4,378,2,0,1,0,accounting,medium
0.49,2,144,2,1,1,0,support,medium
0.87,4,252,5,1,1,0,technical,medium
0.85,8,249,4,0,1,0,management,medium
0.44,4,123,3,0,1,0,marketing,high
0.78,5,282,5,0,1,0,marketing,low
0.87,8,287,6,0,1,0,marketing,medium
0.89,4,228,5,0,1,0,sales,medium
0.41,1,105,3,0,1,0,sales,medium
0.91,4,305,4,0,1,0,sales,medium
0.44,2,153,1,0,1,0,sales,low
0.52,1,81,2,0,1,0,sales,low
0.78,3,335,3,0,1,0,sales,low
0.61,3,177,3,0,1,0,sales,low
1.0,5,354,5,0,1,0,sales,low
0.8,4,304,4,0,1,0,sales,low
0.91,5,340,6,0,1,0,sales,low
1.0,5,221,6,0,1,0,sales,low
0.48,3,122,2,0,1,0,sales,low
0.72,6,264,4,0,1,0,sales,low
0.48,1,123,4,1,1,0,sales,low
0.57,3,161,1,0,1,0,sales,low
0.42,3,119,4,0,1,0,sales,low
0.63,8,254,5,0,1,0,sales,low
0.85,6,248,3,0,1,0,sales,low
0.5,2,121,3,0,1,0,sales,low
0.52,2,200,5,0,1,0,accounting,low
0.76,7,271,3,0,1,0,accounting,low
0.4,2,185,3,0,1,0,accounting,low
0.53,1,248,5,0,1,0,hr,low
0.85,8,198,4,0,1,0,hr,low
0.93,6,277,4,0,1,0,hr,medium
0.31,3,113,5,0,1,0,hr,medium
0.4,2,183,3,0,1,0,technical,medium
0.39,2,102,2,0,1,0,technical,medium
1.0,3,227,2,0,1,0,technical,medium
1.0,6,208,5,0,1,0,technical,medium
0.27,3,117,2,0,1,0,technical,medium
0.58,2,103,3,0,1,0,technical,medium
0.36,2,55,4,0,1,0,technical,medium
0.97,2,121,1,0,1,0,technical,medium
0.71,3,361,6,0,1,0,technical,medium
0.81,5,241,6,0,1,0,technical,medium
0.41,2,212,3,0,1,0,technical,high
0.55,4,139,4,0,1,0,support,low
0.83,6,237,6,0,1,0,support,medium
0.86,6,253,4,0,1,0,support,medium
0.75,1,167,2,0,1,0,support,medium
0.48,3,110,5,0,1,1,support,medium
0.52,2,126,4,0,1,0,support,low
0.74,3,163,2,0,1,0,support,low
0.86,2,143,2,0,1,0,support,low
0.71,5,303,5,0,1,0,support,low
0.6,2,192,4,0,1,0,support,low
0.41,1,75,4,0,1,0,support,low
0.84,1,224,4,0,1,0,technical,low
0.7,6,268,4,0,1,0,technical,low
0.9,3,161,3,0,1,0,technical,low
0.95,6,308,3,0,1,0,management,low
0.77,5,241,4,0,1,0,IT,low
0.84,4,304,4,0,1,0,IT,low
0.99,7,261,3,0,1,0,IT,low
0.55,3,149,2,0,1,0,IT,low
0.97,8,327,4,0,1,0,IT,low
1.0,5,270,6,0,1,0,product_mng,low
0.93,6,231,8,0,1,0,product_mng,low
0.8,6,320,4,0,1,0,product_mng,low
0.86,4,254,6,0,1,0,product_mng,low
0.89,7,258,4,0,1,0,IT,low
0.96,6,223,6,0,1,0,RandD,low
0.59,1,212,2,0,1,0,RandD,medium
0.98,5,274,3,0,1,0,RandD,medium
0.24,3,80,4,0,1,0,RandD,medium
0.89,7,223,5,0,1,0,RandD,medium
0.98,8,257,5,0,1,0,marketing,medium
0.73,1,149,4,0,1,0,sales,medium
0.29,3,114,1,1,1,0,accounting,medium
1.0,4,184,4,0,1,0,support,medium
0.91,5,257,5,0,1,0,technical,medium
0.94,8,325,5,0,1,0,management,medium
0.69,3,161,4,0,1,0,marketing,medium
1.0,4,286,8,0,1,0,marketing,medium
0.62,2,189,2,0,1,0,marketing,high
0.54,3,119,3,0,1,0,sales,low
0.69,3,255,2,0,1,0,sales,medium
0.86,6,241,5,0,1,0,sales,medium
0.46,3,262,4,0,1,0,sales,medium
0.51,2,184,2,0,1,0,sales,medium
0.22,1,205,3,0,1,0,sales,low
1.0,6,291,6,0,1,0,sales,low
0.48,1,174,3,0,1,0,sales,low
0.42,2,223,4,1,1,0,sales,low
0.88,4,237,9,0,1,0,sales,low
0.37,2,186,1,0,1,0,sales,low
1.0,7,306,5,0,1,0,sales,low
0.66,5,162,3,0,1,0,sales,low
0.87,7,253,4,0,1,0,sales,low
0.44,2,105,3,0,1,0,sales,low
0.92,5,237,6,0,1,0,sales,low
0.74,2,139,3,0,1,0,sales,low
0.65,3,120,3,0,1,0,sales,low
0.62,1,144,2,0,1,0,sales,low
0.9,2,196,4,0,1,0,accounting,low
0.44,3,122,2,0,1,0,accounting,low
0.35,3,111,2,0,1,0,accounting,low
0.95,4,182,5,0,1,0,hr,low
0.94,6,215,5,0,1,0,hr,low
0.6,1,173,2,0,1,0,hr,low
0.66,3,289,4,0,1,0,hr,low
0.73,1,214,2,0,1,0,technical,medium
0.97,5,235,5,0,1,0,technical,medium
0.45,1,193,2,0,1,0,technical,medium
0.32,1,141,5,0,1,0,technical,medium
0.67,2,148,4,0,1,0,technical,medium
0.61,1,148,4,0,1,0,technical,medium
0.72,5,308,4,0,1,0,technical,medium
0.95,4,273,5,0,1,0,technical,medium
0.56,3,114,2,0,1,0,technical,medium
0.91,6,294,3,0,1,0,technical,medium
1.0,3,210,5,0,1,0,technical,medium
1.0,4,277,7,0,1,0,support,medium
0.63,2,103,4,0,1,0,support,high
0.59,1,125,1,0,1,0,support,low
0.98,7,232,5,0,1,0,support,medium
0.45,1,138,3,0,1,0,support,medium
0.45,2,122,4,0,1,0,support,medium
0.78,5,333,6,0,1,0,support,medium
0.75,5,234,2,0,1,0,support,low
0.73,5,270,3,0,1,0,support,low
0.77,4,200,6,0,1,0,support,low
0.64,7,202,3,0,1,0,support,low
0.93,3,228,6,0,1,0,technical,low
0.98,4,226,5,0,1,0,technical,low
0.41,2,85,5,0,1,0,technical,low
0.94,6,214,5,0,1,0,management,low
0.96,6,261,6,0,1,0,IT,low
0.53,3,145,3,0,1,0,IT,low
0.44,2,134,2,0,1,0,IT,low
0.31,1,146,3,0,1,0,IT,low
0.61,2,109,2,0,1,0,IT,low
0.9,6,269,2,0,1,0,product_mng,low
0.95,7,232,5,0,1,0,product_mng,low
0.59,3,168,4,0,1,0,product_mng,low
1.0,7,222,5,0,1,0,product_mng,low
0.89,7,254,5,0,1,0,IT,low
0.51,2,155,3,0,1,0,sales,low
0.95,6,299,5,0,1,0,sales,low
0.79,3,157,3,0,1,0,sales,low
0.89,3,244,3,0,1,0,sales,medium
1.0,4,243,5,0,1,0,sales,medium
0.67,7,249,3,0,1,0,marketing,medium
0.9,5,252,6,0,1,0,sales,medium
0.96,7,263,2,0,1,0,accounting,medium
0.99,4,196,5,0,1,0,support,medium
0.44,1,79,4,0,1,0,technical,medium
0.77,3,228,5,0,1,0,management,medium
0.82,4,297,5,0,1,0,marketing,medium
0.83,6,243,3,0,1,0,marketing,medium
0.63,4,287,6,0,1,0,marketing,medium
1.0,4,178,3,0,1,0,sales,medium
0.98,7,271,3,0,1,0,sales,high
0.78,6,366,5,0,1,0,sales,low
0.31,1,147,3,0,1,0,sales,medium
0.39,1,145,3,0,1,0,sales,medium
0.52,2,152,3,0,1,0,sales,medium
0.88,4,285,5,0,1,0,sales,medium
0.38,1,96,3,0,1,0,sales,low
0.44,1,205,3,0,1,0,sales,low
0.6,5,199,1,0,1,0,sales,low
0.65,2,177,3,0,1,0,sales,low
0.86,3,205,4,0,1,0,sales,low
0.75,6,330,4,0,1,0,sales,low
1.0,8,254,3,0,1,0,sales,low
0.57,3,94,2,0,1,0,sales,low
0.87,5,268,2,0,1,0,sales,low
0.65,2,204,3,0,1,0,sales,low
0.97,6,312,4,0,1,0,sales,low
1.0,4,235,6,0,1,0,sales,low
0.53,3,172,4,0,1,0,accounting,low
0.46,1,112,4,0,1,0,accounting,low
0.46,3,152,4,0,1,0,accounting,low
0.61,6,256,3,0,1,0,hr,low
1.0,7,143,6,0,1,0,hr,low
0.89,6,225,5,0,1,0,hr,low
0.33,2,146,3,0,1,0,hr,low
0.84,3,190,2,0,1,0,technical,low
0.35,2,129,2,0,1,0,technical,low
0.53,2,138,5,0,1,0,technical,medium
0.64,2,188,2,0,1,0,technical,medium
0.58,1,161,2,0,1,0,technical,medium
0.56,2,71,2,1,1,0,technical,medium
0.53,1,228,4,0,1,0,technical,medium
0.5,2,93,3,0,1,0,technical,medium
0.88,7,315,5,0,1,0,technical,medium
0.26,3,73,6,0,1,0,technical,medium
1.0,4,282,6,0,1,0,technical,medium
0.41,2,216,3,0,1,0,support,medium
0.69,2,142,6,0,1,0,support,medium
0.87,8,186,5,0,1,0,support,medium
0.97,4,284,5,0,1,0,support,high
0.82,4,244,5,0,1,0,support,low
0.48,2,165,4,0,1,0,support,medium
1.0,7,290,3,0,1,0,support,medium
0.96,8,281,2,0,1,0,support,medium
0.7,8,284,3,0,1,0,support,medium
0.72,4,125,5,0,1,0,support,low
0.63,2,139,4,0,1,0,support,low
0.87,6,343,4,0,1,0,technical,low
0.56,2,105,4,0,1,0,technical,low
0.78,5,181,5,0,1,0,technical,low
0.74,1,97,3,0,1,0,management,low
0.41,2,151,3,0,1,0,IT,low
0.52,3,116,4,0,1,0,IT,low
0.79,3,267,7,0,1,0,IT,low
0.32,2,75,3,0,1,0,IT,low
0.71,4,50,4,0,1,1,IT,low
0.43,2,138,2,0,1,0,product_mng,low
0.55,2,185,3,0,1,0,product_mng,low
0.72,5,193,5,0,1,0,product_mng,low
0.43,1,178,3,0,1,0,product_mng,low
0.97,5,277,5,0,1,0,IT,low
0.45,1,151,4,0,1,0,sales,low
0.61,2,159,2,0,1,0,sales,low
0.52,2,158,3,0,1,0,sales,low
1.0,9,281,6,0,1,0,sales,low
1.0,5,278,3,0,1,0,sales,low
0.4,3,198,4,0,1,0,marketing,medium
0.47,3,139,3,0,1,0,sales,medium
1.0,3,220,6,0,1,0,accounting,medium
0.94,4,179,1,0,1,0,support,medium
0.81,6,232,5,0,1,0,technical,medium
0.56,1,122,5,0,1,0,management,medium
0.81,6,333,5,0,1,0,marketing,medium
0.47,2,191,4,0,1,0,marketing,medium
0.99,6,328,5,0,1,0,marketing,medium
0.94,7,346,2,0,1,0,sales,medium
0.85,4,124,3,0,1,0,sales,medium
0.63,2,126,2,0,1,0,sales,medium
0.48,1,167,4,0,1,0,sales,high
0.61,2,159,3,0,1,0,sales,low
0.84,6,324,4,0,1,0,sales,medium
1.0,5,227,3,0,1,0,sales,medium
0.59,7,291,4,0,1,0,sales,medium
0.89,7,268,7,0,1,0,sales,medium
0.79,3,244,6,0,1,0,sales,low
0.8,3,198,5,0,1,0,sales,low
1.0,3,233,6,0,1,0,sales,low
0.58,4,168,4,0,0,0,technical,low
0.65,6,287,3,0,0,0,technical,low
0.89,4,362,2,1,0,0,technical,low
0.75,3,218,4,0,0,0,technical,low
0.36,4,140,1,0,0,0,technical,low
0.61,4,151,3,0,0,0,technical,low
1.0,3,209,2,0,0,0,support,low
0.84,5,213,2,0,0,0,support,low
0.7,6,318,5,0,0,0,support,low
1.0,5,329,2,0,0,0,support,medium
0.46,4,131,2,0,0,0,support,medium
1.0,4,157,3,0,0,0,support,medium
0.98,2,197,5,0,0,0,support,medium
0.65,4,217,7,1,0,0,support,medium
0.85,5,275,3,1,0,0,support,medium
0.56,3,150,4,0,0,0,support,medium
0.83,4,197,3,0,0,0,support,medium
1.0,2,207,3,0,0,0,technical,medium
0.71,4,263,6,1,0,0,technical,medium
0.76,5,282,5,0,0,0,technical,medium
0.73,3,181,3,0,0,0,management,medium
0.55,3,144,4,0,0,0,IT,high
0.49,5,114,3,0,0,0,IT,low
0.9,4,214,3,0,0,0,IT,medium
0.93,4,252,5,0,0,0,IT,medium
0.39,3,256,2,0,0,0,IT,medium
1.0,4,210,3,0,0,0,product_mng,medium
0.69,4,219,1,0,0,0,product_mng,low
0.9,3,208,3,0,0,0,product_mng,low
1.0,4,177,3,0,0,0,product_mng,low
0.83,4,265,3,0,0,0,IT,low
0.67,3,141,3,0,0,0,RandD,low
0.6,3,318,3,1,0,0,RandD,low
0.76,4,157,2,0,0,0,RandD,low
0.68,3,152,1,0,0,0,RandD,low
0.45,3,113,4,1,0,0,RandD,medium
0.66,5,184,4,0,0,0,marketing,medium
1.0,2,254,4,0,0,0,sales,medium
0.49,3,184,5,0,0,0,accounting,medium
0.99,5,182,4,0,0,0,support,medium
0.68,3,205,2,0,0,0,technical,medium
0.74,4,202,3,0,0,0,management,medium
0.98,2,162,3,0,0,0,marketing,medium
0.95,4,165,3,1,0,0,marketing,medium
0.37,4,174,2,0,0,0,marketing,medium
0.62,5,165,5,0,0,0,sales,medium
0.51,6,231,2,0,0,0,sales,medium
0.83,5,100,3,0,0,0,sales,medium
0.29,5,191,5,0,0,0,sales,medium
0.66,2,222,6,0,0,0,sales,medium
0.65,3,264,2,0,0,0,sales,medium
0.6,6,252,5,0,0,0,sales,medium
0.74,2,113,4,0,0,0,sales,medium
0.62,3,205,5,0,0,0,sales,medium
0.47,5,145,5,0,0,0,sales,medium
0.82,1,206,2,0,0,0,sales,medium
0.79,4,243,3,0,0,0,sales,medium
0.4,4,193,3,0,0,0,sales,medium
0.57,4,126,3,0,0,0,sales,medium
0.65,6,164,2,0,0,0,sales,medium
0.89,2,151,2,0,0,0,sales,high
0.89,5,259,5,0,0,0,sales,high
0.99,4,263,2,0,0,0,sales,high
0.93,4,286,1,0,0,0,sales,high
0.57,4,248,3,0,0,0,accounting,high
0.45,4,284,2,1,0,0,accounting,high
0.74,4,295,4,0,0,0,accounting,high
0.97,4,106,4,0,0,0,hr,high
0.87,5,101,4,0,0,0,hr,high
0.5,1,212,3,0,0,0,hr,high
0.64,3,168,3,0,0,0,hr,high
0.64,3,214,4,1,0,0,technical,high
0.32,5,171,4,0,0,0,technical,low
0.61,5,231,2,1,0,0,technical,low
0.83,3,237,3,1,0,0,technical,low
0.69,4,218,4,0,0,0,technical,low
0.64,3,230,4,0,0,0,technical,low
0.84,5,157,5,0,0,0,technical,low
0.63,2,149,5,0,0,0,technical,low
0.82,4,207,4,0,0,0,technical,low
0.46,4,283,5,0,0,0,technical,low
0.97,2,232,5,0,0,0,technical,low
0.99,7,225,3,0,0,0,support,low
0.89,5,89,1,0,0,0,support,low
0.89,4,220,1,1,0,0,support,low
0.92,4,284,3,0,0,0,support,low
0.64,3,205,2,0,0,0,support,low
0.7,5,171,2,0,0,0,support,medium
0.75,4,242,2,0,0,0,support,medium
0.4,5,241,4,0,0,0,support,medium
0.67,4,267,3,0,0,0,support,medium
0.61,4,213,1,0,0,0,support,medium
0.56,1,101,2,1,0,0,support,medium
0.29,6,121,2,0,0,0,technical,medium
1.0,4,230,1,0,0,0,technical,medium
0.97,3,116,3,0,0,0,technical,medium
0.98,5,182,4,0,0,0,management,medium
0.74,6,131,3,0,0,0,IT,medium
0.23,2,164,4,0,0,0,IT,medium
0.39,2,140,2,0,0,0,IT,high
0.99,4,205,4,0,0,0,IT,high
0.74,5,194,4,0,0,0,IT,high
0.76,4,211,2,0,0,0,product_mng,high
0.59,3,193,2,0,0,0,product_mng,high
0.7,4,293,3,0,0,0,product_mng,high
0.38,1,128,1,0,0,0,product_mng,high
0.75,5,178,4,0,0,0,IT,high
0.67,5,171,4,1,0,0,RandD,low
0.71,5,93,2,1,0,0,RandD,low
0.33,4,186,1,0,0,0,RandD,low
0.45,4,111,5,0,0,0,RandD,low
0.44,4,167,3,0,0,0,RandD,low
0.73,5,225,5,0,0,0,marketing,low
0.61,5,270,5,0,0,0,sales,low
0.93,4,106,3,0,0,0,accounting,low
0.65,3,226,3,1,0,0,support,medium
0.83,4,320,4,0,0,0,technical,medium
0.41,4,270,3,0,0,0,management,medium
0.87,6,286,2,0,0,0,marketing,medium
1.0,5,182,2,0,0,0,marketing,medium
0.96,4,128,4,0,0,0,marketing,medium
0.77,3,209,4,0,0,0,sales,medium
0.69,5,207,2,0,0,0,sales,medium
0.58,3,281,2,0,0,0,sales,medium
0.52,2,236,3,0,0,0,sales,medium
0.56,3,199,1,0,0,0,sales,medium
0.66,5,240,4,0,0,0,sales,medium
0.51,4,312,1,0,0,0,sales,medium
0.88,4,142,3,0,0,0,sales,medium
0.82,2,124,6,0,0,0,sales,medium
1.0,5,220,2,0,0,0,sales,medium
0.61,2,227,5,0,0,0,sales,medium
0.45,3,168,4,0,0,0,sales,medium
0.87,4,259,4,0,0,0,sales,medium
0.56,4,303,3,1,0,0,sales,medium
0.45,4,231,3,1,0,0,sales,medium
0.28,6,128,2,0,0,0,sales,medium
0.52,4,193,3,0,0,0,sales,medium
0.56,6,246,4,1,0,0,sales,high
0.85,4,205,2,0,0,0,sales,low
0.33,3,209,2,0,0,0,accounting,medium
0.94,4,205,2,1,0,0,accounting,medium
0.66,6,290,5,1,0,0,accounting,medium
0.65,3,269,4,0,0,0,hr,medium
0.95,3,217,1,1,0,0,hr,medium
0.41,3,186,1,0,0,0,hr,medium
0.22,4,98,3,0,0,0,hr,medium
0.48,4,225,3,1,0,0,technical,medium
0.89,4,330,3,1,0,0,technical,medium
1.0,5,187,2,1,0,0,technical,medium
0.69,5,153,3,0,0,0,technical,low
0.94,4,252,1,0,0,0,technical,low
0.46,3,158,5,0,0,0,technical,low
0.67,3,213,3,0,0,0,technical,low
0.93,6,148,4,0,0,0,technical,low
0.69,3,204,1,0,0,0,technical,low
1.0,5,215,4,0,0,0,technical,low
0.79,5,215,2,0,0,0,technical,high
0.88,3,214,2,0,0,0,support,low
0.47,4,125,6,0,0,0,support,high
1.0,5,137,5,0,0,0,support,high
0.76,3,209,4,0,0,0,support,low
0.59,4,214,4,0,0,0,support,low
0.74,4,252,5,0,0,0,support,high
0.81,2,101,4,0,0,0,support,low
1.0,5,280,4,0,0,0,support,medium
0.87,1,298,3,0,0,0,support,high
0.83,7,203,4,0,0,0,support,medium
0.65,3,244,2,0,0,0,support,medium
1.0,4,285,2,0,0,0,technical,medium
0.72,3,282,2,0,0,0,technical,medium
0.85,3,283,3,0,0,0,technical,high
0.69,3,201,5,0,0,0,management,medium
0.79,3,156,4,0,0,0,IT,medium
0.73,6,240,1,1,0,0,IT,medium
0.98,4,219,4,0,0,0,IT,high
0.58,5,233,4,0,0,0,IT,medium
0.83,4,189,1,0,0,0,IT,high
0.76,2,164,3,0,0,0,product_mng,low
0.85,6,120,6,0,0,0,product_mng,medium
0.88,6,175,2,0,0,0,product_mng,medium
0.69,6,232,6,0,0,0,product_mng,medium
0.66,4,108,3,0,0,0,IT,medium
0.97,4,167,4,0,0,0,RandD,low
0.41,1,144,3,0,0,0,RandD,low
1.0,3,260,3,0,0,0,RandD,low
0.55,6,276,3,1,0,0,RandD,low
0.75,4,95,3,0,0,0,RandD,low
1.0,2,261,5,0,0,0,marketing,low
0.87,4,167,2,0,0,0,marketing,low
0.96,3,146,3,0,0,0,sales,low
0.51,2,129,3,1,0,0,accounting,low
0.61,6,215,6,1,0,0,support,low
0.68,3,247,2,0,0,0,technical,high
0.36,5,229,4,1,0,0,management,low
0.91,4,214,2,0,0,0,marketing,low
0.84,3,266,1,0,0,0,marketing,low
0.77,3,197,2,1,0,0,marketing,low
0.6,2,180,3,0,0,0,sales,high
0.63,4,241,3,0,0,0,sales,low
0.92,4,263,4,0,0,0,sales,low
0.63,4,239,4,0,0,0,sales,low
0.41,4,274,3,0,0,0,sales,high
0.52,7,156,5,0,0,0,sales,low
0.82,4,212,1,0,0,1,sales,medium
0.57,5,88,5,0,0,1,sales,high
1.0,2,221,2,0,0,1,sales,medium
0.58,3,253,4,0,0,1,sales,high
0.87,4,165,4,0,0,1,sales,medium
1.0,5,175,1,1,0,0,sales,medium
0.49,5,174,4,0,0,0,sales,medium
0.75,3,177,2,0,0,0,sales,medium
0.55,5,224,1,0,0,0,sales,medium
0.85,3,240,4,1,0,0,sales,medium
0.82,3,208,1,0,0,0,sales,medium
0.78,6,232,6,0,0,0,sales,medium
0.58,4,246,3,0,0,0,sales,high
0.94,4,240,4,0,0,0,accounting,low
0.58,4,157,2,0,0,0,accounting,medium
0.58,5,169,3,0,0,0,accounting,medium
0.31,4,61,2,0,0,0,hr,medium
0.54,3,154,4,0,0,0,hr,medium
0.69,6,215,5,0,0,0,hr,medium
0.64,4,139,1,0,0,0,hr,medium
0.51,3,192,3,1,0,0,technical,medium
0.94,3,239,4,0,0,0,technical,medium
0.62,5,153,5,0,0,0,technical,medium
0.72,7,191,3,0,0,0,technical,high
0.41,2,227,5,0,0,0,technical,low
0.62,3,310,1,0,0,0,technical,low
0.99,4,203,4,0,0,0,technical,low
0.67,1,149,3,0,0,0,technical,high
0.49,3,181,2,1,0,0,technical,low
0.16,3,226,1,0,0,0,technical,low
0.8,3,282,2,0,0,0,technical,low
0.61,3,236,2,0,0,0,support,high
0.45,3,114,2,0,0,0,support,low
0.72,7,53,2,0,0,0,support,low
0.88,3,273,3,0,0,0,support,low
0.91,6,207,1,1,0,0,support,low
1.0,3,158,2,1,0,0,support,low
0.9,6,311,3,0,0,0,support,low
0.74,4,140,4,1,0,0,support,low
0.83,4,224,1,0,0,0,support,medium
0.54,2,79,4,0,0,0,support,medium
0.31,2,116,3,0,0,0,support,medium
0.53,4,120,2,0,0,0,technical,medium
0.8,2,214,2,0,0,0,technical,medium
0.51,4,176,2,0,0,0,technical,medium
0.62,5,279,3,0,0,0,management,medium
0.81,5,292,3,0,0,0,IT,medium
1.0,3,85,2,0,0,0,IT,medium
0.6,3,162,2,0,0,0,IT,medium
1.0,3,223,2,0,0,0,IT,medium
0.4,4,287,1,0,0,0,IT,medium
1.0,4,205,1,0,0,0,product_mng,high
0.86,2,184,2,0,0,0,product_mng,low
0.4,2,310,1,1,0,0,product_mng,medium
0.33,6,151,4,0,0,0,product_mng,medium
0.93,2,148,2,0,0,0,IT,medium
0.41,2,117,6,0,0,0,RandD,medium
0.65,1,272,2,0,0,0,RandD,low
0.92,3,169,5,0,0,0,RandD,low
0.74,2,277,1,1,0,0,RandD,low
0.54,3,176,5,1,0,0,RandD,low
0.65,3,272,4,0,0,0,RandD,low
0.93,5,224,3,0,0,0,marketing,low
0.7,2,228,3,0,0,0,sales,low
0.83,5,220,3,0,0,0,accounting,low
0.75,4,320,2,0,0,0,support,low
0.94,6,232,3,0,0,0,technical,low
0.51,4,147,3,0,0,0,management,low
0.86,5,308,4,1,0,0,marketing,low
0.87,4,157,3,0,0,0,marketing,low
0.38,4,176,4,0,0,0,marketing,low
0.89,2,234,3,1,0,0,sales,low
0.91,3,99,3,0,0,0,sales,low
0.79,3,117,3,0,0,0,sales,low
1.0,5,204,4,0,0,0,sales,low
0.87,3,204,2,0,0,0,sales,low
0.68,3,305,2,0,0,0,sales,low
0.39,5,207,5,0,0,0,sales,low
0.92,2,176,4,0,0,0,sales,medium
1.0,3,211,4,0,0,1,sales,medium
0.46,4,157,5,1,0,1,sales,medium
0.84,5,136,4,1,0,1,sales,medium
0.7,3,294,2,1,0,1,sales,medium
0.72,2,181,2,0,0,1,sales,medium
0.99,2,189,3,0,0,0,sales,medium
0.69,7,242,3,0,0,0,sales,medium
1.0,2,158,6,0,0,0,sales,medium
0.77,4,182,3,0,0,0,sales,medium
0.57,6,246,2,1,0,0,sales,medium
0.73,2,133,1,0,0,0,sales,medium
0.91,4,262,1,0,0,0,accounting,high
0.84,3,227,3,0,0,0,accounting,low
0.77,3,239,4,0,0,0,accounting,medium
0.83,4,155,2,0,0,0,hr,medium
0.71,4,158,4,0,0,0,hr,medium
0.42,3,134,5,1,0,0,hr,medium
0.33,3,295,3,0,0,0,hr,low
0.69,3,305,1,0,0,0,technical,low
0.89,7,68,2,0,0,0,technical,low
1.0,4,202,4,0,0,0,technical,low
0.75,4,192,2,0,0,0,technical,low
0.88,4,216,1,1,0,0,technical,low
1.0,6,183,3,0,0,0,technical,low
0.62,4,176,4,0,0,0,technical,low
0.69,4,270,2,1,0,0,technical,low
1.0,5,114,4,0,0,0,technical,low
0.45,4,241,1,0,0,0,technical,low
1.0,5,165,6,0,0,0,technical,low
0.95,6,257,1,0,0,0,support,low
1.0,4,296,3,0,0,0,support,low
0.63,4,213,1,0,0,0,support,low
0.85,3,288,3,0,0,0,support,low
0.94,6,193,4,0,0,0,support,low
0.6,2,150,1,1,0,0,support,low
0.37,3,221,1,0,0,0,support,low
0.56,4,205,4,1,0,0,support,low
0.74,1,188,2,1,0,0,support,low
1.0,5,174,7,0,0,0,support,medium
0.72,2,156,3,0,0,0,support,medium
0.54,3,295,2,1,0,0,technical,medium
0.84,6,246,4,0,0,0,technical,medium
0.86,3,236,3,0,0,0,technical,medium
0.73,3,261,3,0,0,0,management,medium
1.0,4,263,2,0,0,0,IT,medium
0.83,5,245,7,0,0,0,IT,medium
1.0,5,179,1,1,0,0,IT,medium
0.9,2,201,4,0,0,0,IT,medium
0.94,6,230,6,1,0,0,IT,medium
0.79,4,203,2,0,0,0,product_mng,medium
1.0,2,196,4,0,0,0,product_mng,high
0.72,5,141,3,1,0,0,product_mng,low
0.7,3,336,4,0,0,0,product_mng,medium
0.52,3,135,2,0,0,0,IT,medium
0.68,3,207,3,0,0,0,RandD,medium
0.37,5,202,5,0,0,0,RandD,medium
0.51,3,108,4,0,0,0,RandD,low
0.57,4,299,3,0,0,0,RandD,low
1.0,3,194,2,0,0,0,RandD,low
0.34,4,226,4,0,0,0,RandD,low
0.8,3,215,6,0,0,0,marketing,low
0.73,4,255,1,0,0,0,sales,low
0.57,4,273,3,0,0,0,accounting,low
1.0,4,304,3,0,0,0,support,low
0.44,2,128,1,0,0,0,technical,low
0.74,4,147,2,0,0,0,management,low
1.0,3,173,3,1,0,0,marketing,low
0.81,5,159,4,0,0,0,marketing,low
0.79,4,181,3,1,0,0,marketing,low
0.73,1,125,3,0,0,0,sales,low
0.7,4,99,2,0,0,0,sales,low
0.75,4,181,2,0,0,0,sales,low
0.59,3,186,2,0,0,0,sales,low
0.56,2,151,3,0,0,0,sales,low
0.54,5,235,5,1,0,0,sales,low
0.95,5,219,3,0,0,0,sales,low
0.76,5,260,2,0,0,0,sales,low
0.61,5,207,5,0,0,0,sales,medium
0.9,3,290,5,1,0,1,sales,medium
0.68,4,174,4,0,0,1,sales,medium
0.98,4,217,3,0,0,1,sales,medium
0.71,4,168,1,0,0,1,sales,medium
0.53,5,183,4,1,0,1,sales,medium
0.93,4,195,3,0,0,1,sales,medium
0.72,3,282,3,0,0,1,sales,medium
0.87,2,276,3,1,0,1,sales,medium
0.81,6,271,2,0,0,1,sales,medium
0.98,7,224,5,1,0,1,sales,medium
0.54,2,171,2,0,0,0,accounting,medium
0.6,4,192,2,0,0,0,accounting,high
0.27,3,178,5,0,0,0,accounting,low
0.74,4,302,3,0,0,0,hr,medium
0.54,4,186,4,0,0,0,hr,medium
0.93,6,199,5,0,0,0,hr,medium
0.66,4,155,2,0,0,0,hr,medium
0.86,3,237,2,0,0,0,technical,low
0.68,5,98,4,0,0,0,technical,low
1.0,5,248,7,0,0,0,technical,low
0.65,2,144,4,0,0,0,technical,low
0.84,4,275,6,0,0,0,technical,low
1.0,5,163,3,0,0,0,technical,low
0.33,4,146,4,0,0,0,technical,low
0.46,1,144,3,1,0,0,technical,low
1.0,7,277,3,0,0,0,technical,low
0.3,4,103,3,0,0,0,technical,low
0.63,5,145,2,0,0,0,technical,low
0.45,5,186,3,0,0,0,support,low
0.85,5,199,4,0,0,0,support,low
0.68,2,155,2,0,0,0,support,low
0.57,3,130,3,0,0,0,support,low
0.87,5,151,3,0,0,0,support,low
1.0,4,129,2,0,0,0,support,low
0.92,4,157,4,1,0,0,support,low
0.94,4,221,3,1,0,0,support,medium
1.0,3,249,4,0,0,0,support,medium
0.48,2,252,2,0,0,0,support,medium
0.77,3,294,4,0,0,0,support,medium
0.76,6,260,7,0,0,0,technical,medium
0.58,4,262,3,0,0,0,technical,medium
1.0,8,187,2,0,0,0,technical,medium
0.51,4,133,4,0,0,0,management,medium
0.66,4,168,3,0,0,0,IT,medium
0.71,5,152,8,0,0,0,IT,medium
0.55,2,217,2,1,0,0,IT,medium
0.53,4,279,3,0,0,0,IT,medium
0.5,3,270,2,0,0,0,IT,high
0.72,2,257,3,0,0,0,product_mng,low
0.61,3,350,4,0,0,0,product_mng,medium
0.39,6,179,2,0,0,0,product_mng,medium
0.81,5,85,2,0,0,0,product_mng,medium
0.81,4,292,2,0,0,0,IT,medium
0.78,3,210,2,0,0,0,RandD,low
0.82,4,198,1,0,0,0,RandD,low
0.93,3,287,5,0,0,0,RandD,low
0.57,6,208,5,0,0,0,RandD,low
0.73,2,174,3,0,0,0,RandD,low
0.61,4,124,5,0,0,0,RandD,low
0.77,1,207,6,0,0,0,IT,low
0.8,3,215,4,0,0,0,IT,low
0.7,4,235,3,0,0,0,IT,low
0.86,5,255,3,0,0,0,IT,low
0.57,3,278,2,0,0,0,product_mng,low
0.6,4,146,1,1,0,0,product_mng,low
0.74,6,238,1,0,0,0,product_mng,low
0.78,5,193,3,0,0,0,product_mng,low
0.6,2,93,4,0,0,0,IT,low
0.61,3,147,5,0,0,0,RandD,low
0.32,2,167,6,0,0,0,RandD,low
0.45,5,284,4,0,0,0,RandD,low
0.97,3,177,4,0,0,0,RandD,low
0.88,5,290,5,0,0,0,RandD,low
0.96,4,292,2,1,0,0,RandD,low
0.66,1,182,9,0,0,0,marketing,medium
0.82,4,141,8,0,0,0,sales,medium
0.68,5,242,7,0,0,0,accounting,medium
1.0,3,256,7,0,0,0,support,medium
0.81,3,333,8,0,0,0,technical,medium
0.72,4,252,7,0,0,0,management,medium
0.93,5,223,6,0,0,0,marketing,medium
1.0,3,166,6,0,0,0,marketing,medium
0.57,3,301,5,0,0,0,marketing,medium
0.63,4,267,6,0,0,0,sales,medium
0.81,5,229,3,1,0,0,sales,medium
0.93,3,210,4,0,0,0,sales,medium
0.77,1,240,3,0,0,0,sales,high
0.93,5,215,2,1,0,0,sales,low
0.97,3,243,4,0,0,0,sales,medium
1.0,3,88,5,0,0,0,sales,medium
0.98,3,256,2,0,0,0,sales,medium
0.68,3,235,1,0,0,0,sales,medium
0.42,3,180,2,0,0,0,sales,low
0.93,5,196,1,1,0,0,sales,low
0.8,5,222,3,1,0,0,sales,low
0.9,5,135,3,0,0,0,sales,low
0.38,6,138,2,0,0,0,sales,low
0.52,4,205,3,1,0,0,sales,low
0.49,6,228,6,0,0,0,sales,low
0.39,5,147,2,0,0,0,sales,low
0.61,4,253,3,0,0,0,sales,low
0.42,2,180,1,1,0,0,sales,low
1.0,5,196,3,0,0,0,accounting,low
0.56,2,187,5,1,0,0,accounting,low
1.0,3,234,3,0,0,0,accounting,low
0.33,2,208,3,0,0,0,hr,low
0.81,5,208,2,1,0,0,hr,low
0.82,2,284,1,1,0,0,hr,low
0.38,5,340,3,0,0,0,hr,low
0.84,5,148,2,1,0,0,technical,low
0.8,4,121,2,0,0,0,technical,low
0.96,4,134,5,0,0,0,technical,low
0.61,3,208,2,0,0,0,technical,low
0.95,4,199,2,0,0,0,technical,medium
0.5,6,173,4,0,0,0,technical,medium
0.45,4,100,6,0,0,0,technical,medium
0.9,5,252,2,0,0,0,technical,medium
0.53,3,208,2,0,0,0,technical,medium
0.52,2,224,2,1,0,0,technical,medium
0.55,5,188,2,0,0,0,technical,medium
0.72,2,178,4,0,0,0,support,medium
0.67,3,101,2,0,0,0,support,medium
0.45,4,145,2,0,0,0,support,medium
1.0,5,223,3,0,0,0,support,medium
0.51,3,209,2,0,0,0,support,medium
0.59,5,148,3,0,0,0,support,high
0.91,3,193,3,0,0,0,support,low
0.74,4,156,1,0,0,0,support,medium
0.89,2,236,3,0,0,0,support,medium
0.96,5,213,5,0,0,0,support,medium
0.88,3,146,2,0,0,0,support,medium
0.36,5,124,4,0,0,0,technical,low
0.92,5,136,6,0,0,0,technical,low
0.51,5,257,2,0,0,0,technical,low
0.52,4,221,3,0,0,0,management,low
0.49,4,199,5,0,0,0,IT,low
0.51,6,283,2,1,0,0,IT,low
0.92,3,227,3,0,0,0,IT,low
0.51,3,228,3,0,0,0,IT,low
0.75,1,276,3,0,0,0,IT,medium
0.58,3,157,3,1,0,0,product_mng,medium
0.94,4,244,3,0,0,0,product_mng,medium
1.0,3,173,3,0,0,0,product_mng,medium
0.51,3,204,2,0,0,0,product_mng,medium
0.49,4,105,2,0,0,0,IT,medium
0.93,2,128,11,0,0,0,management,medium
1.0,4,250,9,0,0,0,management,medium
0.85,1,233,6,1,0,0,management,medium
0.56,4,136,6,0,0,0,management,medium
0.82,3,176,8,0,0,0,management,medium
0.8,3,104,10,0,0,0,management,medium
1.0,4,269,6,0,0,0,IT,medium
0.74,2,161,7,1,0,0,IT,medium
0.62,3,232,6,0,0,0,IT,medium
0.73,3,203,7,0,0,0,IT,medium
0.55,3,104,7,0,0,0,product_mng,medium
1.0,4,173,4,0,0,0,product_mng,medium
0.53,5,96,4,0,0,0,product_mng,medium
0.75,4,194,1,0,0,0,product_mng,medium
0.6,5,253,3,0,0,0,IT,medium
0.41,5,156,6,0,0,0,management,medium
0.57,4,180,2,0,0,0,management,medium
0.86,4,260,4,0,0,0,management,medium
0.18,6,176,3,0,0,0,management,medium
0.82,3,154,4,0,0,0,management,medium
0.67,3,216,1,0,0,0,management,medium
0.83,2,153,2,0,0,0,marketing,high
0.96,4,246,3,0,0,0,sales,high
0.69,5,296,2,0,0,0,accounting,high
0.69,3,236,4,0,0,0,support,high
0.89,3,157,2,0,0,0,technical,high
0.9,7,259,5,0,0,0,management,high
0.77,4,164,1,0,0,0,marketing,high
0.7,3,123,3,1,0,0,marketing,high
0.58,5,195,2,1,0,0,marketing,high
0.7,3,201,1,0,0,0,sales,high
0.54,4,123,4,1,0,0,sales,low
0.41,1,197,5,0,0,0,sales,low
0.89,4,170,2,0,0,0,sales,low
0.94,5,169,5,0,0,0,sales,low
0.58,2,227,2,1,0,0,sales,low
0.85,7,124,4,0,0,0,sales,low
0.69,4,207,7,0,0,0,sales,low
0.94,3,298,2,0,0,0,sales,low
0.56,3,174,2,0,0,0,sales,low
1.0,3,181,4,1,0,0,sales,low
0.26,2,239,4,0,0,0,sales,low
0.8,6,208,4,0,0,0,sales,low
0.97,4,195,4,0,0,0,sales,low
1.0,4,274,3,0,0,0,sales,low
0.98,4,220,1,0,0,0,sales,low
0.9,5,222,11,0,0,0,sales,medium
0.81,4,193,9,1,0,0,sales,medium
0.83,6,261,7,0,0,0,sales,medium
0.67,4,176,8,0,0,0,accounting,medium
0.78,3,146,10,0,0,0,accounting,medium
0.65,5,260,7,0,0,0,accounting,medium
0.78,4,153,8,0,0,0,hr,medium
0.9,4,273,6,0,0,0,hr,medium
0.72,5,153,6,0,0,0,hr,medium
0.86,3,268,5,0,0,0,hr,medium
0.89,2,252,5,0,0,0,technical,medium
0.48,4,164,1,1,0,0,technical,medium
0.84,2,336,5,0,0,0,technical,high
0.33,4,175,5,0,0,0,technical,high
0.86,4,272,5,0,0,0,technical,high
0.88,4,259,4,0,0,0,technical,high
0.74,3,131,3,1,0,0,technical,high
0.66,4,218,2,0,0,0,technical,high
1.0,7,265,7,0,0,0,technical,high
0.73,3,337,2,1,0,0,technical,high
0.95,3,115,2,0,0,0,technical,low
0.88,3,128,4,1,0,0,support,low
0.52,3,222,2,1,0,0,support,low
0.41,3,233,1,0,0,0,support,low
0.65,4,163,3,0,0,0,support,low
0.42,3,241,1,0,0,0,support,low
0.46,3,122,4,0,0,0,support,low
0.85,4,229,2,0,0,0,support,low
0.7,3,195,1,0,0,0,support,medium
0.7,2,160,3,0,0,0,support,medium
1.0,2,287,4,1,0,0,support,medium
0.84,3,160,1,0,0,0,support,medium
0.47,4,171,2,0,0,0,technical,medium
0.61,3,202,2,0,0,0,technical,medium
0.53,2,169,1,0,0,0,technical,medium
0.59,3,251,4,0,0,0,management,medium
0.56,2,181,1,0,0,0,IT,medium
0.85,4,272,4,1,0,0,IT,medium
0.9,3,142,5,0,0,0,IT,medium
0.75,3,178,3,0,0,0,IT,medium
0.73,3,193,3,0,0,0,IT,medium
0.63,6,209,5,0,0,0,product_mng,medium
0.71,7,257,6,0,0,0,product_mng,medium
1.0,3,178,5,0,0,0,product_mng,medium
0.43,6,201,1,0,0,0,product_mng,medium
0.93,5,239,5,0,0,0,IT,medium
1.0,3,194,1,0,0,0,IT,medium
0.97,5,219,6,1,0,0,IT,medium
0.63,5,223,3,0,0,0,IT,medium
0.69,5,176,5,0,0,0,IT,medium
0.99,7,272,5,0,0,0,product_mng,medium
0.37,4,138,4,0,0,0,product_mng,high
1.0,3,195,3,0,0,0,product_mng,low
0.92,5,270,5,0,0,0,product_mng,medium
0.88,2,235,5,0,0,0,IT,medium
0.94,7,218,6,1,0,1,RandD,medium
0.95,3,275,1,0,0,1,RandD,medium
0.46,2,138,3,0,0,1,RandD,medium
0.65,4,249,1,0,0,1,RandD,medium
0.95,6,260,1,0,0,1,RandD,medium
0.72,3,196,3,0,0,1,RandD,medium
0.49,2,77,7,1,0,1,marketing,medium
0.66,4,214,4,0,0,1,sales,medium
0.84,4,120,2,0,0,0,accounting,low
0.96,5,172,2,0,0,0,support,low
0.54,3,262,3,0,0,0,technical,low
0.77,4,106,7,0,0,0,management,low
0.55,3,215,3,0,0,0,marketing,low
0.51,3,242,4,1,0,0,marketing,low
0.49,4,140,10,1,0,0,marketing,low
0.9,3,235,10,0,0,0,sales,high
0.61,2,344,13,0,0,0,sales,low
0.58,3,297,11,0,0,0,sales,high
0.73,4,173,10,0,0,0,sales,high
0.93,3,181,11,0,0,0,sales,low
0.76,3,182,10,0,0,0,sales,low
0.77,6,277,2,1,0,0,sales,high
0.71,5,81,3,0,0,0,sales,low
0.69,3,128,2,0,0,0,sales,medium
0.69,3,90,3,1,0,0,sales,high
0.63,3,182,2,0,0,0,sales,medium
0.65,5,186,8,0,0,0,sales,medium
0.59,5,170,8,1,0,0,sales,medium
0.67,4,277,8,0,0,0,sales,medium
0.77,2,207,7,0,0,0,sales,high
0.32,2,185,7,0,0,0,sales,medium
0.57,4,139,6,0,0,0,sales,medium
0.75,2,275,7,0,0,0,sales,medium
0.52,4,266,7,0,0,0,sales,high
1.0,4,239,5,0,0,1,accounting,medium
1.0,5,282,7,0,0,1,accounting,high
0.72,2,205,8,0,0,1,accounting,low
0.58,4,121,7,0,0,1,hr,medium
0.35,4,145,9,0,0,1,hr,medium
0.84,3,233,8,1,0,1,hr,medium
0.34,2,298,7,1,0,1,hr,medium
0.51,3,191,6,1,0,1,technical,low
0.52,2,168,6,0,0,0,technical,low
0.89,6,146,5,0,0,0,technical,low
0.51,4,193,5,0,0,0,technical,low
0.68,5,179,6,0,0,0,technical,low
0.15,4,205,6,0,0,0,technical,low
1.0,4,228,11,0,0,0,technical,low
1.0,3,181,9,0,0,0,technical,low
0.59,3,281,3,0,0,0,technical,low
0.76,5,184,12,0,0,0,technical,low
0.83,3,143,11,0,0,0,technical,high
0.84,2,129,10,1,0,0,support,low
0.89,3,199,9,0,0,0,support,low
1.0,4,118,1,0,0,0,support,low
1.0,4,125,5,0,0,0,support,low
0.7,5,263,3,0,0,0,support,high
0.74,3,190,1,0,0,0,support,low
0.52,4,300,5,1,0,0,support,low
0.79,3,191,4,0,0,0,support,low
0.95,2,215,2,0,0,0,support,high
0.91,4,306,3,0,0,0,support,low
0.66,3,210,4,0,0,0,support,medium
0.62,6,253,2,1,0,0,technical,high
0.47,2,116,4,0,0,0,technical,medium
0.84,1,215,3,0,0,0,technical,high
0.71,4,156,1,0,0,0,management,medium
0.56,4,131,4,0,0,0,IT,medium
0.98,2,114,4,0,0,0,IT,medium
0.79,3,201,2,0,0,0,IT,medium
0.79,6,216,2,1,0,0,IT,medium
0.79,3,272,4,0,0,0,IT,medium
0.58,5,298,3,0,0,0,product_mng,medium
0.32,4,150,3,0,0,0,product_mng,medium
0.55,2,284,2,0,0,0,product_mng,high
1.0,6,156,4,0,0,0,product_mng,low
0.73,3,170,3,0,0,0,IT,medium
0.65,4,191,1,1,0,0,management,medium
0.65,5,251,3,0,0,0,management,medium
0.82,4,191,10,0,0,0,management,medium
0.73,5,169,8,1,0,0,management,medium
0.36,3,256,10,1,0,0,management,medium
0.66,5,146,11,1,0,0,management,medium
0.79,5,152,11,0,0,0,IT,medium
0.8,4,174,10,0,0,0,IT,medium
0.96,3,135,10,0,0,0,product_mng,high
0.71,4,160,4,0,0,0,product_mng,low
0.55,6,283,3,0,0,0,product_mng,low
0.66,3,91,3,0,0,0,product_mng,low
0.79,4,237,2,0,0,0,IT,high
0.81,5,221,4,0,0,1,management,medium
0.86,5,197,8,0,0,1,management,medium
0.76,3,207,8,0,0,1,management,medium
0.61,4,206,8,0,0,1,management,medium
0.47,2,96,7,0,0,1,management,medium
0.94,3,232,5,0,0,1,management,medium
0.78,2,207,8,0,0,1,marketing,low
0.62,2,191,8,0,0,1,sales,low
0.73,4,232,5,0,0,0,accounting,low
0.46,2,112,6,0,0,0,support,low
0.81,6,211,8,0,0,0,technical,low
0.8,5,193,8,1,0,0,management,medium
0.85,5,204,8,0,0,0,marketing,medium
0.41,1,159,9,0,0,0,marketing,medium
0.88,2,181,7,1,0,0,marketing,medium
0.54,3,179,6,0,0,0,sales,medium
0.5,2,129,7,0,0,0,sales,medium
0.97,3,120,4,0,0,0,sales,medium
0.42,5,153,6,0,0,0,sales,medium
0.74,4,187,5,0,0,0,sales,medium
0.6,4,133,8,1,0,0,sales,medium
0.64,5,143,6,0,0,0,sales,medium
1.0,3,284,9,0,0,0,sales,medium
0.43,6,128,11,1,0,0,sales,high
0.57,5,190,3,0,0,0,sales,low
0.8,4,230,10,0,0,0,sales,medium
0.9,3,241,11,1,0,0,sales,medium
0.71,4,292,9,1,0,0,sales,medium
0.45,2,244,11,0,0,0,sales,medium
0.97,5,205,3,0,0,0,sales,low
0.72,5,297,5,0,0,0,sales,low
0.7,6,261,6,0,0,0,sales,low
0.78,1,144,3,0,0,0,sales,low
0.53,4,189,3,0,0,0,sales,low
0.97,3,164,4,0,0,0,accounting,low
0.72,5,177,3,0,0,0,accounting,low
0.67,9,140,1,0,0,0,accounting,low
0.93,4,235,4,0,0,0,hr,low
0.94,4,294,1,1,0,0,hr,low
0.86,3,249,3,0,0,0,hr,low
0.35,2,184,2,0,0,0,hr,low
0.64,6,245,2,0,0,0,technical,low
0.78,4,208,4,0,0,0,technical,low
0.92,4,122,5,0,0,0,technical,low
0.5,6,206,3,1,0,0,technical,low
0.67,4,116,4,0,0,0,technical,low
0.6,4,183,2,0,0,0,technical,low
0.88,4,220,4,0,0,0,technical,low
1.0,4,204,3,0,0,0,technical,low
1.0,4,198,4,0,0,0,technical,low
0.85,3,237,2,0,0,0,technical,medium
0.92,5,250,4,0,0,0,technical,medium
0.88,2,127,2,1,0,0,support,medium
1.0,3,169,4,0,0,0,support,medium
0.61,5,170,1,0,0,0,support,medium
1.0,6,188,5,0,0,0,support,medium
0.26,3,212,2,0,0,0,support,medium
0.8,3,157,3,0,0,0,support,medium
0.52,5,271,3,0,0,0,support,medium
0.48,1,185,1,0,0,0,support,medium
0.37,2,257,3,0,0,0,support,medium
0.66,3,142,2,0,0,0,support,medium
0.53,3,203,3,0,0,0,support,high
0.62,4,315,1,0,0,0,technical,low
0.99,3,142,3,1,0,0,technical,medium
0.86,3,207,3,0,0,0,technical,medium
0.37,6,91,3,0,0,0,management,medium
0.79,2,135,1,0,0,0,IT,medium
0.62,3,147,8,0,0,0,IT,low
0.74,4,233,2,1,0,0,IT,low
0.9,4,304,1,0,0,0,IT,low
0.56,4,118,4,1,0,0,IT,low
0.85,2,273,1,1,0,0,product_mng,low
0.73,8,201,3,0,0,0,product_mng,low
0.72,3,240,6,0,0,0,product_mng,low
0.8,4,172,3,0,0,0,product_mng,low
0.46,2,208,2,0,0,0,IT,low
0.62,2,165,8,0,0,0,management,high
0.8,4,162,11,1,0,0,management,high
0.82,4,157,10,0,0,0,management,high
0.91,5,204,10,1,0,0,management,high
0.63,3,152,11,0,0,0,management,high
0.29,4,210,9,1,0,0,management,high
0.69,2,167,4,0,0,0,sales,low
0.65,2,101,2,0,0,0,sales,low
0.89,2,282,3,0,0,0,sales,low
0.65,3,94,5,0,0,0,sales,low
0.6,5,241,3,0,0,0,sales,low
0.88,3,273,1,0,0,0,sales,low
0.52,4,256,3,0,0,0,sales,medium
0.76,2,195,2,0,0,0,sales,medium
0.62,5,212,5,0,0,0,sales,medium
0.49,6,263,4,0,0,0,sales,medium
0.54,4,114,2,0,0,0,sales,medium
0.61,3,170,2,0,0,0,sales,medium
0.75,5,225,1,0,0,0,sales,medium
0.79,5,183,3,0,0,0,sales,medium
0.86,5,220,2,0,0,0,sales,medium
0.27,5,134,1,0,0,0,sales,medium
0.52,3,249,5,0,0,0,sales,medium
0.85,3,135,3,0,0,0,sales,medium
0.32,5,235,3,1,0,0,sales,high
0.23,2,168,2,0,0,0,sales,low
0.9,2,141,4,0,0,0,sales,medium
0.54,5,223,3,0,0,0,sales,medium
0.95,4,262,2,0,0,0,sales,medium
0.86,5,151,4,0,0,0,sales,medium
0.57,4,155,3,1,0,0,sales,low
0.42,3,271,3,0,0,0,sales,low
0.55,4,161,4,1,0,0,sales,low
0.27,5,106,4,0,0,0,sales,low
0.8,6,204,5,0,0,0,sales,low
0.53,3,137,2,0,0,0,sales,low
0.55,3,235,3,0,0,0,sales,low
0.89,3,134,3,0,0,0,sales,low
0.32,2,115,2,0,0,0,sales,low
0.69,4,167,4,1,0,0,sales,low
0.69,3,146,4,0,0,0,IT,low
0.62,1,206,3,0,0,0,product_mng,low
0.84,3,293,4,0,0,0,product_mng,low
0.31,3,164,2,1,0,0,product_mng,low
0.61,4,377,1,1,0,0,product_mng,low
0.85,4,217,3,0,0,0,IT,low
0.84,7,181,3,0,0,0,management,high
1.0,5,124,3,0,0,0,management,high
0.89,5,252,4,0,0,0,management,high
0.87,5,307,3,1,0,0,management,high
0.62,5,187,5,0,0,0,management,high
0.64,4,170,2,1,0,0,management,high
0.37,4,150,4,1,0,0,marketing,medium
0.98,4,262,2,0,0,0,sales,medium
0.65,3,155,3,0,0,1,accounting,medium
0.66,5,227,2,0,0,1,support,medium
0.6,4,178,3,0,0,1,technical,medium
0.97,4,151,2,0,0,1,management,medium
0.6,3,122,3,0,0,1,marketing,medium
0.66,3,225,7,0,0,1,marketing,medium
0.56,1,233,3,0,0,1,marketing,medium
0.73,4,144,4,0,0,1,sales,medium
0.49,5,301,3,0,0,0,sales,medium
1.0,4,228,1,0,0,0,sales,high
0.82,3,257,7,0,0,0,sales,low
0.58,7,273,5,0,0,0,sales,medium
1.0,5,210,4,0,0,0,sales,medium
0.65,4,184,4,0,0,0,sales,medium
1.0,1,342,3,0,0,0,sales,medium
0.43,3,190,3,1,0,0,IT,low
0.68,4,124,4,0,0,0,product_mng,low
0.51,5,257,2,0,0,0,product_mng,low
0.78,3,171,4,1,0,0,product_mng,low
0.57,5,131,1,0,0,0,product_mng,low
0.22,5,345,2,0,0,0,IT,low
0.88,1,234,4,0,0,0,management,high
0.58,4,234,2,0,0,0,management,high
0.26,5,264,1,0,0,0,management,high
0.78,4,211,2,1,0,0,management,high
0.47,2,277,4,0,0,0,management,high
0.8,4,251,7,0,0,0,management,high
1.0,4,218,3,0,0,0,marketing,low
0.56,3,163,1,0,0,0,sales,low
0.53,5,147,3,0,0,0,accounting,low
0.65,4,143,3,0,0,0,support,low
0.59,2,263,1,0,0,0,technical,low
0.66,6,202,2,0,0,0,management,low
1.0,8,267,1,0,0,0,marketing,medium
0.9,4,205,4,1,0,0,marketing,medium
0.52,4,107,2,0,0,0,marketing,medium
0.47,5,225,4,1,0,0,sales,medium
0.47,3,243,3,1,0,0,sales,medium
1.0,3,291,5,0,0,0,sales,medium
1.0,4,279,2,0,0,0,sales,medium
0.69,5,237,4,0,0,0,sales,medium
0.97,4,50,2,0,0,0,sales,medium
0.78,2,122,1,0,0,0,sales,medium
0.86,3,138,3,0,0,0,IT,medium
0.63,6,291,2,0,0,0,product_mng,medium
0.88,6,234,3,0,0,0,product_mng,high
0.84,2,133,2,0,0,0,product_mng,low
0.54,4,166,6,0,0,0,product_mng,medium
0.48,4,192,3,1,0,0,IT,medium
0.94,3,254,2,0,0,0,management,high
0.7,4,209,2,0,0,0,management,high
0.96,3,250,4,0,0,0,management,high
0.25,3,234,2,0,0,0,management,high
0.77,2,164,2,0,0,0,management,high
0.53,5,85,1,0,0,0,management,high
0.69,4,181,4,0,0,0,marketing,low
0.99,6,169,7,1,0,0,sales,low
0.62,4,155,5,0,0,0,accounting,low
0.55,2,213,5,0,0,1,support,low
0.94,3,210,3,0,0,1,technical,low
0.85,3,259,5,1,0,1,management,low
1.0,4,308,3,1,0,1,marketing,low
0.61,2,176,6,0,0,1,marketing,low
0.67,4,267,3,0,0,1,marketing,low
0.76,4,166,3,0,0,1,sales,low
0.6,4,172,2,0,0,1,sales,low
0.41,3,207,6,1,0,1,sales,low
0.84,3,196,3,0,0,1,sales,low
0.62,3,163,2,0,0,0,sales,low
0.6,4,157,4,0,0,0,sales,low
0.94,3,182,2,0,0,0,sales,low
0.58,2,224,3,0,0,0,sales,low
0.64,4,149,1,0,0,0,IT,medium
0.67,5,293,5,0,0,0,product_mng,medium
0.83,3,162,5,0,0,0,product_mng,medium
0.76,3,250,2,0,0,0,product_mng,medium
0.66,3,93,4,1,0,0,product_mng,medium
0.39,4,107,5,0,0,0,IT,medium
0.88,1,104,3,0,0,0,RandD,medium
1.0,5,233,3,0,0,0,RandD,medium
0.52,1,271,3,0,0,0,RandD,medium
0.95,4,231,1,0,0,0,RandD,medium
0.9,6,133,3,0,0,0,RandD,medium
0.53,2,144,1,0,0,0,RandD,medium
0.69,2,119,3,0,0,0,marketing,high
0.62,3,226,1,1,0,0,sales,low
1.0,3,174,1,0,0,0,accounting,medium
0.41,4,223,5,1,0,0,support,medium
0.58,3,173,6,1,0,0,technical,medium
0.86,5,123,7,1,0,0,management,medium
0.69,3,163,6,0,0,0,marketing,low
0.77,6,154,8,1,0,0,marketing,low
0.4,2,285,7,0,0,0,marketing,low
0.7,2,226,2,0,0,0,sales,low
0.63,2,125,7,0,0,0,sales,low
0.57,2,181,6,0,0,0,sales,low
0.9,4,275,7,0,0,0,sales,low
0.62,4,150,2,0,0,0,sales,low
0.74,4,243,4,0,0,0,sales,low
0.7,5,229,1,0,0,0,sales,low
0.23,3,152,2,0,0,0,sales,low
0.89,3,262,2,0,0,0,technical,low
0.45,3,202,2,0,0,0,support,low
0.59,3,154,5,1,0,0,support,low
0.41,2,141,3,0,0,0,support,low
1.0,5,232,7,1,0,0,support,low
0.88,4,117,7,0,0,0,support,low
0.74,6,235,8,1,0,0,support,low
0.34,5,219,7,0,0,0,support,low
1.0,4,130,6,1,0,0,support,low
0.35,6,251,4,0,0,0,support,low
0.83,4,189,9,1,0,0,support,medium
1.0,3,212,11,0,0,0,support,medium
0.41,3,219,11,0,0,0,technical,medium
0.61,3,161,9,0,0,0,technical,medium
0.94,4,106,7,0,0,0,technical,medium
1.0,4,157,10,1,0,0,management,medium
0.57,5,206,2,0,0,0,IT,medium
0.98,4,211,2,0,0,0,IT,medium
0.67,2,168,11,0,0,0,IT,medium
0.63,3,208,11,1,0,0,IT,medium
0.81,3,315,6,0,0,0,IT,medium
0.76,4,250,6,0,0,0,product_mng,medium
0.54,4,79,7,0,0,0,product_mng,high
0.57,4,145,7,0,0,0,product_mng,low
0.75,3,187,3,0,0,0,product_mng,medium
0.89,5,140,12,0,0,0,IT,medium
0.88,4,162,9,0,0,0,management,high
0.33,3,256,11,0,0,0,management,high
0.56,3,173,10,0,0,0,management,high
0.53,1,253,11,0,0,0,management,high
0.63,2,131,8,0,0,0,management,high
0.62,3,163,4,0,0,0,management,high
0.85,5,148,4,0,0,0,sales,low
0.72,5,105,2,0,0,0,sales,low
0.38,4,256,4,0,0,0,sales,low
1.0,4,136,1,1,0,0,sales,low
1.0,4,260,2,0,0,0,sales,medium
0.73,8,212,4,0,0,0,sales,medium
0.47,4,217,3,0,0,0,sales,medium
0.4,2,156,7,0,0,0,sales,medium
0.84,4,236,8,0,0,0,sales,medium
0.58,3,124,5,0,0,0,sales,medium
0.48,3,177,7,0,0,0,sales,medium
0.72,5,224,7,0,0,0,sales,medium
0.99,4,250,2,1,0,0,sales,medium
0.38,3,323,8,0,0,0,sales,medium
0.89,4,289,6,1,0,0,sales,medium
0.93,4,170,6,0,0,0,sales,medium
1.0,5,239,1,1,0,0,sales,medium
0.64,3,311,4,0,0,0,sales,medium
0.44,3,163,3,0,0,0,sales,medium
0.8,5,146,3,0,0,0,sales,medium
0.55,3,145,3,0,0,0,sales,medium
0.37,3,245,3,0,0,0,sales,medium
0.35,4,125,8,1,0,0,sales,medium
0.58,6,215,1,0,0,0,sales,medium
0.43,3,186,8,1,0,0,sales,medium
0.93,4,201,7,0,0,0,sales,medium
0.82,4,197,8,0,0,0,sales,medium
0.36,6,214,8,0,0,0,sales,medium
0.54,3,289,6,0,0,0,sales,medium
0.86,3,248,3,0,0,0,sales,low
0.52,4,173,10,0,0,0,sales,low
0.42,2,146,11,1,0,0,sales,low
0.92,6,128,10,0,0,0,sales,low
0.49,4,179,6,0,0,0,sales,low
0.74,5,237,9,0,0,0,IT,low
0.71,3,181,7,0,0,0,product_mng,low
0.75,5,70,3,0,0,0,product_mng,low
0.59,4,150,3,0,0,0,product_mng,low
0.52,2,107,10,0,0,0,product_mng,low
0.65,5,257,8,0,0,0,IT,low
0.73,7,257,7,0,0,0,management,high
0.65,4,190,7,0,0,0,management,high
0.4,3,193,7,0,0,0,management,high
0.45,5,215,5,0,0,0,management,high
0.88,5,267,3,0,0,0,management,high
0.52,5,274,11,0,0,0,management,high
0.89,2,230,9,0,0,0,marketing,low
0.91,1,221,9,0,0,0,sales,low
1.0,2,241,11,0,0,0,accounting,low
0.94,2,189,12,0,0,0,support,low
0.88,4,143,10,0,0,0,technical,low
0.79,3,220,4,1,0,0,management,low
0.7,1,192,3,0,0,0,marketing,low
0.64,2,123,6,0,0,0,marketing,low
0.67,2,215,1,1,0,0,marketing,low
0.59,5,167,7,0,0,0,sales,low
0.81,3,95,6,0,0,0,sales,medium
0.44,4,157,6,1,0,0,sales,medium
0.93,2,230,8,0,0,0,sales,medium
0.78,3,263,7,0,0,0,sales,medium
0.94,5,157,1,0,0,0,sales,medium
0.55,4,299,7,0,0,0,sales,medium
0.5,4,261,9,0,0,0,sales,medium
0.48,5,208,7,0,0,0,IT,medium
1.0,3,201,5,0,0,0,product_mng,medium
0.83,3,293,2,0,0,0,product_mng,medium
0.9,2,213,4,0,0,0,product_mng,medium
0.76,2,158,4,0,0,0,product_mng,medium
0.69,5,209,3,0,0,0,IT,high
0.47,3,136,2,0,0,0,management,high
0.83,6,104,7,0,0,0,management,high
0.37,3,193,4,0,0,0,management,high
0.97,3,104,9,0,0,0,management,high
0.3,4,80,8,0,0,0,management,high
0.73,2,154,8,1,0,0,management,high
0.77,3,290,8,1,0,0,marketing,high
0.61,4,104,8,0,0,0,sales,low
1.0,3,172,3,0,0,0,accounting,low
0.52,2,144,10,1,0,0,support,low
1.0,1,232,10,0,0,0,technical,low
1.0,2,200,9,1,0,0,management,low
0.88,5,318,7,0,0,0,marketing,low
1.0,4,240,9,0,0,0,marketing,low
0.36,2,186,8,1,0,0,marketing,low
0.78,4,275,4,0,0,0,sales,medium
0.78,3,203,4,0,0,0,sales,medium
0.97,4,183,9,0,0,0,sales,medium
0.68,4,213,10,0,0,0,sales,medium
0.63,4,187,7,0,0,0,sales,medium
0.8,6,223,7,0,0,0,sales,medium
0.81,5,174,8,0,0,0,sales,medium
0.68,5,262,9,0,0,0,IT,medium
1.0,2,197,2,1,0,0,product_mng,medium
0.45,2,106,8,0,0,0,product_mng,medium
0.62,3,222,10,1,0,0,product_mng,medium
0.81,4,241,9,0,0,0,product_mng,medium
0.83,4,257,10,0,0,0,IT,medium
0.68,4,213,12,0,0,0,management,high
0.8,4,269,13,0,0,0,management,high
0.66,4,198,2,0,0,0,management,high
1.0,4,256,10,0,0,0,management,high
0.69,4,152,10,0,0,0,management,high
0.73,3,247,10,0,0,0,management,high
0.85,6,284,9,0,0,0,marketing,medium
0.66,6,255,11,0,0,0,sales,medium
0.75,3,174,11,0,0,0,accounting,medium
0.73,3,303,4,1,0,0,support,medium
0.5,3,208,4,0,0,0,technical,high
0.88,4,167,4,0,0,0,management,low
0.57,4,118,1,0,0,0,marketing,medium
0.66,5,160,7,0,0,0,marketing,medium
0.88,4,145,7,0,0,0,marketing,medium
0.73,3,192,7,0,0,0,sales,medium
0.46,3,162,8,0,0,0,sales,medium
0.64,4,85,6,1,0,0,sales,medium
0.67,6,188,4,0,0,0,sales,medium
0.92,3,170,8,0,0,0,sales,medium
0.56,5,179,9,1,0,0,sales,medium
0.67,6,204,5,0,0,0,sales,medium
0.68,5,206,3,0,0,0,sales,low
0.9,4,182,2,0,0,0,IT,low
0.91,4,158,4,0,0,0,product_mng,low
0.8,6,277,5,0,0,0,product_mng,low
0.72,2,213,3,0,0,0,product_mng,low
0.65,3,161,3,0,0,0,product_mng,low
0.86,4,97,7,0,0,0,IT,low
0.7,6,266,3,1,0,0,RandD,high
0.71,5,204,9,1,0,0,RandD,low
0.83,5,150,6,0,0,0,RandD,high
0.68,2,201,10,0,0,0,RandD,high
0.54,5,242,8,1,0,0,RandD,low
0.56,4,245,11,0,0,0,RandD,low
0.57,2,153,2,0,0,0,marketing,high
0.99,4,310,10,1,0,0,sales,low
0.86,2,191,11,0,0,0,accounting,medium
0.67,3,106,7,1,0,0,support,high
0.29,5,106,10,0,0,0,technical,medium
0.8,3,191,9,0,0,0,management,medium
1.0,5,108,6,0,0,0,marketing,medium
0.92,3,230,4,0,0,0,marketing,medium
0.77,3,158,3,0,0,0,marketing,high
0.61,5,232,10,1,0,0,sales,medium
0.71,5,164,9,1,0,0,sales,medium
0.6,3,170,7,0,0,0,sales,medium
0.41,2,202,8,0,0,0,sales,high
0.36,6,120,8,0,0,0,sales,medium
0.95,3,196,7,0,0,0,sales,high
0.8,3,185,3,0,0,0,sales,low
0.97,3,191,10,0,0,0,sales,medium
0.66,5,151,9,0,0,0,technical,medium
0.66,4,143,10,0,0,0,support,medium
0.92,1,129,9,0,0,0,support,medium
0.52,4,175,9,1,0,0,support,low
0.26,2,186,8,0,0,0,support,low
0.78,4,238,2,0,0,0,support,low
0.77,3,69,5,0,0,0,support,low
0.75,4,182,4,0,0,0,support,low
0.45,4,226,3,1,0,0,support,low
0.61,4,174,2,0,0,0,support,low
0.79,4,144,4,0,0,0,support,low
0.4,3,157,4,0,0,0,support,low
0.71,5,106,7,1,0,0,technical,low
0.76,2,95,3,0,0,0,technical,high
0.89,4,148,2,0,0,0,technical,low
0.5,6,112,4,0,0,0,management,low
0.89,4,243,4,0,0,0,IT,low
0.73,5,218,3,0,0,0,IT,low
1.0,2,185,1,0,0,0,IT,high
0.92,4,105,3,1,0,0,IT,low
0.67,4,216,3,0,0,0,IT,low
0.61,5,243,1,1,0,0,product_mng,low
0.62,3,154,2,1,0,0,product_mng,high
0.18,6,269,4,0,0,0,product_mng,low
0.27,3,153,2,0,0,0,product_mng,medium
0.75,4,155,2,0,0,0,IT,high
1.0,7,217,2,0,0,0,management,high
0.97,5,279,3,0,0,0,management,high
1.0,1,211,4,0,0,0,management,high
0.9,3,219,6,0,0,0,management,high
0.86,4,287,1,0,0,0,management,high
1.0,4,205,3,0,0,0,management,high
0.68,4,168,4,0,0,0,sales,medium
0.46,4,146,4,0,0,0,sales,medium
0.33,4,205,3,0,0,0,sales,medium
0.79,3,138,3,0,0,0,sales,medium
0.84,4,140,2,1,0,0,sales,high
0.47,4,152,1,1,0,0,sales,low
0.42,1,118,1,1,0,0,sales,medium
0.65,4,139,3,0,0,0,sales,medium
0.91,6,120,7,0,0,0,sales,medium
0.8,4,152,6,0,0,0,sales,medium
0.43,3,219,7,0,0,0,sales,medium
0.51,6,309,6,0,0,1,sales,medium
0.73,5,218,8,0,0,1,sales,medium
1.0,4,248,3,1,0,1,sales,medium
0.84,5,298,8,0,0,1,sales,medium
0.77,5,246,7,0,0,1,sales,high
0.47,3,201,6,0,0,1,sales,low
0.47,3,167,2,0,0,1,sales,low
0.88,6,158,5,1,0,0,sales,low
0.64,3,182,5,1,0,0,sales,high
0.63,4,313,1,0,0,0,sales,low
1.0,5,257,4,0,0,0,sales,low
0.85,6,327,1,0,0,0,sales,low
0.99,2,210,5,0,0,0,sales,high
0.79,4,207,3,0,0,0,sales,low
0.5,4,284,9,0,0,0,sales,low
0.67,4,190,7,1,0,0,sales,low
0.8,4,266,9,1,0,0,sales,low
0.83,4,189,9,0,0,0,sales,low
0.79,4,241,9,0,0,0,sales,low
0.92,3,187,2,0,0,0,sales,low
0.59,5,131,10,0,0,0,sales,medium
0.59,5,202,11,0,0,0,sales,medium
0.89,2,184,12,0,0,0,sales,medium
0.6,3,219,7,1,0,0,IT,medium
0.8,4,246,8,0,0,0,product_mng,medium
0.49,3,146,9,1,0,0,product_mng,medium
0.97,6,276,3,1,0,0,product_mng,medium
0.58,3,165,4,0,0,0,product_mng,medium
0.75,3,135,12,0,0,0,IT,medium
0.77,6,256,11,0,0,0,management,high
0.72,4,144,8,0,0,1,management,high
0.53,3,92,6,1,0,1,management,high
0.66,2,249,6,1,0,1,management,high
0.72,4,238,6,0,0,1,management,high
0.95,2,158,2,1,0,1,management,high
0.57,5,133,10,0,0,1,marketing,medium
0.85,5,273,10,0,0,0,sales,medium
0.82,3,265,9,0,0,0,accounting,medium
0.95,3,115,10,0,0,0,support,low
0.61,3,264,10,0,0,0,technical,low
0.75,3,146,8,1,0,0,management,low
0.89,2,184,4,0,0,0,marketing,low
0.61,6,254,3,1,0,0,marketing,low
0.87,3,215,2,1,0,0,marketing,low
0.88,4,179,3,0,0,0,sales,low
0.46,2,144,5,0,0,0,sales,low
0.45,5,148,5,0,0,0,sales,low
0.49,4,204,2,0,0,0,sales,low
0.55,4,260,3,0,0,0,sales,low
0.52,4,221,3,0,0,0,sales,low
0.73,5,266,2,0,0,0,sales,low
0.69,2,220,3,1,0,0,sales,low
0.61,3,74,4,0,0,0,IT,low
0.64,4,233,5,0,0,0,product_mng,low
0.46,2,114,1,0,0,0,product_mng,low
0.53,3,116,1,0,0,0,product_mng,low
0.78,3,184,3,0,0,0,product_mng,low
0.61,3,296,1,0,0,0,IT,low
0.75,6,185,3,0,0,0,management,high
0.95,2,224,5,1,0,0,management,high
0.96,5,221,4,0,0,0,management,high
0.75,5,138,2,1,0,0,management,high
0.92,3,187,1,0,0,0,management,high
0.57,4,268,4,1,0,0,management,high
0.96,3,287,3,0,0,0,marketing,medium
0.51,5,205,5,0,0,0,sales,medium
1.0,3,209,4,0,0,0,accounting,medium
0.84,6,314,3,0,0,0,support,medium
1.0,2,165,4,1,0,0,technical,medium
0.83,3,241,4,0,0,0,management,medium
0.6,5,287,3,1,0,1,marketing,medium
0.39,3,263,2,0,0,1,marketing,high
0.87,4,242,1,0,0,1,marketing,low
0.65,4,140,3,0,0,1,sales,medium
0.65,4,288,1,0,0,1,sales,medium
1.0,1,275,2,1,0,1,sales,medium
0.41,4,158,2,0,0,0,sales,medium
0.6,4,219,1,0,0,0,sales,low
0.57,4,214,2,0,0,0,sales,low
0.87,3,210,1,0,0,0,sales,low
0.76,2,142,1,0,0,0,IT,low
0.99,5,216,3,0,0,0,product_mng,low
0.9,2,92,3,0,0,0,product_mng,low
0.88,4,157,5,0,0,0,product_mng,low
0.47,3,111,3,0,0,0,product_mng,low
0.79,5,238,3,0,0,0,IT,low
0.49,4,224,2,0,0,0,management,high
0.61,3,205,4,0,0,0,management,high
0.69,1,259,3,0,0,0,management,high
0.66,6,69,8,0,0,0,management,high
0.77,4,194,1,0,0,0,management,high
0.51,5,200,3,0,0,0,management,high
0.88,4,208,2,0,0,0,marketing,low
0.78,2,241,3,0,0,0,sales,low
0.74,3,240,2,0,0,0,accounting,low
0.61,5,281,3,0,0,0,support,low
0.96,5,278,3,1,0,1,technical,low
0.78,3,229,3,1,0,1,management,low
0.48,4,235,6,0,0,1,marketing,medium
0.68,5,258,4,0,0,1,marketing,medium
0.72,4,192,4,0,0,1,marketing,medium
0.76,5,290,4,0,0,1,sales,medium
0.78,3,108,1,0,0,0,sales,medium
1.0,5,225,4,0,0,0,sales,medium
0.57,4,290,2,1,0,0,sales,medium
0.43,3,234,4,0,0,0,sales,medium
0.97,4,225,2,1,0,0,sales,medium
0.57,6,204,2,0,0,0,sales,medium
0.84,5,289,3,0,0,0,sales,medium
0.91,2,150,3,0,0,0,IT,medium
0.89,5,273,7,1,0,0,product_mng,high
0.54,5,156,3,0,0,0,product_mng,low
0.86,3,96,5,0,0,0,product_mng,medium
0.76,3,170,2,0,0,0,product_mng,medium
0.65,2,205,2,0,0,0,IT,medium
0.8,5,220,3,0,0,0,management,high
0.49,2,50,2,0,0,0,management,high
0.64,3,206,2,0,0,0,management,high
0.6,3,281,3,0,0,0,management,high
0.86,4,253,4,0,0,0,management,high
0.88,7,205,2,0,0,0,management,high
0.53,5,233,1,1,0,0,marketing,low
1.0,4,172,4,0,0,0,sales,low
0.57,2,261,3,0,0,0,accounting,low
0.83,5,261,6,0,0,0,support,low
0.61,2,225,3,1,0,0,technical,low
0.68,5,192,4,0,0,0,management,low
0.42,4,242,4,0,0,0,marketing,low
0.62,3,231,5,0,0,0,marketing,low
1.0,2,224,2,0,0,0,marketing,low
1.0,2,250,5,0,0,0,sales,low
0.81,3,260,4,0,0,0,sales,low
0.5,4,164,2,0,0,0,sales,low
0.53,4,168,3,0,0,0,sales,low
0.55,5,173,2,0,0,0,sales,low
0.87,5,225,3,0,0,0,sales,low
0.8,3,224,3,0,0,0,sales,low
1.0,5,246,5,0,0,0,sales,medium
0.81,3,227,3,0,0,0,technical,medium
0.49,2,233,2,0,0,0,support,medium
0.82,6,251,1,0,0,0,support,medium
1.0,4,160,2,0,0,0,support,medium
0.52,3,232,3,0,0,0,support,medium
0.52,5,159,6,1,0,0,support,medium
0.68,2,143,3,0,0,0,support,medium
0.93,5,295,3,0,0,0,support,medium
0.72,3,91,4,0,0,0,support,medium
0.87,4,230,3,0,0,0,support,medium
0.8,5,209,3,0,0,0,support,medium
0.84,3,314,4,0,0,0,support,high
0.63,6,179,5,0,0,0,technical,low
0.32,5,189,5,0,0,0,technical,medium
0.33,2,244,5,0,0,0,technical,medium
0.59,2,224,1,0,0,0,management,medium
0.8,2,268,2,0,0,0,IT,medium
0.57,3,165,2,0,0,0,IT,low
0.48,3,237,5,1,0,0,IT,low
0.4,2,90,4,0,0,0,IT,low
0.82,6,169,2,1,0,0,IT,low
0.41,2,290,1,0,0,0,product_mng,low
0.76,3,204,2,1,0,0,product_mng,low
0.73,3,137,3,0,0,0,product_mng,low
0.58,3,267,2,0,0,0,product_mng,low
0.57,2,218,3,1,0,0,IT,low
0.23,4,184,3,0,0,1,management,high
0.7,5,210,3,0,0,1,management,high
0.52,3,120,2,1,0,1,management,high
0.57,4,137,2,0,0,1,management,high
0.7,4,135,5,0,0,1,management,high
1.0,5,302,4,0,0,1,management,high
0.64,1,96,6,0,0,0,sales,low
1.0,2,122,5,0,0,0,sales,low
1.0,3,208,3,0,0,0,sales,low
0.28,6,180,3,0,0,0,sales,medium
0.85,2,162,2,0,0,0,sales,medium
0.51,1,263,2,0,0,0,sales,medium
0.85,6,267,6,1,0,0,sales,medium
0.83,2,268,6,1,0,0,sales,medium
0.31,5,232,8,0,0,0,sales,medium
0.73,4,166,8,1,0,0,sales,medium
0.92,6,256,9,0,0,0,sales,medium
0.73,5,207,7,0,0,0,sales,medium
0.87,2,218,1,1,0,0,sales,medium
0.29,3,200,5,0,0,0,sales,medium
0.26,5,157,6,0,0,0,sales,medium
0.88,3,217,8,0,0,0,sales,high
0.75,2,198,5,0,0,0,sales,low
0.75,2,267,3,0,0,0,sales,medium
0.94,3,210,3,0,0,0,sales,medium
0.67,4,275,1,0,0,0,sales,medium
1.0,2,137,4,0,0,0,sales,medium
0.56,3,173,2,0,0,0,sales,low
0.88,3,102,6,1,0,0,sales,low
0.48,4,266,2,0,0,0,sales,low
0.57,4,232,8,1,0,0,sales,low
0.7,5,184,7,0,0,0,sales,low
0.77,4,163,7,0,0,0,sales,low
0.32,4,194,7,0,0,0,sales,low
0.82,3,224,7,0,0,0,sales,low
0.89,3,187,2,0,0,0,sales,low
0.74,3,128,3,0,0,0,sales,low
0.43,5,192,2,0,0,0,sales,low
0.47,5,203,5,0,0,0,sales,low
0.68,1,158,7,0,0,0,sales,low
0.74,2,187,7,1,0,0,IT,low
0.85,7,123,7,1,0,0,product_mng,low
1.0,3,246,5,0,0,0,product_mng,low
0.83,4,224,3,0,0,0,product_mng,low
0.83,4,227,3,0,0,0,product_mng,low
0.28,3,230,3,0,0,0,IT,low
0.72,4,200,6,0,0,1,management,high
1.0,2,194,6,1,0,1,management,high
0.83,3,238,6,0,0,1,management,high
0.76,7,157,7,0,0,1,management,high
0.68,3,92,2,0,0,1,management,high
0.71,3,125,9,0,0,1,management,high
1.0,5,237,11,0,0,0,marketing,medium
0.68,3,257,10,0,0,0,sales,medium
0.79,4,298,10,0,0,0,accounting,medium
0.64,3,324,11,1,0,0,support,medium
0.96,4,285,9,0,0,0,technical,medium
1.0,2,205,3,0,0,0,management,medium
1.0,4,209,1,0,0,0,marketing,medium
0.59,5,145,3,0,0,0,marketing,medium
0.79,3,263,5,0,0,0,marketing,high
0.84,4,199,1,0,0,0,sales,low
0.7,4,233,5,0,0,0,sales,medium
0.82,4,212,2,0,0,0,sales,medium
0.6,3,150,4,0,0,0,sales,medium
0.81,5,154,2,0,0,0,sales,medium
0.81,3,277,8,0,0,0,sales,low
0.93,3,163,9,0,0,0,sales,low
0.59,4,212,7,0,0,0,sales,low
0.88,5,218,7,0,0,0,IT,low
0.48,5,262,7,0,0,0,product_mng,low
0.84,2,137,3,1,0,0,product_mng,low
1.0,4,298,7,0,0,0,product_mng,low
0.87,3,122,8,0,0,0,product_mng,low
0.29,3,165,7,0,0,0,IT,low
0.7,7,171,3,0,0,0,IT,low
0.99,5,248,5,1,0,0,IT,low
0.43,3,153,4,0,0,0,IT,low
0.63,2,153,2,0,0,0,IT,low
0.74,4,111,5,1,0,0,IT,low
0.87,3,239,3,0,0,0,IT,low
0.57,5,67,8,1,0,0,marketing,high
0.87,5,144,2,0,0,0,accounting,high
0.74,3,182,8,0,0,0,accounting,high
0.75,6,239,8,0,0,0,IT,medium
0.64,5,269,8,0,0,0,IT,medium
0.82,3,272,10,0,0,0,management,high
0.8,5,157,8,0,0,0,marketing,medium
0.49,4,104,1,1,0,0,marketing,medium
0.57,3,166,2,0,0,0,marketing,medium
0.72,5,193,2,1,0,0,sales,medium
0.89,5,229,7,0,0,0,sales,medium
0.85,4,176,7,0,0,0,sales,medium
0.8,2,162,8,0,0,0,sales,medium
0.35,4,252,8,0,0,0,sales,medium
0.58,3,205,6,1,0,0,sales,medium
0.66,4,206,4,0,0,0,sales,medium
0.45,5,118,5,0,0,0,IT,medium
0.8,4,226,4,0,0,0,product_mng,medium
0.47,3,50,7,0,0,0,product_mng,high
0.59,2,237,7,0,0,0,product_mng,low
0.51,3,203,9,0,0,0,product_mng,medium
0.37,3,257,6,0,0,0,IT,medium
0.87,2,255,1,1,0,0,IT,medium
0.66,4,227,10,0,0,1,management,high
0.91,3,166,11,0,0,1,management,high
0.41,2,305,10,1,0,1,management,high
0.93,4,256,8,0,0,1,management,high
0.44,2,189,11,0,0,1,management,high
0.72,4,199,9,0,0,1,marketing,high
0.71,5,177,2,0,0,0,IT,low
0.73,3,152,2,0,1,0,sales,low
1.0,6,251,4,0,1,0,sales,medium
0.86,5,254,4,0,1,0,sales,medium
0.96,5,228,4,0,1,0,sales,low
0.47,1,95,2,0,1,0,sales,low
0.5,3,140,5,0,1,0,sales,low
0.73,5,266,3,0,1,0,sales,low
0.94,4,274,5,0,1,0,sales,low
1.0,4,273,7,0,1,0,sales,low
0.63,2,171,4,0,1,0,sales,low
0.65,3,149,5,0,1,0,sales,low
0.92,6,306,3,0,1,0,sales,low
0.99,3,218,6,0,1,0,sales,low
0.41,4,166,4,0,1,0,sales,low
0.76,3,148,4,0,1,0,sales,low
0.76,3,130,4,0,1,0,sales,low
0.44,3,130,2,0,1,0,sales,low
0.95,3,253,9,0,1,0,sales,low
0.58,1,200,1,1,1,1,sales,low
0.96,6,266,4,0,1,0,sales,low
0.81,5,283,5,0,1,0,sales,low
0.4,2,162,3,0,1,0,sales,low
0.99,6,321,4,0,1,0,sales,low
0.64,1,148,4,0,1,0,sales,low
0.62,2,157,2,0,1,0,sales,low
0.96,6,224,6,0,1,0,sales,low
0.84,5,274,5,0,1,0,sales,low
0.61,3,120,4,0,1,0,sales,low
0.47,3,183,3,0,1,0,accounting,low
0.44,2,137,3,0,1,0,accounting,low
0.6,6,296,5,0,1,0,accounting,low
0.36,2,161,4,0,1,0,hr,low
0.49,1,122,3,0,1,0,hr,low
0.63,1,160,3,0,1,0,hr,low
0.91,3,250,5,0,1,0,hr,low
1.0,6,269,4,0,1,0,technical,low
0.43,1,113,1,0,1,0,technical,low
0.56,2,102,3,0,1,0,technical,low
0.98,6,242,4,0,1,0,technical,low
0.82,2,136,5,0,1,0,technical,low
0.9,5,251,4,0,1,0,technical,low
0.35,3,135,3,0,1,0,technical,low
0.56,2,123,3,0,1,0,technical,low
1.0,8,283,3,0,1,0,technical,low
0.85,6,293,4,0,1,0,technical,low
0.84,4,202,3,0,1,0,technical,low
0.7,3,170,4,0,1,0,support,low
0.82,3,297,7,0,1,0,support,low
0.56,2,158,3,0,1,0,support,low
0.39,2,149,2,0,1,0,support,low
0.77,6,184,3,0,1,0,support,low
0.6,2,159,2,0,1,0,support,low
0.66,3,82,3,0,1,0,support,low
0.58,1,126,2,0,1,0,support,low
0.87,8,244,4,0,1,0,support,low
0.53,2,76,4,0,1,0,support,low
1.0,9,237,4,0,1,0,support,low
0.86,5,305,3,0,1,0,technical,low
0.44,2,113,2,0,1,0,technical,low
0.98,4,163,5,0,1,0,technical,low
1.0,4,253,4,0,1,0,management,medium
0.76,8,283,4,0,1,0,IT,medium
0.7,5,261,7,0,1,0,IT,medium
0.74,1,108,2,0,1,0,IT,medium
1.0,7,269,6,0,1,0,IT,medium
0.77,7,176,4,0,1,0,IT,medium
0.41,1,141,3,0,1,0,product_mng,medium
1.0,5,270,6,0,1,0,product_mng,medium
0.89,5,233,3,1,1,0,product_mng,medium
0.31,1,85,3,0,1,0,product_mng,medium
1.0,1,294,1,0,1,0,IT,medium
0.79,3,242,4,0,1,0,product_mng,medium
0.44,3,110,3,0,1,0,product_mng,high
0.82,8,270,2,0,1,0,product_mng,low
0.73,5,305,4,0,1,0,product_mng,medium
0.86,8,250,4,0,1,0,product_mng,medium
0.86,6,318,4,0,1,0,product_mng,medium
0.52,3,149,3,0,1,0,marketing,medium
0.71,2,160,2,0,1,0,sales,low
0.39,2,151,3,0,1,0,accounting,low
0.47,2,130,4,0,1,0,support,low
0.39,1,175,3,0,1,0,technical,low
0.56,5,124,3,0,1,1,management,low
0.86,5,192,7,0,1,0,marketing,low
0.82,6,288,6,0,1,0,marketing,low
0.83,7,333,4,0,1,0,marketing,low
0.73,4,249,1,0,1,0,sales,low
0.65,1,195,2,0,1,0,sales,low
0.86,2,121,4,0,1,0,sales,low
0.81,7,285,6,0,1,0,sales,low
0.41,2,122,2,0,1,0,sales,low
1.0,3,219,5,0,1,0,sales,low
0.31,1,126,3,0,1,0,sales,low
0.51,2,93,2,0,1,0,sales,low
0.75,8,175,6,0,1,0,sales,low
0.37,3,135,4,0,1,0,sales,low
0.74,7,266,4,0,1,0,sales,low
0.74,6,301,4,0,1,0,sales,low
0.97,6,264,5,0,1,0,sales,low
1.0,4,201,7,0,1,0,sales,medium
0.45,3,190,3,0,1,0,sales,medium
0.48,2,100,4,0,1,0,sales,medium
0.43,3,144,3,0,1,0,sales,medium
1.0,7,300,2,0,1,0,sales,medium
0.5,2,133,2,0,1,0,sales,medium
0.56,7,170,4,0,1,0,accounting,medium
1.0,4,317,6,0,1,0,accounting,medium
0.57,3,176,2,0,1,0,accounting,medium
1.0,2,206,5,0,1,0,hr,medium
0.36,1,152,5,0,1,0,hr,medium
0.41,2,166,4,0,1,0,hr,medium
1.0,7,202,4,0,1,0,hr,high
0.49,3,145,2,0,1,0,technical,low
0.62,3,291,5,0,1,0,technical,medium
0.98,5,185,4,0,1,0,technical,medium
0.5,1,125,2,0,1,0,technical,medium
0.37,5,274,1,0,1,0,technical,medium
1.0,7,224,5,0,1,0,technical,low
0.48,2,133,2,0,1,0,technical,low
0.5,2,145,3,0,1,0,technical,low
0.59,4,169,4,1,1,0,technical,low
0.31,1,121,4,0,1,0,technical,low
0.87,5,187,4,0,1,0,technical,low
0.73,6,314,3,1,1,0,support,low
0.62,2,150,3,0,1,0,support,low
0.9,7,270,3,0,1,0,support,low
0.43,3,136,4,0,1,0,support,low
0.78,4,195,5,0,1,0,support,low
0.96,6,281,6,0,1,0,support,low
0.63,3,162,3,0,1,0,support,low
0.97,6,295,4,0,1,0,support,low
0.63,1,122,2,0,1,0,support,low
1.0,4,269,5,0,1,0,support,low
0.36,1,99,4,0,1,0,support,low
0.47,1,125,4,0,1,0,technical,low
0.76,8,115,5,0,1,0,technical,low
0.62,7,219,5,1,1,0,technical,low
0.61,1,141,3,0,1,0,management,low
0.92,2,242,4,0,1,0,IT,low
1.0,4,258,4,0,1,0,IT,low
1.0,5,239,5,0,1,0,IT,low
0.6,2,181,4,0,1,0,IT,low
0.87,7,287,3,0,1,0,IT,low
0.4,2,113,4,0,1,0,product_mng,low
1.0,5,329,3,0,1,0,product_mng,low
0.47,1,143,2,0,1,0,product_mng,low
0.96,4,260,6,0,1,0,product_mng,low
0.79,7,312,3,0,1,0,IT,low
0.77,5,267,6,1,1,0,marketing,low
0.56,2,166,4,0,1,0,marketing,low
0.94,7,324,3,0,1,0,marketing,low
0.47,3,181,4,0,1,0,marketing,low
0.35,1,134,2,0,1,0,marketing,low
0.37,2,152,3,0,1,0,marketing,low
0.62,3,140,4,0,1,0,sales,low
0.73,5,329,5,0,1,0,accounting,low
0.96,6,261,5,0,1,0,support,low
1.0,5,293,4,0,1,0,technical,low
0.37,2,182,2,0,1,0,management,low
0.36,1,170,3,0,1,0,marketing,low
0.86,7,365,5,0,1,0,marketing,low
1.0,4,215,8,0,1,0,marketing,low
0.75,2,143,3,0,1,0,sales,low
0.98,4,232,6,0,1,0,sales,low
1.0,6,351,6,0,1,0,sales,low
0.77,7,296,4,0,1,0,sales,low
0.78,3,173,4,0,1,0,sales,low
0.57,5,168,4,0,1,0,sales,low
0.6,3,132,5,0,1,0,sales,low
0.56,2,160,3,0,1,0,sales,low
0.96,4,277,5,0,1,0,sales,low
0.66,4,204,4,0,1,1,sales,low
0.84,7,272,3,0,1,0,sales,low
1.0,7,266,4,0,1,0,sales,low
0.56,2,307,4,0,1,0,sales,low
0.64,4,124,1,0,1,0,sales,low
0.41,1,157,3,0,1,0,sales,low
0.51,1,177,2,0,1,0,sales,medium
0.43,3,142,2,0,1,0,sales,medium
0.72,7,288,4,0,1,0,sales,medium
0.61,2,111,3,0,1,0,sales,medium
0.77,6,303,4,0,1,0,accounting,medium
1.0,6,251,4,0,1,0,accounting,medium
0.84,6,253,5,0,1,0,accounting,medium
0.48,3,181,4,0,1,0,hr,medium
0.63,2,155,3,0,1,0,hr,medium
0.72,6,260,3,0,1,0,hr,medium
0.49,1,231,3,0,1,0,hr,medium
0.58,1,133,3,0,1,0,technical,medium
0.5,1,183,2,0,1,0,technical,high
0.64,8,352,4,0,1,0,technical,low
0.97,4,257,7,1,1,0,technical,medium
1.0,4,241,5,0,1,0,technical,medium
0.74,4,199,5,0,1,0,technical,medium
1.0,3,346,5,0,1,0,technical,medium
0.84,5,334,5,0,1,0,technical,low
0.39,6,229,4,0,1,0,technical,low
0.81,6,341,4,0,1,0,technical,low
1.0,7,287,5,0,1,0,technical,low
0.98,4,216,6,0,1,0,support,low
0.75,4,239,3,0,1,0,support,low
0.4,1,141,2,0,1,0,support,low
0.94,7,247,4,0,1,0,support,low
0.88,7,239,5,0,1,0,support,low
0.8,4,258,6,0,1,0,support,low
0.29,1,271,3,0,1,0,support,low
1.0,5,245,6,0,1,0,support,low
0.99,4,262,5,0,1,0,support,low
0.35,2,94,1,0,1,0,support,low
0.54,3,106,2,0,1,0,support,low
0.35,2,207,5,0,1,0,technical,low
0.47,3,335,3,0,1,0,technical,low
0.96,5,279,2,0,1,0,technical,low
0.41,3,150,3,0,1,0,management,low
0.77,1,195,5,0,1,0,IT,low
0.46,2,66,3,0,1,0,IT,low
0.38,2,177,3,0,1,0,IT,low
0.89,7,281,3,0,1,0,IT,low
0.66,1,107,3,0,1,0,IT,low
0.67,6,262,3,0,1,0,product_mng,low
0.75,5,280,3,0,1,0,product_mng,low
0.67,4,132,2,0,1,0,product_mng,low
0.54,1,144,5,0,1,0,product_mng,low
0.92,5,307,6,0,1,0,IT,low
0.82,1,133,4,0,1,0,accounting,low
1.0,3,238,4,0,1,0,accounting,low
0.38,3,128,3,0,1,0,hr,low
0.51,3,136,2,0,1,0,hr,low
0.81,5,243,4,0,1,0,hr,low
1.0,6,261,6,0,1,0,marketing,low
0.54,3,133,3,0,1,0,marketing,low
1.0,4,268,6,0,1,0,sales,low
0.98,5,265,3,0,1,0,accounting,low
0.51,2,101,3,0,1,0,support,low
0.46,4,272,4,0,1,0,technical,low
0.84,4,252,4,0,1,0,management,low
0.43,2,154,3,0,1,0,marketing,low
0.47,1,116,1,0,1,0,marketing,low
0.67,3,141,1,0,1,0,marketing,low
0.95,8,255,6,0,1,0,sales,low
0.89,8,354,4,0,1,0,sales,low
0.45,2,158,3,0,1,0,sales,low
0.63,3,203,4,0,1,0,sales,low
0.42,2,177,2,0,1,0,sales,low
0.6,6,229,5,0,1,0,sales,low
0.52,3,145,4,0,1,0,sales,low
0.6,2,209,2,0,1,0,sales,low
0.54,1,154,2,0,1,0,sales,low
0.83,3,224,4,0,1,0,sales,low
0.7,7,324,5,0,1,0,sales,low
0.93,5,298,5,0,1,0,sales,low
0.94,6,253,7,0,1,0,sales,low
0.57,5,182,4,0,1,0,sales,low
1.0,5,165,5,0,1,0,sales,low
0.81,2,260,5,0,1,0,sales,low
0.66,2,143,3,0,1,0,sales,medium
0.81,5,231,5,1,1,0,sales,medium
0.32,3,149,4,0,1,0,sales,medium
0.86,6,217,4,1,1,0,accounting,medium
0.95,5,293,2,0,1,0,accounting,medium
0.42,2,144,2,0,1,0,accounting,medium
0.79,6,279,5,0,1,0,hr,medium
0.54,2,137,3,0,1,0,hr,medium
0.68,7,305,3,0,1,0,hr,medium
0.56,2,120,3,0,1,0,hr,medium
1.0,2,313,4,0,1,0,technical,medium
0.82,6,323,4,0,1,0,technical,medium
0.45,2,181,2,0,1,0,technical,high
0.65,2,165,5,0,1,0,technical,low
0.76,7,129,7,0,1,0,technical,medium
0.38,1,108,4,0,1,0,technical,medium
0.7,6,312,4,0,1,0,technical,medium
0.97,4,308,6,0,1,0,technical,medium
1.0,5,261,4,0,1,0,technical,low
0.82,6,288,4,0,1,0,technical,low
0.95,6,209,4,0,1,0,technical,low
1.0,6,278,4,1,1,0,support,low
0.77,4,258,5,0,1,0,support,low
0.55,6,305,4,0,1,0,support,low
0.86,5,241,4,1,1,0,support,low
0.97,7,263,3,0,1,0,support,low
0.47,3,303,3,0,1,0,support,low
1.0,4,304,7,0,1,0,support,low
1.0,5,317,3,1,1,0,support,low
0.21,2,143,3,0,1,0,support,low
0.48,1,83,2,0,1,0,support,low
1.0,8,221,3,0,1,0,support,low
0.86,5,300,4,0,1,1,technical,low
0.99,6,191,6,0,1,0,technical,low
0.62,4,119,1,0,1,0,technical,low
0.46,2,120,5,0,1,0,management,low
0.94,5,304,4,0,1,0,IT,low
0.58,1,150,3,0,1,0,IT,low
0.97,6,333,3,1,1,0,IT,low
0.89,7,271,4,0,1,0,IT,medium
0.53,2,61,5,0,1,0,IT,medium
0.48,2,142,5,0,1,0,product_mng,medium
0.52,3,104,1,0,1,0,product_mng,medium
0.34,3,196,2,0,1,0,product_mng,medium
0.75,5,185,8,0,1,0,product_mng,medium
0.52,2,136,3,0,1,0,IT,medium
0.89,2,269,4,0,1,0,RandD,medium
0.71,7,216,6,0,1,0,RandD,medium
0.53,2,131,4,0,1,0,RandD,medium
0.92,5,254,2,0,1,0,RandD,medium
0.58,1,141,3,0,1,0,RandD,medium
0.4,2,167,5,0,1,0,marketing,high
0.97,5,295,4,0,1,0,sales,low
0.59,1,158,2,0,1,0,accounting,medium
1.0,6,324,3,0,1,0,support,medium
0.95,5,247,4,0,1,0,technical,medium
0.99,6,324,5,0,1,0,management,medium
0.68,1,102,6,0,1,0,marketing,low
0.64,2,108,3,0,1,0,marketing,low
0.97,4,272,5,0,1,0,marketing,low
0.86,4,259,4,0,1,0,sales,low
0.54,3,153,1,0,1,0,sales,low
0.62,2,120,2,0,1,0,sales,low
0.87,6,333,4,0,1,0,sales,low
0.42,2,115,3,0,1,0,sales,low
0.54,1,128,3,1,1,0,sales,low
0.95,5,200,5,0,1,0,sales,low
0.58,3,205,3,0,1,0,sales,low
0.88,6,238,4,0,1,0,sales,low
0.27,2,142,2,0,1,0,sales,low
0.55,2,156,1,0,1,0,sales,low
0.41,4,127,4,0,1,0,sales,low
0.81,5,222,5,0,1,0,sales,low
0.7,4,259,4,0,1,0,sales,low
0.52,1,151,4,0,1,0,sales,low
0.73,3,149,3,0,1,0,sales,low
0.85,9,268,5,0,1,0,sales,low
1.0,6,265,3,0,1,0,sales,low
0.66,2,200,5,0,1,0,sales,medium
0.62,6,248,4,0,1,0,accounting,medium
0.53,1,150,3,0,1,0,accounting,medium
0.87,3,283,5,0,1,0,accounting,medium
0.58,3,106,4,0,1,0,hr,medium
0.44,1,163,3,0,1,0,hr,medium
0.81,7,199,1,0,1,0,hr,medium
0.91,6,330,5,0,1,0,hr,medium
0.67,2,143,3,0,1,0,technical,medium
1.0,6,182,4,0,1,0,technical,medium
0.5,3,167,2,0,1,0,technical,medium
0.36,2,124,3,0,1,0,technical,medium
0.66,6,273,6,0,1,0,technical,high
1.0,5,275,6,0,1,0,technical,low
0.69,6,248,4,0,1,0,technical,medium
0.8,6,246,3,0,1,0,technical,medium
0.62,1,188,2,0,1,0,technical,medium
0.61,4,232,6,0,1,0,technical,medium
1.0,4,269,7,0,1,0,technical,low
0.88,4,211,5,0,1,0,support,low
0.43,3,111,4,0,1,0,support,low
0.85,6,229,4,0,1,0,support,low
0.48,1,157,3,0,1,0,support,low
0.6,2,164,6,0,1,0,support,low
0.46,2,151,3,0,1,0,support,low
0.39,5,120,5,0,1,0,support,low
0.88,7,330,3,0,1,0,support,low
0.71,8,317,4,0,1,0,support,low
0.92,5,304,6,0,1,0,support,low
0.4,2,130,3,0,1,0,support,low
0.9,6,186,5,0,1,0,technical,low
0.52,3,177,4,1,1,0,technical,low
0.84,3,247,4,0,1,0,technical,low
0.86,7,264,4,0,1,0,management,low
0.64,3,111,2,0,1,0,IT,low
0.72,6,231,5,0,1,0,IT,low
0.81,7,245,3,0,1,0,IT,low
0.1,2,144,2,0,1,0,IT,low
0.54,4,95,1,0,1,0,IT,low
0.44,2,168,3,0,1,0,product_mng,medium
0.45,2,213,3,0,1,0,product_mng,medium
0.88,5,233,6,0,1,0,product_mng,medium
1.0,6,206,4,0,1,0,product_mng,medium
0.65,4,292,2,0,1,0,IT,medium
0.45,2,169,4,0,1,0,accounting,medium
0.58,4,254,2,0,1,0,accounting,medium
0.77,3,287,5,0,1,0,hr,medium
0.37,1,185,1,0,1,0,hr,medium
0.61,1,82,3,0,1,0,hr,medium
0.49,3,101,3,0,1,0,marketing,medium
0.28,2,173,4,0,1,0,sales,medium
0.26,1,140,4,0,1,0,accounting,high
0.92,5,309,5,0,1,0,support,low
1.0,6,265,4,0,1,0,technical,medium
0.78,4,281,4,0,1,0,management,medium
0.55,1,134,3,0,1,0,marketing,medium
0.73,1,163,3,1,1,0,marketing,medium
1.0,3,224,6,0,1,0,marketing,low
0.59,3,168,3,0,1,0,sales,low
1.0,4,299,6,0,1,0,sales,low
0.67,6,291,4,0,1,0,sales,low
0.81,3,200,2,0,1,0,sales,low
0.39,2,103,2,0,1,0,sales,low
0.46,1,142,1,0,1,0,sales,low
0.76,5,323,7,0,1,0,sales,low
1.0,4,232,7,0,1,0,sales,low
1.0,5,252,5,0,1,0,sales,low
1.0,7,274,6,0,1,0,sales,low
1.0,4,278,6,0,1,0,sales,low
1.0,4,315,6,0,1,0,sales,low
0.81,4,210,4,0,1,0,sales,low
1.0,6,255,4,0,1,0,sales,low
0.43,3,208,5,0,1,0,sales,low
1.0,5,216,5,0,1,0,sales,low
1.0,5,251,3,0,1,0,sales,low
0.99,4,286,6,0,1,0,sales,low
1.0,3,251,4,0,1,0,sales,low
0.72,6,219,7,0,1,0,accounting,low
0.97,3,278,8,0,1,0,accounting,medium
0.43,3,156,3,0,1,0,accounting,medium
0.32,2,155,4,0,1,0,hr,medium
1.0,5,213,5,0,1,0,hr,medium
0.43,2,122,3,0,1,0,hr,medium
1.0,5,221,8,0,1,0,hr,medium
0.81,7,236,4,0,1,0,technical,medium
0.71,4,221,3,0,1,0,technical,medium
0.77,3,276,5,0,1,0,technical,medium
0.82,5,288,6,0,1,0,technical,medium
0.92,7,224,4,0,1,0,technical,medium
0.94,4,235,5,0,1,0,technical,medium
0.53,2,144,3,0,1,0,technical,high
0.45,1,80,3,0,1,0,technical,low
0.59,1,137,2,0,1,0,technical,medium
0.89,5,277,4,0,1,0,technical,medium
0.52,4,229,4,0,1,0,technical,medium
0.38,3,190,3,0,1,0,support,medium
0.77,3,85,4,1,1,0,support,low
0.68,5,191,6,0,1,0,support,low
0.33,1,156,4,0,1,0,support,low
0.45,2,125,3,0,1,0,support,low
0.85,4,267,7,0,1,0,support,low
1.0,8,306,5,0,1,0,support,low
0.59,1,156,3,0,1,0,support,low
0.74,6,308,4,0,1,0,support,low
0.82,1,165,2,0,1,0,support,low
0.9,5,220,6,0,1,0,support,low
0.67,4,100,1,0,1,0,technical,low
0.34,2,210,1,0,1,0,technical,low
0.49,2,183,5,0,1,0,technical,low
0.83,5,243,3,0,1,0,management,low
0.59,5,239,5,0,1,0,IT,low
0.79,3,183,4,0,1,0,IT,low
0.97,6,277,6,0,1,0,IT,low
0.35,2,83,5,0,1,0,IT,low
0.89,6,307,4,0,1,0,IT,low
0.5,1,116,3,0,1,0,product_mng,low
0.99,5,248,5,0,1,0,product_mng,low
1.0,4,273,4,0,1,0,product_mng,medium
0.95,5,190,5,0,1,0,product_mng,medium
0.76,6,255,3,0,1,0,IT,medium
0.64,2,175,4,0,1,0,RandD,medium
1.0,6,237,5,1,1,0,RandD,medium
0.54,1,142,2,0,1,0,RandD,medium
1.0,6,238,4,0,1,0,RandD,medium
0.95,3,286,5,0,1,0,RandD,medium
0.37,2,113,3,0,1,0,marketing,medium
0.53,1,50,2,0,1,0,sales,medium
0.41,3,149,3,0,1,0,accounting,medium
0.56,2,82,4,0,1,0,support,medium
0.43,3,288,6,0,1,0,technical,high
0.8,5,272,7,0,1,0,management,low
1.0,7,224,5,0,1,0,marketing,medium
0.49,2,176,2,0,1,0,marketing,medium
0.38,2,73,2,0,1,0,marketing,medium
1.0,7,285,5,0,1,0,sales,medium
0.79,4,261,7,0,1,0,sales,low
0.44,2,168,3,0,1,0,sales,low
0.92,8,243,4,0,1,0,sales,low
0.64,2,132,3,0,1,0,sales,low
1.0,5,320,5,0,1,0,sales,low
0.47,2,181,1,0,1,0,sales,low
1.0,5,219,5,0,1,0,sales,low
0.51,2,181,5,0,1,0,sales,low
0.8,6,297,4,0,1,0,sales,low
0.93,6,292,4,0,1,0,sales,low
0.76,3,245,5,0,1,0,sales,low
0.99,7,237,6,0,1,0,sales,low
0.51,4,204,4,0,1,0,sales,low
0.66,6,307,5,0,1,0,sales,low
0.99,3,251,4,0,1,0,sales,low
0.61,3,152,5,1,1,0,sales,low
0.28,4,142,4,0,1,0,sales,low
0.98,5,152,2,0,1,0,sales,low
0.4,3,154,2,0,1,0,accounting,low
1.0,5,164,4,0,1,0,accounting,low
0.66,8,281,5,0,1,0,accounting,low
0.84,4,209,2,0,1,0,hr,medium
0.6,4,294,7,0,1,0,hr,medium
0.52,2,184,3,0,1,0,hr,medium
0.92,6,258,4,0,1,0,hr,medium
0.76,6,333,3,0,1,0,technical,medium
1.0,5,150,3,0,1,0,technical,medium
1.0,3,279,8,0,1,0,technical,medium
0.98,7,247,4,0,1,0,technical,medium
0.59,6,276,6,0,1,0,technical,medium
0.48,2,125,4,0,1,0,technical,medium
0.8,2,221,5,0,1,0,technical,medium
0.77,4,274,5,0,1,0,technical,medium
0.76,3,135,6,0,1,0,technical,high
1.0,7,262,6,0,1,0,technical,low
0.44,1,187,3,0,1,0,technical,medium
0.49,5,214,7,0,1,0,support,medium
0.94,5,289,6,0,1,0,support,medium
0.95,5,252,5,0,1,0,support,medium
0.51,2,193,2,0,1,0,support,low
0.61,2,175,4,0,1,0,support,low
0.67,1,113,2,0,1,0,support,low
0.6,2,112,3,0,1,0,support,low
0.9,2,164,5,0,1,0,support,low
0.74,5,237,4,0,1,0,support,low
0.85,6,217,5,0,1,0,support,low
1.0,5,249,4,0,1,0,support,low
1.0,5,209,4,1,1,0,technical,low
0.93,6,233,5,0,1,0,technical,low
0.9,7,334,4,0,1,0,technical,low
0.59,2,73,3,0,1,0,management,low
0.22,2,102,2,0,1,0,IT,low
0.91,4,302,3,0,1,0,IT,low
0.99,4,210,4,0,1,0,IT,low
1.0,6,247,5,0,1,0,IT,low
0.83,3,215,6,0,1,0,IT,low
0.79,6,237,5,0,1,0,product_mng,low
0.61,3,141,1,0,1,0,product_mng,low
0.35,3,119,5,1,1,0,product_mng,low
0.75,8,306,4,0,1,0,product_mng,low
0.7,6,314,7,0,1,0,IT,medium
0.64,2,101,3,0,1,0,accounting,medium
0.71,2,140,5,0,1,0,accounting,medium
0.6,3,86,2,1,1,0,hr,medium
0.92,6,287,2,0,1,0,hr,medium
0.57,2,179,3,0,1,0,hr,medium
0.86,5,230,7,1,1,0,marketing,medium
0.64,2,193,4,0,1,0,sales,medium
0.56,7,279,4,0,1,0,accounting,medium
0.46,2,149,5,1,1,0,support,medium
0.87,5,241,5,1,1,0,technical,medium
1.0,7,243,4,0,1,0,management,medium
0.52,3,131,3,0,1,0,marketing,high
0.87,3,254,4,0,1,0,marketing,low
0.73,4,233,5,0,1,0,marketing,medium
1.0,6,241,6,0,1,0,sales,medium
0.57,2,179,4,0,1,0,sales,medium
1.0,5,166,5,0,1,0,sales,medium
0.37,3,216,3,0,1,0,sales,low
0.41,2,129,2,0,1,0,sales,low
0.85,4,267,6,0,1,0,sales,low
0.39,3,184,2,0,1,0,sales,low
1.0,6,319,3,0,1,0,sales,low
0.73,5,273,1,0,1,0,sales,low
0.79,6,292,4,0,1,0,sales,low
1.0,6,251,5,0,1,0,sales,low
0.58,2,182,2,0,1,0,sales,low
0.92,8,237,3,0,1,0,sales,low
0.72,3,156,2,1,1,0,sales,low
0.29,3,177,4,0,1,0,sales,low
0.45,4,176,2,0,1,0,sales,low
0.75,7,321,2,0,1,0,sales,low
0.96,6,286,3,0,1,0,sales,low
0.63,3,120,2,0,1,0,sales,low
0.47,2,149,3,0,1,0,accounting,low
0.89,7,280,4,0,1,0,accounting,low
0.48,1,112,2,0,1,0,accounting,low
0.73,4,355,4,0,1,0,hr,low
0.67,6,345,5,0,1,0,hr,low
0.96,6,291,5,0,1,0,hr,medium
0.45,2,162,4,0,1,0,hr,medium
0.59,4,240,4,0,1,0,technical,medium
0.46,1,102,3,0,1,0,technical,medium
0.99,2,274,6,0,1,0,technical,medium
1.0,4,287,6,0,1,0,technical,medium
0.54,2,124,2,0,1,0,technical,medium
0.6,2,97,3,0,1,0,technical,medium
0.52,2,88,2,0,1,0,technical,medium
0.73,1,195,2,0,1,0,technical,medium
0.68,4,232,7,0,1,0,technical,medium
0.96,3,237,5,0,1,0,technical,medium
0.58,1,136,2,0,1,0,technical,high
0.49,2,145,4,0,1,0,support,low
0.88,5,224,6,0,1,0,support,medium
0.69,6,241,4,0,1,0,support,medium
0.64,2,166,5,0,1,0,support,medium
0.58,3,121,4,0,1,1,support,medium
0.63,2,149,2,0,1,0,support,low
0.57,2,122,4,0,1,0,support,low
0.62,2,211,2,0,1,0,support,low
0.86,6,255,5,0,1,0,support,low
0.52,2,167,2,0,1,0,support,low
0.64,3,154,2,0,1,0,support,low
0.42,1,298,4,0,1,0,technical,low
0.8,6,263,4,0,1,0,technical,low
0.6,2,110,2,0,1,0,technical,low
0.69,7,288,3,0,1,0,management,low
0.88,3,275,3,0,1,0,IT,low
0.76,5,253,5,0,1,0,IT,low
0.81,6,259,6,0,1,0,IT,low
0.41,1,111,3,0,1,0,IT,low
0.83,7,385,4,0,1,0,IT,low
1.0,4,238,8,0,1,0,product_mng,low
0.85,3,181,5,0,1,0,product_mng,low
0.73,7,275,5,0,1,0,product_mng,low
1.0,5,212,5,0,1,0,product_mng,low
0.91,6,278,4,0,1,0,IT,low
0.7,5,256,5,0,1,0,RandD,low
0.47,1,156,3,0,1,0,RandD,medium
0.91,7,237,4,0,1,0,RandD,medium
0.53,2,190,3,0,1,0,RandD,medium
0.67,8,275,4,0,1,0,RandD,medium
1.0,6,225,4,0,1,0,marketing,medium
0.63,1,161,1,0,1,0,sales,medium
0.53,3,113,4,1,1,0,accounting,medium
1.0,5,239,6,0,1,0,support,medium
0.95,6,264,4,0,1,0,technical,medium
0.93,5,274,5,0,1,0,management,medium
0.68,3,145,2,0,1,0,marketing,medium
1.0,5,250,7,0,1,0,marketing,medium
0.47,2,153,3,0,1,0,marketing,high
0.59,2,170,1,0,1,0,sales,low
0.67,2,293,3,0,1,0,sales,medium
0.92,6,211,5,0,1,0,sales,medium
0.61,1,223,6,0,1,0,sales,medium
0.35,1,178,5,0,1,0,sales,medium
0.49,3,113,4,0,1,0,sales,low
1.0,3,280,6,0,1,0,sales,low
0.44,3,174,4,0,1,0,sales,low
0.5,3,99,2,1,1,0,sales,low
0.95,6,230,6,0,1,0,sales,low
0.54,2,172,6,0,1,0,sales,low
0.93,7,281,2,0,1,0,sales,low
0.84,3,127,2,0,1,0,sales,low
0.95,4,289,5,0,1,0,sales,low
0.58,2,193,4,0,1,0,sales,low
0.81,5,201,5,0,1,0,sales,low
0.65,1,189,4,0,1,0,sales,low
0.57,2,78,3,0,1,0,sales,low
0.67,2,94,4,0,1,0,sales,low
0.84,3,211,5,0,1,0,accounting,low
0.26,3,141,3,0,1,0,accounting,low
0.32,3,118,3,0,1,0,accounting,low
1.0,5,209,6,0,1,0,hr,low
0.9,5,210,6,0,1,0,hr,low
0.52,2,140,4,0,1,0,hr,low
0.63,3,217,4,0,1,0,hr,low
0.52,3,165,2,0,1,0,technical,medium
0.82,5,250,4,0,1,0,technical,medium
0.4,1,143,3,0,1,0,technical,medium
0.54,2,126,4,0,1,0,technical,medium
0.43,2,195,3,0,1,0,technical,medium
0.41,4,117,3,0,1,0,technical,medium
0.84,6,224,3,0,1,0,technical,medium
0.74,7,256,5,0,1,0,technical,medium
0.62,3,124,4,0,1,0,technical,medium
0.87,7,325,5,0,1,0,technical,medium
1.0,4,263,5,0,1,0,technical,medium
1.0,3,293,6,0,1,0,support,medium
0.65,1,156,3,0,1,0,support,high
0.59,3,115,4,0,1,0,support,low
0.95,5,214,7,0,1,0,support,medium
0.6,2,54,2,0,1,0,support,medium
0.47,1,125,3,0,1,0,support,medium
0.91,6,254,4,0,1,0,management,low
0.97,7,218,3,0,1,0,marketing,low
0.45,1,221,4,0,1,0,marketing,low
1.0,7,293,2,0,1,0,marketing,low
1.0,6,168,6,0,1,0,sales,low
0.5,3,149,4,0,1,0,sales,low
0.43,2,205,1,0,1,0,sales,low
0.53,3,221,3,1,1,0,sales,low
0.68,3,131,3,0,1,0,sales,low
0.64,2,164,4,0,1,0,sales,low
0.88,7,312,3,0,1,0,sales,low
0.93,5,269,6,0,1,0,sales,low
0.68,2,175,4,0,1,0,sales,low
0.45,1,164,3,0,1,0,sales,low
0.4,2,109,4,0,1,0,sales,low
0.65,2,196,3,0,1,0,sales,low
0.45,1,99,4,0,1,0,sales,low
0.45,2,125,6,0,1,0,sales,medium
0.65,6,249,6,1,1,0,sales,medium
0.99,8,314,5,0,1,0,sales,medium
0.71,4,277,4,0,1,0,sales,medium
0.38,4,126,5,0,1,0,sales,medium
0.64,2,139,4,0,1,0,sales,medium
1.0,6,261,6,0,1,0,accounting,medium
0.84,7,269,6,0,1,0,accounting,medium
0.88,8,241,4,0,1,0,accounting,medium
0.71,6,223,6,0,1,0,hr,medium
0.43,2,186,3,0,1,0,hr,medium
0.96,5,112,4,0,1,0,hr,medium
0.4,2,104,2,0,1,0,hr,high
0.45,3,147,3,0,1,0,technical,low
0.38,2,130,4,0,1,0,technical,medium
0.91,5,277,4,0,1,0,technical,medium
0.99,4,217,4,0,1,0,technical,medium
1.0,4,279,4,0,1,0,technical,medium
1.0,7,291,6,0,1,0,technical,low
0.83,7,250,4,0,1,0,technical,low
0.8,5,164,2,0,1,0,technical,low
0.61,4,181,5,0,1,0,technical,low
1.0,6,335,4,0,1,0,technical,low
0.49,2,165,3,0,1,0,technical,low
0.61,2,143,2,0,1,0,support,low
0.39,3,96,4,0,1,0,support,low
0.99,7,285,5,0,1,0,support,low
0.7,2,133,3,0,1,0,support,low
0.88,7,185,4,0,1,0,support,low
0.42,1,184,3,0,1,0,support,low
0.89,5,269,5,0,1,0,support,low
0.59,6,330,4,0,1,0,support,low
0.86,5,241,4,0,1,0,support,low
0.6,2,81,3,0,1,0,support,low
0.81,6,231,5,0,1,0,support,low
0.92,6,297,3,0,1,0,technical,low
0.93,7,212,5,0,1,0,technical,low
0.56,2,82,3,0,1,0,technical,low
0.32,4,166,4,0,1,0,management,low
0.84,8,290,6,0,1,0,IT,medium
1.0,5,290,4,0,1,0,IT,medium
0.72,5,241,4,0,1,0,IT,medium
0.48,2,121,3,0,1,0,IT,medium
1.0,7,262,6,0,1,0,IT,medium
0.66,1,142,3,0,1,0,product_mng,medium
0.43,2,127,3,0,1,0,product_mng,medium
1.0,5,178,6,0,1,0,product_mng,medium
0.55,2,164,2,0,1,0,product_mng,medium
0.83,4,315,4,0,1,0,IT,medium
0.86,4,256,4,0,1,0,RandD,medium
0.75,6,350,4,1,1,0,RandD,medium
0.5,2,144,3,0,1,0,RandD,high
0.41,6,144,6,0,1,0,RandD,low
0.77,3,262,6,0,1,0,RandD,medium
0.85,6,271,7,0,1,0,marketing,medium
0.96,4,261,8,1,1,0,sales,medium
0.85,4,322,5,0,1,0,accounting,medium
0.94,4,279,7,0,1,0,support,low
0.66,2,145,4,0,1,0,technical,low
0.55,3,147,4,1,1,0,management,low
0.9,1,255,6,0,1,0,marketing,low
0.54,3,137,2,0,1,0,marketing,low
0.6,2,137,5,0,1,0,marketing,low
0.36,3,117,5,0,1,0,sales,low
0.59,1,144,4,0,1,0,sales,low
0.97,6,270,6,0,1,0,sales,low
0.48,1,163,3,0,1,0,sales,low
0.88,6,208,5,0,1,0,sales,low
0.44,2,113,4,0,1,0,sales,low
1.0,1,185,5,0,1,0,sales,low
0.94,5,236,5,0,1,0,sales,low
0.95,7,218,2,0,1,0,sales,low
0.69,2,138,3,0,1,0,sales,low
0.95,7,284,6,0,1,0,sales,low
0.98,6,306,4,0,1,0,sales,low
0.44,2,56,3,0,1,0,sales,low
0.81,5,249,5,0,1,0,sales,low
0.83,2,174,2,0,1,0,sales,low
0.51,1,117,4,0,1,0,sales,medium
0.54,3,169,3,0,1,0,sales,medium
0.98,5,196,5,0,1,0,sales,medium
0.42,3,153,3,0,1,0,sales,medium
1.0,6,396,3,0,1,0,accounting,medium
0.49,3,66,5,0,1,0,accounting,medium
0.67,3,135,3,0,1,0,accounting,medium
0.75,5,338,6,0,1,0,hr,medium
0.35,1,180,3,0,1,0,hr,medium
0.89,5,203,7,0,1,0,hr,medium
0.34,1,122,4,0,1,0,hr,medium
0.99,5,276,5,0,1,0,technical,medium
0.75,5,215,5,0,1,0,technical,high
0.89,4,158,2,0,1,0,technical,low
0.32,2,87,5,0,1,0,technical,medium
1.0,4,248,4,0,1,0,technical,medium
0.36,2,115,6,0,1,0,technical,medium
0.99,5,252,5,0,1,0,technical,medium
0.99,4,222,8,0,1,0,technical,low
0.82,5,200,5,0,1,0,technical,low
0.65,2,109,4,0,1,0,technical,low
0.53,3,192,2,1,1,0,technical,low
1.0,6,217,5,1,1,0,support,low
0.92,6,257,4,0,1,0,support,low
0.51,4,150,3,0,1,0,support,low
0.86,7,293,6,0,1,0,support,low
0.53,1,151,3,0,1,0,support,low
0.37,1,188,2,0,1,0,support,low
0.68,2,133,2,0,1,0,support,low
1.0,7,255,5,0,1,0,support,low
0.41,2,159,2,0,1,0,support,low
